sample_index,image_path,source_group,part,part_index,valid,method,candidate_index,score,area,mask_sha256
0,hyena/cropped_images/head/02e5fbda-3d57-4b0a-be41-2b151ac1ff30/train2022_000000000022_head.jpg,train2022_000000000022,head,0,True,center,0,0.9765625,0.573066333992945,44e7b1e4ba554d4c8d9ecdf9247e7d890d3ebd4cee631928da5fc9f3fad9a4e3
1,hyena/cropped_images/head/02e5fbda-3d57-4b0a-be41-2b151ac1ff30/train2022_000000000165_head.jpg,train2022_000000000165,head,0,False,box_center,0,0.828125,0.84376615442455,
2,hyena/cropped_images/head/02e5fbda-3d57-4b0a-be41-2b151ac1ff30/train2022_000000000433_head.jpg,train2022_000000000433,head,0,False,center,2,0.84765625,0.4614088416044406,
3,hyena/cropped_images/head/02e5fbda-3d57-4b0a-be41-2b151ac1ff30/train2022_000000000560_head.jpg,train2022_000000000560,head,0,True,center,2,0.91796875,0.44316258757164956,ff05c7c735b9f18b126e2dc799766ea2304439d4fa749848e9a55931209999f7
4,hyena/cropped_images/head/02e5fbda-3d57-4b0a-be41-2b151ac1ff30/train2022_000000000851_head.jpg,train2022_000000000851,head,0,True,center,0,0.890625,0.4974044911052785,c5b0e7fb7e85ae3745ea3d7789bd7be4fdbfa5950a1e0e4af89a78b03aae61f0
5,hyena/cropped_images/head/02e5fbda-3d57-4b0a-be41-2b151ac1ff30/train2022_000000000919_head.jpg,train2022_000000000919,head,0,True,center,0,0.9765625,0.5159242588856123,b4175067a7c38b4360cf73bdaaa49d1b1625860b250e8026dfed86f8f32b8ead
6,hyena/cropped_images/head/02e5fbda-3d57-4b0a-be41-2b151ac1ff30/train2022_000000001067_head.jpg,train2022_000000001067,head,0,True,center,0,0.984375,0.6163121563943583,740b5451c2d55da0ad5b0f16f23a5afd97591023f5025551eb15a02ee729a36b
7,hyena/cropped_images/head/02e5fbda-3d57-4b0a-be41-2b151ac1ff30/train2022_000000001276_head.jpg,train2022_000000001276,head,0,False,box_center,0,0.75,0.8812409812409813,
8,hyena/cropped_images/head/02e5fbda-3d57-4b0a-be41-2b151ac1ff30/train2022_000000001294_head.jpg,train2022_000000001294,head,0,False,box_center,2,0.71875,0.49083855429033096,
9,hyena/cropped_images/head/02e5fbda-3d57-4b0a-be41-2b151ac1ff30/train2022_000000001587_head.jpg,train2022_000000001587,head,0,False,box_center,0,0.7890625,0.8936435481673253,
10,hyena/cropped_images/head/02e5fbda-3d57-4b0a-be41-2b151ac1ff30/train2022_000000001639_head.jpg,train2022_000000001639,head,0,True,center,2,0.92578125,0.5234397958394555,8ad02ffac22f9c9aa48ac7378fa326a0e7212b7dcde934d5f21cceb306841b6d
11,hyena/cropped_images/head/02e5fbda-3d57-4b0a-be41-2b151ac1ff30/train2022_000000001747_head.jpg,train2022_000000001747,head,0,True,box_center,2,0.9453125,0.5914946742104285,5d23725f6c7be9f23950738fe9f69ba752ef0e3772e0d9985c1f3c14cefeefbf
12,hyena/cropped_images/head/02e5fbda-3d57-4b0a-be41-2b151ac1ff30/train2022_000000001816_head.jpg,train2022_000000001816,head,0,True,center,0,0.92578125,0.5185164114371386,e0e086da2e38ffbccc01a57dc48c3a5d8d2d30a69d1b9b457e140de99cb1e35e
13,hyena/cropped_images/head/02e5fbda-3d57-4b0a-be41-2b151ac1ff30/train2022_000000001823_head.jpg,train2022_000000001823,head,0,True,center,0,0.953125,0.4309671088369811,4e8efc8d4c1d8aa9ed69d16facb78ae589b6ff6e90a0bde20b42683eafde0622
14,hyena/cropped_images/head/02e5fbda-3d57-4b0a-be41-2b151ac1ff30/train2022_000000001833_head.jpg,train2022_000000001833,head,0,False,box_center,2,0.79296875,0.5652295729643796,
15,hyena/cropped_images/head/02e5fbda-3d57-4b0a-be41-2b151ac1ff30/train2022_000000001960_head.jpg,train2022_000000001960,head,0,True,center,0,0.97265625,0.5974929750614683,c520694b3d8403dbc46a704ed4a1033f3002582d29f1c70a2a2dc10733bc5d97
16,hyena/cropped_images/head/02e5fbda-3d57-4b0a-be41-2b151ac1ff30/train2022_000000001984_head.jpg,train2022_000000001984,head,0,False,box_center,2,0.80859375,0.6010474816533902,
17,hyena/cropped_images/head/02e5fbda-3d57-4b0a-be41-2b151ac1ff30/train2022_000000002024_head.jpg,train2022_000000002024,head,0,True,center,0,0.85546875,0.6357272673975494,638038dd6a4763c4231c2489bdc2a0a77ce378da617c02b9464f3f964a361cfb
18,hyena/cropped_images/head/02e5fbda-3d57-4b0a-be41-2b151ac1ff30/train2022_000000002036_head.jpg,train2022_000000002036,head,0,True,center,0,0.97265625,0.6220668058455114,7fb83e58044e72de90baecdbda7aef843eaec58ed438b8843e13b5a4d76ff4d0
19,hyena/cropped_images/head/02e5fbda-3d57-4b0a-be41-2b151ac1ff30/train2022_000000002101_head.jpg,train2022_000000002101,head,0,True,center,2,0.89453125,0.3861275262747709,596df23e6333f365057e37cc1976f9d53dce4277b640e89f3110ea0cf1710dda
20,hyena/cropped_images/head/02e5fbda-3d57-4b0a-be41-2b151ac1ff30/train2022_000000002113_head.jpg,train2022_000000002113,head,0,True,center,0,0.9765625,0.5509229349330872,e21f5c1ba33d49bc06e3c550201e5af9d65238baa904e2a4aea5da6bea9f1001
21,hyena/cropped_images/head/02e5fbda-3d57-4b0a-be41-2b151ac1ff30/train2022_000000002131_head.jpg,train2022_000000002131,head,0,True,center,0,0.96484375,0.5824302453550851,25a6b0b8b5e45349fed98fdbb8f0e63017ec8639480dcb247ac341eb6f10d59c
22,hyena/cropped_images/head/02e5fbda-3d57-4b0a-be41-2b151ac1ff30/train2022_000000002214_head.jpg,train2022_000000002214,head,0,True,center,0,0.96875,0.6291951237423808,b42975cdd5241d2f186dfe56e6c4d06d65c6900fd7dadb27ef05e9ee82b0d106
23,hyena/cropped_images/head/02e5fbda-3d57-4b0a-be41-2b151ac1ff30/train2022_000000002287_head.jpg,train2022_000000002287,head,0,False,box_center,2,0.6953125,0.4825706351122917,
24,hyena/cropped_images/head/02e5fbda-3d57-4b0a-be41-2b151ac1ff30/train2022_000000002393_head.jpg,train2022_000000002393,head,0,False,box_center,2,0.80859375,0.7228067014952261,
25,hyena/cropped_images/head/02e5fbda-3d57-4b0a-be41-2b151ac1ff30/train2022_000000002702_head.jpg,train2022_000000002702,head,0,False,center,2,0.84375,0.30180748213535097,
26,hyena/cropped_images/head/02e5fbda-3d57-4b0a-be41-2b151ac1ff30/train2022_000000002703_head.jpg,train2022_000000002703,head,0,False,center,2,0.796875,0.777791915850193,
27,hyena/cropped_images/head/02e5fbda-3d57-4b0a-be41-2b151ac1ff30/train2022_000000002869_head.jpg,train2022_000000002869,head,0,True,center,0,0.9765625,0.5698271747594765,99898606c0ac1e3a385a3a3f9e96fe6c2952ba55cf3423b6e4cd1767216c1797
28,hyena/cropped_images/head/02e5fbda-3d57-4b0a-be41-2b151ac1ff30/train2022_000000002906_head.jpg,train2022_000000002906,head,0,True,center,2,0.9375,0.5254627271183563,9447c83af8942ec7d890cf74f8c1bab73dab1e851034df20c77745db84b90b48
29,hyena/cropped_images/head/02e5fbda-3d57-4b0a-be41-2b151ac1ff30/train2022_000000002985_head.jpg,train2022_000000002985,head,0,True,center,2,0.890625,0.4255295950155763,e17dd8e857420bd9f3d99f626766b968f64f22324397260df10cea2b56c179be
30,hyena/cropped_images/head/02e5fbda-3d57-4b0a-be41-2b151ac1ff30/train2022_000000003099_head.jpg,train2022_000000003099,head,0,True,center,0,0.921875,0.5837628012347478,4c8458934a72ae65de38efb9d5b03b9d4367b123c80554673dfc8cdbf83261dd
31,hyena/cropped_images/head/02f49469-a41a-4829-b9b5-33b9f6f24a88/train2022_000000001278_head.jpg,train2022_000000001278,head,0,False,box_center,0,0.75,0.8847472472472473,
32,hyena/cropped_images/head/02f49469-a41a-4829-b9b5-33b9f6f24a88/train2022_000000001670_head.jpg,train2022_000000001670,head,0,True,center,2,0.98046875,0.46314436885865456,5267f69e430c40da7fd92a40607131b0ec69852d4deabb2bb4d801351132bbc1
33,hyena/cropped_images/head/02f49469-a41a-4829-b9b5-33b9f6f24a88/train2022_000000002480_head.jpg,train2022_000000002480,head,0,True,box_center,2,0.94140625,0.6049094812612829,25f1e186de4ca2e40ee7c3e6992de8a8902fc8e0b2ef42af645e0b5d727b029f
34,hyena/cropped_images/head/02f49469-a41a-4829-b9b5-33b9f6f24a88/train2022_000000003003_head.jpg,train2022_000000003003,head,0,True,center,2,0.890625,0.4141412648197972,27c48b52e7a3680db2b7d10650349d5d297f71827d5bca9471a2844e1773a404
35,hyena/cropped_images/head/0469ca59-fa1d-4e41-9885-f797f7b6670b/train2022_000000000200_head.jpg,train2022_000000000200,head,0,True,box_center,2,0.96875,0.6880635624538064,b91c7cd136c787053ac732558195e43bc72ecf7fdb308808a77be9f9ec9e2000
36,hyena/cropped_images/head/0469ca59-fa1d-4e41-9885-f797f7b6670b/train2022_000000000214_head.jpg,train2022_000000000214,head,0,True,center,2,0.9765625,0.5758541924431332,2c7ef4ce7dc9a37a01b56b62a9993316efb9f521f8e9d0537553ba8fd0c69950
37,hyena/cropped_images/head/0469ca59-fa1d-4e41-9885-f797f7b6670b/train2022_000000001447_head.jpg,train2022_000000001447,head,0,True,center,0,0.96875,0.6133506774509299,b141db550a5cda1afaf6ebd453309463b18e855bb9c7a0daab475a84eb839c81
38,hyena/cropped_images/head/0469ca59-fa1d-4e41-9885-f797f7b6670b/train2022_000000001801_head.jpg,train2022_000000001801,head,0,True,box_center,2,0.95703125,0.5549957034606672,eaae509b5e093affc2e0a3874f3dc958ffc6f797cfd318a1f7f99e7308399932
39,hyena/cropped_images/head/0469ca59-fa1d-4e41-9885-f797f7b6670b/train2022_000000002880_head.jpg,train2022_000000002880,head,0,True,box_center,0,0.9453125,0.7039961111669851,30dd5aecdd9671f08ed2a645247fc286b6fa2259050b540a6494f6e39f3d3f16
40,hyena/cropped_images/head/0469ca59-fa1d-4e41-9885-f797f7b6670b/train2022_000000002994_head.jpg,train2022_000000002994,head,0,False,box_center,2,0.76953125,0.5738424402018872,
41,hyena/cropped_images/head/06569257-d4a3-45a1-af58-688cb9a7bf5a/train2022_000000000176_head.jpg,train2022_000000000176,head,0,True,box_center,2,0.94140625,0.7824091050122698,66d29e578cf5497ff74e9a73b749ea5187ac169b798d80ef65ae16ca27b51940
42,hyena/cropped_images/head/06569257-d4a3-45a1-af58-688cb9a7bf5a/train2022_000000000687_head.jpg,train2022_000000000687,head,0,False,box_center,0,0.7890625,0.8805531615600265,
43,hyena/cropped_images/head/06569257-d4a3-45a1-af58-688cb9a7bf5a/train2022_000000000827_head.jpg,train2022_000000000827,head,0,True,box_center,0,0.8515625,0.8780111311704821,3c718da177471745c653226c024f9adf5522d92f04f1e454a206c82b725e5cdf
44,hyena/cropped_images/head/06569257-d4a3-45a1-af58-688cb9a7bf5a/train2022_000000000878_head.jpg,train2022_000000000878,head,0,False,box_center,0,0.84375,0.8789216963038382,
45,hyena/cropped_images/head/06569257-d4a3-45a1-af58-688cb9a7bf5a/train2022_000000002145_head.jpg,train2022_000000002145,head,0,False,box_center,2,0.84765625,0.8107215390452385,
46,hyena/cropped_images/head/06569257-d4a3-45a1-af58-688cb9a7bf5a/train2022_000000002240_head.jpg,train2022_000000002240,head,0,True,box_center,2,0.953125,0.6325052451152255,6d14887e105b2b95a78d92391c56a2ced54aba5a289573a09591b00ae515ea51
47,hyena/cropped_images/head/06fed4b8-bd2d-4410-a9b5-84f030997d01/train2022_000000000583_head.jpg,train2022_000000000583,head,0,True,box_center,0,0.90234375,0.7048337438423645,ab93d9d2a951428a01dd8b189cb5c373894e20573c9609d46ebf0448ccaf3df7
48,hyena/cropped_images/head/06fed4b8-bd2d-4410-a9b5-84f030997d01/train2022_000000001046_head.jpg,train2022_000000001046,head,0,True,center,2,0.92578125,0.6676557863501483,f4fa782ea7a2d0d1a2b7cda1878e713000ade2ad299c0820084e680dc5193de7
49,hyena/cropped_images/head/06fed4b8-bd2d-4410-a9b5-84f030997d01/train2022_000000002469_head.jpg,train2022_000000002469,head,0,True,center,2,0.984375,0.6974244398932539,8f20b45ef5f3137ce806d522fe82e3c6ae881ae2e65c05a42119b506e1bb381c
50,hyena/cropped_images/head/08626c7e-f14d-4a22-8b38-f8474c0196de/train2022_000000000031_head.jpg,train2022_000000000031,head,0,True,box_center,0,0.8828125,0.7562819584348323,eb6d6c1b76b736396b56263b76c89ea0488d35222bc3a2bc6c53a0228dcf7ab6
51,hyena/cropped_images/head/08626c7e-f14d-4a22-8b38-f8474c0196de/train2022_000000000036_head.jpg,train2022_000000000036,head,0,True,box_center,2,0.953125,0.6026584075364563,7a8292796f6de2be72d8afc6bd9751f374015fbad79f10f75b0f87ea0adaec59
52,hyena/cropped_images/head/08626c7e-f14d-4a22-8b38-f8474c0196de/train2022_000000000039_head.jpg,train2022_000000000039,head,0,True,center,0,0.984375,0.7079306536231312,168320446191711470f4b2399e756ea467baf5e7d01e84b6f19344c3b0035bdf
53,hyena/cropped_images/head/08626c7e-f14d-4a22-8b38-f8474c0196de/train2022_000000001244_head.jpg,train2022_000000001244,head,0,True,center,0,0.94140625,0.5968854331400457,3b631f32686a385d4bd100c266a9c03589488f91914b31dceb702f28e5656495
54,hyena/cropped_images/head/08626c7e-f14d-4a22-8b38-f8474c0196de/train2022_000000001333_head.jpg,train2022_000000001333,head,0,True,box_center,2,0.89453125,0.6125827262573558,341f52bbe9156c44e887359e77facb3b8a0ecf077c509d3414d54e38883dbc93
55,hyena/cropped_images/head/08626c7e-f14d-4a22-8b38-f8474c0196de/train2022_000000001396_head.jpg,train2022_000000001396,head,0,True,center,0,0.85546875,0.6085093412701259,ea9fc1b2a5b31a2654bd8132b6d43782736acf55e490c9735ce8370085a9c36c
56,hyena/cropped_images/head/08626c7e-f14d-4a22-8b38-f8474c0196de/train2022_000000001408_head.jpg,train2022_000000001408,head,0,True,box_center,2,0.875,0.5131995506535948,133475dc024536b5075ee5ec8aa933ce28b01e1ea99b0aa4f75642150736e28e
57,hyena/cropped_images/head/08626c7e-f14d-4a22-8b38-f8474c0196de/train2022_000000001627_head.jpg,train2022_000000001627,head,0,False,box_center,2,0.67578125,0.4090566037735849,
58,hyena/cropped_images/head/08626c7e-f14d-4a22-8b38-f8474c0196de/train2022_000000001685_head.jpg,train2022_000000001685,head,0,True,box_center,2,0.88671875,0.5979045263585852,3fbe3cac48dbbc5ca4dc08d5611e1d5bb358741bad1ee1d02d72df071ecf4396
59,hyena/cropped_images/head/08626c7e-f14d-4a22-8b38-f8474c0196de/train2022_000000001790_head.jpg,train2022_000000001790,head,0,True,center,0,0.85546875,0.8734785393978219,1518d3de3eeef5906d8afe4b44eab3b1c9d01aef27b86e32e73ce04be583b79f
60,hyena/cropped_images/head/08626c7e-f14d-4a22-8b38-f8474c0196de/train2022_000000002307_head.jpg,train2022_000000002307,head,0,False,box_center,0,0.828125,0.7598906788027643,
61,hyena/cropped_images/head/08626c7e-f14d-4a22-8b38-f8474c0196de/train2022_000000002638_head.jpg,train2022_000000002638,head,0,False,box_center,2,0.73046875,0.5405534636303867,
62,hyena/cropped_images/head/08626c7e-f14d-4a22-8b38-f8474c0196de/train2022_000000003055_head.jpg,train2022_000000003055,head,0,True,box_center,2,0.9609375,0.737508254457407,da7303ae02d826085495d09ef8df3924f13cbaff0e9e5d7013701f20ac49f955
63,hyena/cropped_images/head/08626c7e-f14d-4a22-8b38-f8474c0196de/train2022_000000003100_head.jpg,train2022_000000003100,head,0,False,box_center,2,0.80859375,0.6323969508752117,
64,hyena/cropped_images/head/08626c7e-f14d-4a22-8b38-f8474c0196de/train2022_000000003104_head.jpg,train2022_000000003104,head,0,True,center,0,0.97265625,0.6548928472396446,86e773051cc4915adcb22d46aea9b02a9ad335b3f038d9b05d956cad5fe7514d
65,hyena/cropped_images/head/0965523b-f66a-4413-99b4-c7483c3cfd27/train2022_000000000379_head.jpg,train2022_000000000379,head,0,True,center,2,0.96875,0.6807365704564459,75e050c00bbbf1a15a1f9cf1c37f34e5a29e81718d1a38191929b083358e5aa0
66,hyena/cropped_images/head/0965523b-f66a-4413-99b4-c7483c3cfd27/train2022_000000000678_head.jpg,train2022_000000000678,head,0,True,box_center,2,0.9296875,0.5614288291538878,7c94a399ce3ae4a076fdd6cbaa3c52e37dcebfe1969c74209f399ce33b477b40
67,hyena/cropped_images/head/0965523b-f66a-4413-99b4-c7483c3cfd27/train2022_000000001943_head.jpg,train2022_000000001943,head,0,True,center,0,0.97265625,0.759546485260771,3b7a8904d164b9f63dd4d7157b228d117488d8e457a15975fdc576596f13ed73
68,hyena/cropped_images/head/0965523b-f66a-4413-99b4-c7483c3cfd27/train2022_000000002140_head.jpg,train2022_000000002140,head,0,True,center,2,0.94140625,0.41086329779588937,4c6bd8f791bf948a06b61e098b66b76c83e3b6bc90108460bf9bf1f51df6d43b
69,hyena/cropped_images/head/0a5cd6a9-b021-4725-acca-6d5b257d2e67/train2022_000000000791_head.jpg,train2022_000000000791,head,0,True,box_center,2,0.9140625,0.614542879824919,37264c86ee71df53356af60f0a5e87ab287aaa6f119cbcdd50f180dcf97b6876
70,hyena/cropped_images/head/0a5cd6a9-b021-4725-acca-6d5b257d2e67/train2022_000000001121_head.jpg,train2022_000000001121,head,0,False,box_center,2,0.72265625,0.6263638843426077,
71,hyena/cropped_images/head/0a5cd6a9-b021-4725-acca-6d5b257d2e67/train2022_000000001151_head.jpg,train2022_000000001151,head,0,False,box_center,2,0.734375,0.6631446039340776,
72,hyena/cropped_images/head/0a5cd6a9-b021-4725-acca-6d5b257d2e67/train2022_000000001181_head.jpg,train2022_000000001181,head,0,False,center,0,0.83203125,0.5202023121387284,
73,hyena/cropped_images/head/0a5cd6a9-b021-4725-acca-6d5b257d2e67/train2022_000000002688_head.jpg,train2022_000000002688,head,0,False,box_center,2,0.7890625,0.6846846846846847,
74,hyena/cropped_images/head/0a5cd6a9-b021-4725-acca-6d5b257d2e67/train2022_000000002968_head.jpg,train2022_000000002968,head,0,False,box_center,2,0.7734375,0.71536,
75,hyena/cropped_images/head/0b85b8c4-5ea9-46bd-8ba2-86ee385b1eb3/train2022_000000000117_head.jpg,train2022_000000000117,head,0,True,center,0,0.97265625,0.6900635883751344,1646b9637450c7b83d490b7c76ea740f69052c7c8fda34e868e4934cfe463cbc
76,hyena/cropped_images/head/0b85b8c4-5ea9-46bd-8ba2-86ee385b1eb3/train2022_000000000416_head.jpg,train2022_000000000416,head,0,True,center,2,0.9609375,0.5183553535922518,3afdb30e9a62ac1d000eded51aece3ea1298dc2d19fb72c59578d5c0be1e779a
77,hyena/cropped_images/head/0b85b8c4-5ea9-46bd-8ba2-86ee385b1eb3/train2022_000000000765_head.jpg,train2022_000000000765,head,0,True,center,2,0.97265625,0.5566792723576628,6160abf56a3e6877b89f08941871dbd5ea6fb990f06bcf3cbc0acafe800cb2bc
78,hyena/cropped_images/head/0d234988-cf58-4e62-b45b-4f23b54b1f2a/train2022_000000000591_head.jpg,train2022_000000000591,head,0,True,box_center,2,0.9375,0.48879502000889286,efefd63f873b1f80a12a9c296982c0680c32fe89ecac0845347cbcb069ad4263
79,hyena/cropped_images/head/0d234988-cf58-4e62-b45b-4f23b54b1f2a/train2022_000000001261_head.jpg,train2022_000000001261,head,0,True,center,0,0.96875,0.5076736963744042,1c3b3d66c3ca9bef90088fc11fb0442c971dd4b45b0d23e224982f129a5cfe1c
80,hyena/cropped_images/head/0d234988-cf58-4e62-b45b-4f23b54b1f2a/train2022_000000001637_head.jpg,train2022_000000001637,head,0,True,center,2,0.97265625,0.45245437443028647,4a6447ab357289e852c2805f245001e26db0e4ad7e35b3a08d42028bec4db252
81,hyena/cropped_images/head/0d234988-cf58-4e62-b45b-4f23b54b1f2a/train2022_000000002380_head.jpg,train2022_000000002380,head,0,False,center,0,0.828125,0.7197370025608715,
82,hyena/cropped_images/head/0d234988-cf58-4e62-b45b-4f23b54b1f2a/train2022_000000002412_head.jpg,train2022_000000002412,head,0,True,center,2,0.89453125,0.4252152408866093,831601a16a104c21113764776276a8372ed7134276d2a20d2e0e9fd7dbe43e79
83,hyena/cropped_images/head/0d234988-cf58-4e62-b45b-4f23b54b1f2a/train2022_000000002429_head.jpg,train2022_000000002429,head,0,True,center,0,0.96484375,0.4997107198942061,658a6adf450f7e9973a85157018bdfde6d86d9ef76a83df391588568da586db8
84,hyena/cropped_images/head/0d234988-cf58-4e62-b45b-4f23b54b1f2a/train2022_000000003103_head.jpg,train2022_000000003103,head,0,False,box_center,2,0.7265625,0.557970731707317,
85,hyena/cropped_images/head/0de12031-f35f-41d5-aced-5ea6ba6e1236/train2022_000000000090_head.jpg,train2022_000000000090,head,0,True,box_center,2,0.875,0.5392159070437759,e423680ad9531c516f56ebb8051067d0b4b752b19bf2186c541e89cabf692635
86,hyena/cropped_images/head/0de12031-f35f-41d5-aced-5ea6ba6e1236/train2022_000000000602_head.jpg,train2022_000000000602,head,0,True,center,0,0.96875,0.5377872744539411,be44df91ef6d988d42147ddbc275ddc1f677ca58474713c4cdbc476aa96b7fc2
87,hyena/cropped_images/head/0de12031-f35f-41d5-aced-5ea6ba6e1236/train2022_000000000874_head.jpg,train2022_000000000874,head,0,True,center,0,0.9609375,0.5574882677004693,a5e663094cece0f776db4c9c082a63334fa45774a924c8ad5712e4cf4e882632
88,hyena/cropped_images/head/0de12031-f35f-41d5-aced-5ea6ba6e1236/train2022_000000000943_head.jpg,train2022_000000000943,head,0,True,center,0,0.9609375,0.5568700265251989,5117a518ccb884cec191e666d25f6cb1aab95d2e51ed69998d40735890eefd4e
89,hyena/cropped_images/head/0de12031-f35f-41d5-aced-5ea6ba6e1236/train2022_000000002585_head.jpg,train2022_000000002585,head,0,True,center,0,0.88671875,0.5768535262206148,09082b3df5d254eadc0033b01c815e2d487f51c00819277caa7de170544a91bf
90,hyena/cropped_images/head/0e0b6c85-b5d2-479d-93b1-ee4fbea7f463/train2022_000000000473_head.jpg,train2022_000000000473,head,0,False,box_center,2,0.71484375,0.6623946309810184,
91,hyena/cropped_images/head/0e0b6c85-b5d2-479d-93b1-ee4fbea7f463/train2022_000000000643_head.jpg,train2022_000000000643,head,0,True,center,2,0.8515625,0.4133962264150943,fed48609350402c9542e7f9561abb1a8b5f8d589c511c28ab6902d3ebe806f4c
92,hyena/cropped_images/head/0e0b6c85-b5d2-479d-93b1-ee4fbea7f463/train2022_000000001267_head.jpg,train2022_000000001267,head,0,False,box_center,2,0.75390625,0.4977185868274977,
93,hyena/cropped_images/head/0e0b6c85-b5d2-479d-93b1-ee4fbea7f463/train2022_000000002283_head.jpg,train2022_000000002283,head,0,False,box_center,0,0.84765625,0.7304642459144169,
94,hyena/cropped_images/head/0eac9e8c-6604-4224-8017-7552aea6cf42/train2022_000000000511_head.jpg,train2022_000000000511,head,0,False,box_center,0,0.8203125,0.794613953488372,
95,hyena/cropped_images/head/0eac9e8c-6604-4224-8017-7552aea6cf42/train2022_000000002515_head.jpg,train2022_000000002515,head,0,True,center,2,0.98828125,0.5028521025861451,105f6081acdcf4250c71e9c68ba38e06610343a656ac76e4f9b290aa7c08e16a
96,hyena/cropped_images/head/0eac9e8c-6604-4224-8017-7552aea6cf42/train2022_000000002710_head.jpg,train2022_000000002710,head,0,True,center,0,0.9609375,0.46731244211176287,b48653c74acbc7b3f26775cb5b3c6794a83492f72b18a1dfddad1f953abfbcd4
97,hyena/cropped_images/head/0fe176d4-93fd-4d08-b0fa-a5c571579188/train2022_000000001442_head.jpg,train2022_000000001442,head,0,True,center,0,0.98046875,0.6306907635791131,d9c2dd454ccdc982ee415be9c4380917756e7567520e2db415da63c61ecbaec5
98,hyena/cropped_images/head/0fe176d4-93fd-4d08-b0fa-a5c571579188/train2022_000000002643_head.jpg,train2022_000000002643,head,0,True,center,0,0.91015625,0.5180338541666667,63350999657c0e549d4cff43f01c992764da4fd2c2d49a91aaa85c9ac6cdf9bf
99,hyena/cropped_images/head/10d0c599-86ff-4965-a23b-4cd1c951768c/train2022_000000000458_head.jpg,train2022_000000000458,head,0,True,box_center,0,0.8828125,0.6261879755104132,76b70f8f7498684a157f6a0dd141f3880c39912fec5ba8ab7366b45e9336b954
100,hyena/cropped_images/head/10d0c599-86ff-4965-a23b-4cd1c951768c/train2022_000000000704_head.jpg,train2022_000000000704,head,0,True,center,2,0.9296875,0.36602396561796063,4fe0e3cf2909c129f068af51b799e370c04ff3b21c0ab09e49f486b0642af07f
101,hyena/cropped_images/head/10d0c599-86ff-4965-a23b-4cd1c951768c/train2022_000000000977_head.jpg,train2022_000000000977,head,0,True,box_center,2,0.90625,0.5871885965487256,80e5614a04e39678b82fe19ffed59b9ee7b035376311190be86c0ef46b44d673
102,hyena/cropped_images/head/10d0c599-86ff-4965-a23b-4cd1c951768c/train2022_000000001088_head.jpg,train2022_000000001088,head,0,False,box_center,2,0.796875,0.3588125,
103,hyena/cropped_images/head/10d0c599-86ff-4965-a23b-4cd1c951768c/train2022_000000001286_head.jpg,train2022_000000001286,head,0,True,box_center,0,0.91015625,0.6572200906871294,511a74c5467c5bf4f47e5ba80f88cc4e97918eae0a1c89b73a9817e28bb7bd97
104,hyena/cropped_images/head/10d0c599-86ff-4965-a23b-4cd1c951768c/train2022_000000001322_head.jpg,train2022_000000001322,head,0,True,box_center,0,0.95703125,0.6754707090861438,2154043f8cc459c50630a28400bd4805ae04d6665278ab4bcd22bf9225c1162f
105,hyena/cropped_images/head/10d0c599-86ff-4965-a23b-4cd1c951768c/train2022_000000001509_head.jpg,train2022_000000001509,head,0,True,box_center,2,0.87109375,0.4419251092547246,bc4836000dc6002c2a48e715abb387e536ba9d565e7054e0bda6c4ec6b55e67b
106,hyena/cropped_images/head/10d0c599-86ff-4965-a23b-4cd1c951768c/train2022_000000001512_head.jpg,train2022_000000001512,head,0,True,center,2,0.9296875,0.3640737511705254,5f8b8e3d3fcf395ed9824a09688f6b5e1f5892d23c2d78cd4aa309ff031f731a
107,hyena/cropped_images/head/10d0c599-86ff-4965-a23b-4cd1c951768c/train2022_000000001555_head.jpg,train2022_000000001555,head,0,False,box_center,0,0.734375,0.5422660098522167,
108,hyena/cropped_images/head/10d0c599-86ff-4965-a23b-4cd1c951768c/train2022_000000001804_head.jpg,train2022_000000001804,head,0,True,center,2,0.89453125,0.22048963043817246,59bcf4e4f5cf277c34fd4e6088e17d32ad1efe968500fd19ea2221a458dcc0e7
109,hyena/cropped_images/head/10d0c599-86ff-4965-a23b-4cd1c951768c/train2022_000000001967_head.jpg,train2022_000000001967,head,0,True,box_center,0,0.8515625,0.7166984195453946,90a28d50752d524b3faf380cb88844afb5a01174ea576623dfdf65d06a0da6a2
110,hyena/cropped_images/head/10d0c599-86ff-4965-a23b-4cd1c951768c/train2022_000000002167_head.jpg,train2022_000000002167,head,0,True,box_center,0,0.94921875,0.627286816664499,df79e6fab10efa1f9cf20e04ae2d3d1d7c6c3cf8c2daf4ed7d5c0b7c0416d0d7
111,hyena/cropped_images/head/10d0c599-86ff-4965-a23b-4cd1c951768c/train2022_000000002266_head.jpg,train2022_000000002266,head,0,True,box_center,2,0.93359375,0.5992125351129971,0cdeb888e08abf5a07084e5ce4ff8c5bd6899326cde2ddcd0329922b335a1a6d
112,hyena/cropped_images/head/10d0c599-86ff-4965-a23b-4cd1c951768c/train2022_000000002276_head.jpg,train2022_000000002276,head,0,True,box_center,0,0.94140625,0.75672143909695,26c27cc65b2edb3e0c793c67cd04e7294128900f9badc810e984e96e072b6274
113,hyena/cropped_images/head/10d0c599-86ff-4965-a23b-4cd1c951768c/train2022_000000002451_head.jpg,train2022_000000002451,head,0,True,center,2,0.890625,0.3624259627909263,93134320f7073a1718b864cdd9e61f62fde577814351326e4975a39fe11ed636
114,hyena/cropped_images/head/10d0c599-86ff-4965-a23b-4cd1c951768c/train2022_000000002896_head.jpg,train2022_000000002896,head,0,False,box_center,0,0.8125,0.6033044016575703,
115,hyena/cropped_images/head/10d0c599-86ff-4965-a23b-4cd1c951768c/train2022_000000002977_head.jpg,train2022_000000002977,head,0,True,box_center,2,0.92578125,0.4245901639344262,d58b9697abe14eb19bc7c8237b63af7837aff40add09e0b5c30da7f8235010bd
116,hyena/cropped_images/head/10d0c599-86ff-4965-a23b-4cd1c951768c/train2022_000000003010_head.jpg,train2022_000000003010,head,0,True,box_center,0,0.85546875,0.7341552116376686,b7af71793b35f28fb2ee53729cc863a87b1be8be55a31113bd9115f0e0e939a2
117,hyena/cropped_images/head/11ae9785-7d82-4bd6-8ce9-e94ed362c23f/train2022_000000000222_head.jpg,train2022_000000000222,head,0,True,center,2,0.87109375,0.5390671801454857,95564b0d00507aa4ec88cec7c9172ac052f6bd558e8220d523f2687c19084f6e
118,hyena/cropped_images/head/11ae9785-7d82-4bd6-8ce9-e94ed362c23f/train2022_000000000627_head.jpg,train2022_000000000627,head,0,True,box_center,2,0.90234375,0.5547235576923077,b317394f9df35ef0b7e93c3a873053f459807e79d2e53525e89ff93b035600d5
119,hyena/cropped_images/head/11ae9785-7d82-4bd6-8ce9-e94ed362c23f/train2022_000000001193_head.jpg,train2022_000000001193,head,0,True,box_center,2,0.89453125,0.5753321223777469,72699f69530470455fb66a95dcad7f14effa452518bd417d6fa0a9857bc91835
120,hyena/cropped_images/head/11ae9785-7d82-4bd6-8ce9-e94ed362c23f/train2022_000000002035_head.jpg,train2022_000000002035,head,0,True,center,2,0.921875,0.5419349033319621,0124229038afe81765d754f2e364e40d313e61b4eabfd18a24e016def99e8898
121,hyena/cropped_images/head/11ae9785-7d82-4bd6-8ce9-e94ed362c23f/train2022_000000002952_head.jpg,train2022_000000002952,head,0,True,center,2,0.984375,0.6145872850761794,2629dee53526ecafbd95588f0c451e105d2acb3a9e92b0d1b04377812f4e3040
122,hyena/cropped_images/head/1220f464-0f56-455a-891b-98e895b73bae/train2022_000000000453_head.jpg,train2022_000000000453,head,0,True,box_center,0,0.94921875,0.8423365392446488,41d78ba7dd323c070d4e3f47350ae259d22ceb0776a69ada45adcda00eaf7dbc
123,hyena/cropped_images/head/1220f464-0f56-455a-891b-98e895b73bae/train2022_000000000762_head.jpg,train2022_000000000762,head,0,True,box_center,2,0.9296875,0.6295333930801911,737a848e0de05d226f3ab670eae7034c89b8280461a81444c5c2be94588ae1f0
124,hyena/cropped_images/head/1220f464-0f56-455a-891b-98e895b73bae/train2022_000000002459_head.jpg,train2022_000000002459,head,0,False,box_center,2,0.671875,0.5944584382871536,
125,hyena/cropped_images/head/1220f464-0f56-455a-891b-98e895b73bae/train2022_000000002493_head.jpg,train2022_000000002493,head,0,True,box_center,2,0.921875,0.5629296485661472,108ab178ad0711198024e31f2a2a6ed0571a0e3d18ab1ce926283a5e53ce4999
126,hyena/cropped_images/head/126523de-9fe0-4630-8fb3-256a723adb4a/train2022_000000000113_head.jpg,train2022_000000000113,head,0,True,box_center,0,0.95703125,0.7042364965532149,bbf8c8b94c34741bc204d9f7394544239213a96158a9f0b53de98f121c8c9c2f
127,hyena/cropped_images/head/126523de-9fe0-4630-8fb3-256a723adb4a/train2022_000000000618_head.jpg,train2022_000000000618,head,0,True,center,2,0.9453125,0.35443027634599206,fe015b57035f178409c05e5844e1d68a235da54f195ec3e45706101692c7adbd
128,hyena/cropped_images/head/126523de-9fe0-4630-8fb3-256a723adb4a/train2022_000000000640_head.jpg,train2022_000000000640,head,0,True,box_center,2,0.890625,0.5586710152748774,6d259272a6361e8778059791686536dac771c9d195b608d430fc73112de1cf2d
129,hyena/cropped_images/head/126523de-9fe0-4630-8fb3-256a723adb4a/train2022_000000001313_head.jpg,train2022_000000001313,head,0,False,center,2,0.70703125,0.38422536396532864,
130,hyena/cropped_images/head/126523de-9fe0-4630-8fb3-256a723adb4a/train2022_000000001572_head.jpg,train2022_000000001572,head,0,True,center,0,0.91796875,0.5447388910387013,898ad352632b65d55dbd4723cb0f26dfbc947169a5e471a77250445bd71c0043
131,hyena/cropped_images/head/126523de-9fe0-4630-8fb3-256a723adb4a/train2022_000000002924_head.jpg,train2022_000000002924,head,0,True,center,2,0.9609375,0.636662703131193,f368647ed68dc92483245f92cad50b23d00d3e7dd8cf6f586a8eb27bc494760f
132,hyena/cropped_images/head/12a16fc6-0581-4276-9dc4-ffe7d8c13617/train2022_000000000077_head.jpg,train2022_000000000077,head,0,True,center,2,0.97265625,0.5716775826656919,3deb47991096b7fd2d4cbd2623a3e6acefc8d3336e12abb5c2cf1a2d9d4c73ba
133,hyena/cropped_images/head/12a16fc6-0581-4276-9dc4-ffe7d8c13617/train2022_000000000227_head.jpg,train2022_000000000227,head,0,True,box_center,2,0.91796875,0.7548315487072342,cecbb7873c045a8327799c153188f1b803f00fa3244110a643db1f6c69b26e7e
134,hyena/cropped_images/head/12a16fc6-0581-4276-9dc4-ffe7d8c13617/train2022_000000000340_head.jpg,train2022_000000000340,head,0,True,box_center,2,0.94140625,0.5802265336704112,4977e8d8feda4fd4f2cecbae8f55db0c30f297aeb59be014f6d689a6665796c5
135,hyena/cropped_images/head/12a16fc6-0581-4276-9dc4-ffe7d8c13617/train2022_000000001037_head.jpg,train2022_000000001037,head,0,True,box_center,2,0.89453125,0.8050056102497959,3b04eb41d949e71ff8b9ff39912189d457956171efc3c041ee5af04d49d757ae
136,hyena/cropped_images/head/12a16fc6-0581-4276-9dc4-ffe7d8c13617/train2022_000000001096_head.jpg,train2022_000000001096,head,0,False,box_center,0,0.81640625,0.8297694869781067,
137,hyena/cropped_images/head/12a16fc6-0581-4276-9dc4-ffe7d8c13617/train2022_000000002177_head.jpg,train2022_000000002177,head,0,False,box_center,2,0.84375,0.7324551210701632,
138,hyena/cropped_images/head/12a16fc6-0581-4276-9dc4-ffe7d8c13617/train2022_000000002315_head.jpg,train2022_000000002315,head,0,True,center,2,0.96875,0.5805360036646455,b3b92686c48be233b4be1ca9dfc797517a612b2333c8bea6f2a18e747bddf3d4
139,hyena/cropped_images/head/12a16fc6-0581-4276-9dc4-ffe7d8c13617/train2022_000000002612_head.jpg,train2022_000000002612,head,0,True,box_center,2,0.9296875,0.6346161101678929,12abfec9d29344ef0c304d89cb6a970acca2f3ecb7700d230c2c7dafb93fab3c
140,hyena/cropped_images/head/143bf01f-d0f1-4ec9-bedd-ad0aa26e0cc2/train2022_000000000162_head.jpg,train2022_000000000162,head,0,True,center,2,0.9453125,0.6083979917845732,e212bba93566e4df99eb8888f3dfdb4d95c7b8ec73e382ca4704e7a7150ba7ec
141,hyena/cropped_images/head/143bf01f-d0f1-4ec9-bedd-ad0aa26e0cc2/train2022_000000000293_head.jpg,train2022_000000000293,head,0,True,center,0,0.96484375,0.6742869003142976,ebadfea75e70ebcdaf4fe899a4062c81a80ef116c0f2a0b6ef6a742f8fc5f128
142,hyena/cropped_images/head/143bf01f-d0f1-4ec9-bedd-ad0aa26e0cc2/train2022_000000000300_head.jpg,train2022_000000000300,head,0,True,center,2,0.94921875,0.5458583166777704,29aff837668f9b3d1a9978efc693c2acbc92b1827e44290f4a7acc01968cce00
143,hyena/cropped_images/head/143bf01f-d0f1-4ec9-bedd-ad0aa26e0cc2/train2022_000000000339_head.jpg,train2022_000000000339,head,0,True,center,0,0.984375,0.7105685618729097,7259607c5e6d0744fb59a4e7a476e08cad93510cea10807d876196e2d145b76b
144,hyena/cropped_images/head/143bf01f-d0f1-4ec9-bedd-ad0aa26e0cc2/train2022_000000000549_head.jpg,train2022_000000000549,head,0,True,center,0,0.96484375,0.5839135995452608,72b3afcfd7fd8f3bc5420dac930b692f9be0c9fd671959aeb91b68e055c15b17
145,hyena/cropped_images/head/143bf01f-d0f1-4ec9-bedd-ad0aa26e0cc2/train2022_000000000841_head.jpg,train2022_000000000841,head,0,True,box_center,2,0.98828125,0.5618721461187215,2864af1aa2d1d3195e4fb41f642c6be972cc89997b26b44df85ccfb21d701c48
146,hyena/cropped_images/head/143bf01f-d0f1-4ec9-bedd-ad0aa26e0cc2/train2022_000000001013_head.jpg,train2022_000000001013,head,0,True,box_center,2,0.953125,0.6425625920471282,dc85447583fd1add32c1c3336f7ead483d2c8415914cb519fe67f77013d28ea0
147,hyena/cropped_images/head/143bf01f-d0f1-4ec9-bedd-ad0aa26e0cc2/train2022_000000002396_head.jpg,train2022_000000002396,head,0,True,center,0,0.98046875,0.8438003220611916,465de5da01414e1a25103c4378b14ca13d9fbb531e92258ad1c8be409cbaf648
148,hyena/cropped_images/head/143bf01f-d0f1-4ec9-bedd-ad0aa26e0cc2/train2022_000000002471_head.jpg,train2022_000000002471,head,0,True,box_center,2,0.85546875,0.5170968721530519,f346a0ebe0f7df27f42f65e0d51ba71537bd291b9f7f5f19c46acaf28307c4cf
149,hyena/cropped_images/head/143bf01f-d0f1-4ec9-bedd-ad0aa26e0cc2/train2022_000000002577_head.jpg,train2022_000000002577,head,0,True,box_center,2,0.98046875,0.5594980265155348,aa776425760eec96a26d2e4480ea141a14b7e953f48eb22a8399b8b9270a0d6b
150,hyena/cropped_images/head/160e1683-7837-43ea-8ce7-755d101c419c/train2022_000000000335_head.jpg,train2022_000000000335,head,0,True,center,0,0.98046875,0.7302148717676258,0a7af22564c21e68b3eee0c5b7e313abc26a34f79f2f5db7c9e4e24054436d0a
151,hyena/cropped_images/head/160e1683-7837-43ea-8ce7-755d101c419c/train2022_000000000561_head.jpg,train2022_000000000561,head,0,True,center,0,0.9453125,0.7060718346035623,74d53bdeec9bf60a038708cfa4f8275789e51e48464f244553a6c381df848cf9
152,hyena/cropped_images/head/160e1683-7837-43ea-8ce7-755d101c419c/train2022_000000000934_head.jpg,train2022_000000000934,head,0,True,box_center,2,0.94140625,0.662137130618506,5ba97210fad0d09a68f44dec44f3a025ce9b2152e3ee1ca064aabb1dbdd0ab63
153,hyena/cropped_images/head/160e1683-7837-43ea-8ce7-755d101c419c/train2022_000000000939_head.jpg,train2022_000000000939,head,0,True,center,0,0.9453125,0.796317717370349,39dc6b2f3ba004454fe1adfa147c2fdef2a79549e8340f41f6687a3ba6fe3da0
154,hyena/cropped_images/head/160e1683-7837-43ea-8ce7-755d101c419c/train2022_000000000996_head.jpg,train2022_000000000996,head,0,True,box_center,2,0.890625,0.5429917485609228,790c9708336e8e75171c8d7ddd890933d25ef9adf6631f2aefdaea3f6311ff1c
155,hyena/cropped_images/head/160e1683-7837-43ea-8ce7-755d101c419c/train2022_000000001066_head.jpg,train2022_000000001066,head,0,True,center,0,0.95703125,0.8122647587399545,f1c007610b808ccc1ee04640cba38dc221d72f0720c9840b2a1e49a001780e61
156,hyena/cropped_images/head/160e1683-7837-43ea-8ce7-755d101c419c/train2022_000000001105_head.jpg,train2022_000000001105,head,0,True,center,0,0.94921875,0.6569946733950098,43cae299a5514b1aa9a811c7507d26d4a018c59140ab97ebc2843ea7676c28d4
157,hyena/cropped_images/head/160e1683-7837-43ea-8ce7-755d101c419c/train2022_000000001183_head.jpg,train2022_000000001183,head,0,True,center,0,0.98046875,0.7796093966306732,35c7ddaa26b3010f1f986137150c260ffcf1c71201459070fe3f490e27884e64
158,hyena/cropped_images/head/160e1683-7837-43ea-8ce7-755d101c419c/train2022_000000001270_head.jpg,train2022_000000001270,head,0,True,center,0,0.96875,0.6811852385622877,48a0dc900f39218de4b553d0543c400dc4ba1b29d6b50cec4032ebda413858e9
159,hyena/cropped_images/head/160e1683-7837-43ea-8ce7-755d101c419c/train2022_000000001425_head.jpg,train2022_000000001425,head,0,True,center,0,0.9609375,0.7520417967811674,5166178cd9fab2a62cc209e6969b65e0a9950739382d98cd5af560d395a9d9da
160,hyena/cropped_images/head/160e1683-7837-43ea-8ce7-755d101c419c/train2022_000000001590_head.jpg,train2022_000000001590,head,0,True,center,0,0.953125,0.7917839856864856,58052f2d87d8f3a015bfae51d34fb7cd9abce066578519b058a6eb9ada44d87f
161,hyena/cropped_images/head/160e1683-7837-43ea-8ce7-755d101c419c/train2022_000000001924_head.jpg,train2022_000000001924,head,0,True,box_center,2,0.94921875,0.6418543173350866,4aafe10fdd637e195a92ab384e94a0f256bee19a581253cd4d2257d9bfa596a0
162,hyena/cropped_images/head/160e1683-7837-43ea-8ce7-755d101c419c/train2022_000000002054_head.jpg,train2022_000000002054,head,0,True,center,0,0.96484375,0.8230774872565917,cd0930b9d0fcbe3cbb675800a2241503217e77a00ade4e7f697a5c4e17ce0e2b
163,hyena/cropped_images/head/160e1683-7837-43ea-8ce7-755d101c419c/train2022_000000002197_head.jpg,train2022_000000002197,head,0,True,center,0,0.97265625,0.7676372527228273,f6a6e77519c923a327a82a5e4f4052fdfaaecc920e15fc04184504fba0b564c2
164,hyena/cropped_images/head/160e1683-7837-43ea-8ce7-755d101c419c/train2022_000000002512_head.jpg,train2022_000000002512,head,0,True,center,0,0.984375,0.8122777984528042,22fbd2da304bd94bdc0bd2319890a079d679af8a6ef8e2d6d11aff0ae2690a10
165,hyena/cropped_images/head/160e1683-7837-43ea-8ce7-755d101c419c/train2022_000000002574_head.jpg,train2022_000000002574,head,0,True,center,0,0.98046875,0.8093294855029985,d82006dd71a5a43366c982a871e6c057b13262e8b14010b32fa30aa7c821ae7b
166,hyena/cropped_images/head/160e1683-7837-43ea-8ce7-755d101c419c/train2022_000000002860_head.jpg,train2022_000000002860,head,0,True,center,0,0.96875,0.6111314691622506,efc15923dff352b11a8eb6cb34219a2a2ca0bf3e99464d89d9853a50ce0111ec
167,hyena/cropped_images/head/160e1683-7837-43ea-8ce7-755d101c419c/train2022_000000002947_head.jpg,train2022_000000002947,head,0,True,center,0,0.94921875,0.6743525756919865,153f455a28a0076374f486178e4395c4b3e1c86bb0027fffb64a6aa838c3edc1
168,hyena/cropped_images/head/1848c437-2486-4485-a725-f1db51065599/train2022_000000001519_head.jpg,train2022_000000001519,head,0,True,box_center,2,0.87890625,0.6751098843401689,db6cd731179dc18a36da5b254829997144854fb4b81724689dd122547e931437
169,hyena/cropped_images/head/1848c437-2486-4485-a725-f1db51065599/train2022_000000002029_head.jpg,train2022_000000002029,head,0,True,box_center,2,0.91796875,0.6927175843694494,8cbf0bae8055db10f3a1f17d59965f86b308a158f4a78b05f3dba7fedb625aa3
170,hyena/cropped_images/head/1848c437-2486-4485-a725-f1db51065599/train2022_000000002795_head.jpg,train2022_000000002795,head,0,False,box_center,2,0.734375,0.6112447285187138,
171,hyena/cropped_images/head/18d82d10-7fdf-4306-9fe7-73a7f6152e53/train2022_000000000251_head.jpg,train2022_000000000251,head,0,True,center,0,0.96484375,0.4911479028697572,24ee1432fb8107a196a0b1cc78a5cb03a57ea574418093c213249e7419f46208
172,hyena/cropped_images/head/18d82d10-7fdf-4306-9fe7-73a7f6152e53/train2022_000000000922_head.jpg,train2022_000000000922,head,0,True,center,0,0.890625,0.4200447302208555,11a1e4a156bdfe6bea2a9c707cd9481c707920edc0b6848094485b1107902e28
173,hyena/cropped_images/head/18d82d10-7fdf-4306-9fe7-73a7f6152e53/train2022_000000000933_head.jpg,train2022_000000000933,head,0,True,center,0,0.9765625,0.38930595985904703,f789a6f4700578e06a01f9281479e29b7192c47bd7c807b7a49e30461ea59603
174,hyena/cropped_images/head/18d82d10-7fdf-4306-9fe7-73a7f6152e53/train2022_000000001086_head.jpg,train2022_000000001086,head,0,False,box_center,0,0.79296875,0.8025443616451892,
175,hyena/cropped_images/head/18d82d10-7fdf-4306-9fe7-73a7f6152e53/train2022_000000001986_head.jpg,train2022_000000001986,head,0,True,box_center,2,0.8671875,0.4198275342217934,6f671a8537dfd4761c6f1a51d826ab72ab7e4ea65095af19548ce2c44101dfd4
176,hyena/cropped_images/head/18d82d10-7fdf-4306-9fe7-73a7f6152e53/train2022_000000001994_head.jpg,train2022_000000001994,head,0,True,box_center,2,0.94140625,0.4733874856273877,67bb8e120076b76ae301de4cb56784c3964de389d6ba14da2317d33a9cae083b
177,hyena/cropped_images/head/18d82d10-7fdf-4306-9fe7-73a7f6152e53/train2022_000000002399_head.jpg,train2022_000000002399,head,0,True,center,0,0.97265625,0.494897854006473,a665f1d16122a84163a86dffe4a4f1fa68c31808970fcfec745765fc8a3f8255
178,hyena/cropped_images/head/18d82d10-7fdf-4306-9fe7-73a7f6152e53/train2022_000000002568_head.jpg,train2022_000000002568,head,0,True,center,2,0.92578125,0.5311864837398373,ebf4ba612f8af67d2395941531efed8020ee7f4eb12a72ffb4e21976b5a9a224
179,hyena/cropped_images/head/18d82d10-7fdf-4306-9fe7-73a7f6152e53/train2022_000000003089_head.jpg,train2022_000000003089,head,0,True,center,0,0.9609375,0.5418509418509418,7b8aff4caccae5ba799a6a66411c9c606e84b0f5ccb123fe8cf0a7c8b71fa07d
180,hyena/cropped_images/head/1ad6ea04-7e16-4875-aeb8-d088f5ac7325/train2022_000000000041_head.jpg,train2022_000000000041,head,0,True,box_center,2,0.9296875,0.541425418252775,3657d733228c7a1b0250ac043ade1e19bc273445416902e0c8b7607b9851d6dc
181,hyena/cropped_images/head/1ad6ea04-7e16-4875-aeb8-d088f5ac7325/train2022_000000000430_head.jpg,train2022_000000000430,head,0,True,center,2,0.890625,0.5480138726230687,1fd98f4e087da14fc3cbafbb3fac6a742ede56428029092674a1d3abe0e96f9a
182,hyena/cropped_images/head/1ad6ea04-7e16-4875-aeb8-d088f5ac7325/train2022_000000000532_head.jpg,train2022_000000000532,head,0,True,center,2,0.97265625,0.48594694498804086,f08ac95fadc56ce7a7f771285e25e963319fb633ba8abc22de31e570656425ec
183,hyena/cropped_images/head/1ad6ea04-7e16-4875-aeb8-d088f5ac7325/train2022_000000002359_head.jpg,train2022_000000002359,head,0,False,center,0,0.84765625,0.8106171735241503,
184,hyena/cropped_images/head/1ad6ea04-7e16-4875-aeb8-d088f5ac7325/train2022_000000003024_head.jpg,train2022_000000003024,head,0,True,center,0,0.98828125,0.7794938151428097,b01e591b4ceebb9f403079e7e18787d4ec21cd1e6c1fb012d78f47dc95dc5e35
185,hyena/cropped_images/head/1b72f52c-12ba-43bb-8b2f-64975becab88/train2022_000000000779_head.jpg,train2022_000000000779,head,0,True,center,2,0.8828125,0.539786113785827,e55d902fee5825d8782a175666dcd4bab8417343057f9c295d54de4c3209d8e0
186,hyena/cropped_images/head/1b72f52c-12ba-43bb-8b2f-64975becab88/train2022_000000001158_head.jpg,train2022_000000001158,head,0,True,center,0,0.96875,0.4188070523494054,2e4862bc0236cc91dfdaf10a5ec01d04fd965d30343543c539fb3c31ef5b6025
187,hyena/cropped_images/head/1b72f52c-12ba-43bb-8b2f-64975becab88/train2022_000000001505_head.jpg,train2022_000000001505,head,0,True,center,2,0.859375,0.43122727272727274,11f7c312e061ee69cd099d8331809394d00c2d34122582c79af96ae2000ba952
188,hyena/cropped_images/head/1b7c302c-68ae-46a7-b18e-a97d342081a9/train2022_000000001480_head.jpg,train2022_000000001480,head,0,True,center,0,0.95703125,0.5621188724377025,6965117fc075369435bb9fa232086de8b6b868a1317d3b6604cee835615e8422
189,hyena/cropped_images/head/1b7c302c-68ae-46a7-b18e-a97d342081a9/train2022_000000002333_head.jpg,train2022_000000002333,head,0,True,center,0,0.953125,0.63663421418637,f20aeaf6159a757fc1c8eb5f0c06a16cb95e77e26dc09efa39b5ef1fa7674f75
190,hyena/cropped_images/head/1c6b6027-329e-4703-9580-bbf1e8a08647/train2022_000000000320_head.jpg,train2022_000000000320,head,0,True,box_center,0,0.8828125,0.7650418440757598,0478dd584421d6ab27f02e7614d180d6c8dd46f21d32c2221b6255a7e7b07238
191,hyena/cropped_images/head/1c6b6027-329e-4703-9580-bbf1e8a08647/train2022_000000000638_head.jpg,train2022_000000000638,head,0,True,center,0,0.9765625,0.5576205858027871,4290a7296ea81210cc0380e0460782d6091382d5054e5f2ea20b040d477e32be
192,hyena/cropped_images/head/1c6b6027-329e-4703-9580-bbf1e8a08647/train2022_000000001716_head.jpg,train2022_000000001716,head,0,True,center,0,0.87890625,0.583106099120334,dbbe8ae216fa7beaeb5f870971e1c4df0e7f1a9b39ce5727be7827bc59d0b0ac
193,hyena/cropped_images/head/1c6b6027-329e-4703-9580-bbf1e8a08647/train2022_000000002031_head.jpg,train2022_000000002031,head,0,True,center,0,0.97265625,0.6094138156461103,5d5039d44971bc4dfd6a6a5f85115871392500c943a81527bdac0afa5bafc591
194,hyena/cropped_images/head/1da24c9f-d62d-48a6-81b9-afbdc5c0e7af/train2022_000000000157_head.jpg,train2022_000000000157,head,0,True,box_center,0,0.89453125,0.7358188943894389,2255c231366976765fb116f4a5b7b89d0d046df4b9456d23fe6ac3de64f77832
195,hyena/cropped_images/head/1da24c9f-d62d-48a6-81b9-afbdc5c0e7af/train2022_000000000296_head.jpg,train2022_000000000296,head,0,True,center,0,0.9453125,0.45453296703296703,d56bbd04ef828c0f66e6631823d6a15393dd90ba284ba65ca16a4c0b7559f510
196,hyena/cropped_images/head/1da24c9f-d62d-48a6-81b9-afbdc5c0e7af/train2022_000000000630_head.jpg,train2022_000000000630,head,0,True,box_center,2,0.8828125,0.523524669570696,edac88a5ff0588b97eb3a16683e682cd49165d1b2cac37add1930c5447d0e181
197,hyena/cropped_images/head/1da24c9f-d62d-48a6-81b9-afbdc5c0e7af/train2022_000000001053_head.jpg,train2022_000000001053,head,0,True,center,0,0.875,0.43695004503568213,2e677607fc4fe43d39f737c5ec69168662fb13cfb16f3ba6e19c5b6f0855e1bc
198,hyena/cropped_images/head/1da24c9f-d62d-48a6-81b9-afbdc5c0e7af/train2022_000000001335_head.jpg,train2022_000000001335,head,0,True,center,2,0.96484375,0.5090848820104834,ccf52915403dfa87cd6af8961c57d1109f8bf26a50d25e0b7a859d721789182f
199,hyena/cropped_images/head/1da24c9f-d62d-48a6-81b9-afbdc5c0e7af/train2022_000000001851_head.jpg,train2022_000000001851,head,0,True,box_center,2,0.87890625,0.43544873656694744,64cac831fe12d938679a15cdfc1dda9359893beba4e06770dae342c056c556b3
200,hyena/cropped_images/head/1da24c9f-d62d-48a6-81b9-afbdc5c0e7af/train2022_000000001932_head.jpg,train2022_000000001932,head,0,True,center,2,0.93359375,0.45499119939653004,e8e8683c086b4fcc5e3a6d0ee37ecb0128114f5c36267d5aec106d94c3c400ba
201,hyena/cropped_images/head/1da24c9f-d62d-48a6-81b9-afbdc5c0e7af/train2022_000000001938_head.jpg,train2022_000000001938,head,0,False,center,0,0.828125,0.4731273093718509,
202,hyena/cropped_images/head/1da24c9f-d62d-48a6-81b9-afbdc5c0e7af/train2022_000000002124_head.jpg,train2022_000000002124,head,0,False,center,2,0.796875,0.41295546558704455,
203,hyena/cropped_images/head/1da24c9f-d62d-48a6-81b9-afbdc5c0e7af/train2022_000000002466_head.jpg,train2022_000000002466,head,0,True,box_center,2,0.91796875,0.5326049735018344,6232e60254f83522ad29d0c7496792ab15c1727425b893ff665ffc811a1ca1bc
204,hyena/cropped_images/head/1da24c9f-d62d-48a6-81b9-afbdc5c0e7af/train2022_000000002522_head.jpg,train2022_000000002522,head,0,True,center,0,0.96484375,0.5029263316151202,8f36e95b4c274b8c06ef9126ac36a7b87b663f8bc34e4b2f31af9a3f1a6a1980
205,hyena/cropped_images/head/1da24c9f-d62d-48a6-81b9-afbdc5c0e7af/train2022_000000002600_head.jpg,train2022_000000002600,head,0,True,center,2,0.94921875,0.4689607843137255,3eba45e1d5e33a17faa0750c0e173c52c2fdf753d060bebbf28e2cd1574df43f
206,hyena/cropped_images/head/1da24c9f-d62d-48a6-81b9-afbdc5c0e7af/train2022_000000002767_head.jpg,train2022_000000002767,head,0,True,center,0,0.984375,0.4796576695194207,2f33aaaed160cef6c47c879e3a4b760b4891e406e4abbe0e6850447d9786bdd3
207,hyena/cropped_images/head/1da24c9f-d62d-48a6-81b9-afbdc5c0e7af/train2022_000000002899_head.jpg,train2022_000000002899,head,0,True,center,2,0.890625,0.4819286432938627,841e43fd568b71a54c4845c175e57ad203283e258f7fe3cd71973252dd9219ef
208,hyena/cropped_images/head/1da24c9f-d62d-48a6-81b9-afbdc5c0e7af/train2022_000000002935_head.jpg,train2022_000000002935,head,0,True,center,2,0.89453125,0.4049342105263158,2189aec0ccb875449ae19cdeec88fa1f29e300ff635e09acc96f0a400c84f540
209,hyena/cropped_images/head/1da24c9f-d62d-48a6-81b9-afbdc5c0e7af/train2022_000000003065_head.jpg,train2022_000000003065,head,0,True,center,0,0.9296875,0.5877407579993786,f5fe68b23ca4d9280b3c1e14bfeaeb524fe509f3d64edee0dabaafd1a63b2152
210,hyena/cropped_images/head/1e5eea5f-ede8-4660-9314-5b3e53b2cfcc/train2022_000000001778_head.jpg,train2022_000000001778,head,0,True,box_center,2,0.89453125,0.6304659035752247,de3f0a2e04e42089d3ed5c741f287c96587bcacd66852ab4c3556f8a1c4f47ac
211,hyena/cropped_images/head/1ec97520-1eae-4b9e-9f5c-1f181a8daf3a/train2022_000000000174_head.jpg,train2022_000000000174,head,0,False,box_center,0,0.7578125,0.8006564400221117,
212,hyena/cropped_images/head/1ec97520-1eae-4b9e-9f5c-1f181a8daf3a/train2022_000000000368_head.jpg,train2022_000000000368,head,0,True,center,0,0.95703125,0.5477549285296774,333f9ce6c5883766b9d4f5faf3d6484a3631a465185304b3816e429f79106918
213,hyena/cropped_images/head/1ec97520-1eae-4b9e-9f5c-1f181a8daf3a/train2022_000000000531_head.jpg,train2022_000000000531,head,0,True,center,2,0.90234375,0.458082497212932,8ec55f91c41a51ad2e0aadef5faedbba7ee8e9676d67878ccabd4e56b5781bc3
214,hyena/cropped_images/head/1ec97520-1eae-4b9e-9f5c-1f181a8daf3a/train2022_000000000571_head.jpg,train2022_000000000571,head,0,False,box_center,2,0.78515625,0.5300291545189504,
215,hyena/cropped_images/head/1ec97520-1eae-4b9e-9f5c-1f181a8daf3a/train2022_000000001170_head.jpg,train2022_000000001170,head,0,False,box_center,2,0.66015625,0.41899962672639046,
216,hyena/cropped_images/head/1ec97520-1eae-4b9e-9f5c-1f181a8daf3a/train2022_000000001508_head.jpg,train2022_000000001508,head,0,True,center,0,0.953125,0.5489834135901551,10ca1c6cad5029f5723fd0909374baa74b614b47b0affec5a4b9ee806c58d4fd
217,hyena/cropped_images/head/1ec97520-1eae-4b9e-9f5c-1f181a8daf3a/train2022_000000001556_head.jpg,train2022_000000001556,head,0,False,box_center,2,0.81640625,0.6747631770706826,
218,hyena/cropped_images/head/1ec97520-1eae-4b9e-9f5c-1f181a8daf3a/train2022_000000001651_head.jpg,train2022_000000001651,head,0,False,box_center,2,0.70703125,0.5171111111111111,
219,hyena/cropped_images/head/1ec97520-1eae-4b9e-9f5c-1f181a8daf3a/train2022_000000001787_head.jpg,train2022_000000001787,head,0,True,center,0,0.97265625,0.6065399796914009,f8b518aadf44914481007d2a4238bcea713e61c8a8c581d0e7a1877db3433d07
220,hyena/cropped_images/head/1ec97520-1eae-4b9e-9f5c-1f181a8daf3a/train2022_000000001868_head.jpg,train2022_000000001868,head,0,True,center,0,0.90625,0.8182715074980268,aca8c805ca421ebc02fc7de5346524c57cc269b632ea08b50357e954db00eb7d
221,hyena/cropped_images/head/1ec97520-1eae-4b9e-9f5c-1f181a8daf3a/train2022_000000001876_head.jpg,train2022_000000001876,head,0,False,box_center,0,0.82421875,0.7772803497634305,
222,hyena/cropped_images/head/1ec97520-1eae-4b9e-9f5c-1f181a8daf3a/train2022_000000002586_head.jpg,train2022_000000002586,head,0,True,center,0,0.9296875,0.501418981769491,2a68071e36362fc24f17de94528094af47ddaacfb7dadcc6cb43742d7318b18a
223,hyena/cropped_images/head/1ec97520-1eae-4b9e-9f5c-1f181a8daf3a/train2022_000000002727_head.jpg,train2022_000000002727,head,0,True,center,0,0.9765625,0.5300026450434365,af1343ad8fb9120864a828afec027ee6958dda3d1d36ce9c835a5df9d615d94a
224,hyena/cropped_images/head/1ec97520-1eae-4b9e-9f5c-1f181a8daf3a/train2022_000000002756_head.jpg,train2022_000000002756,head,0,False,center,0,0.734375,0.4743495336278841,
225,hyena/cropped_images/head/1ec97520-1eae-4b9e-9f5c-1f181a8daf3a/train2022_000000002766_head.jpg,train2022_000000002766,head,0,False,box_center,2,0.734375,0.5204201680672269,
226,hyena/cropped_images/head/1ec97520-1eae-4b9e-9f5c-1f181a8daf3a/train2022_000000002904_head.jpg,train2022_000000002904,head,0,False,box_center,2,0.7890625,0.5815475682290333,
227,hyena/cropped_images/head/1ff8ad98-b860-4de4-ba7d-9c0177c44bab/train2022_000000000501_head.jpg,train2022_000000000501,head,0,True,center,0,0.98046875,0.5314080083079386,2b881f743e9bdefe5de870f49b48c75b710a5034ef6aee1ca6e54e8c3b1c5f55
228,hyena/cropped_images/head/1ff8ad98-b860-4de4-ba7d-9c0177c44bab/train2022_000000003064_head.jpg,train2022_000000003064,head,0,False,box_center,0,0.79296875,0.8452118228100481,
229,hyena/cropped_images/head/20086390-26ac-4539-9130-b31b9d993672/train2022_000000000154_head.jpg,train2022_000000000154,head,0,True,center,0,0.984375,0.6858298976943045,40bfd2f099b36840e974790795a4ccc0837d617a1a05890a6df80255d556f6ba
230,hyena/cropped_images/head/20086390-26ac-4539-9130-b31b9d993672/train2022_000000000632_head.jpg,train2022_000000000632,head,0,True,center,0,0.95703125,0.6181123058542414,80e36bc30b4db0fe0ccc4c5451f0f1bb7cf3ff091d2acc97f525d4a4af2da3e2
231,hyena/cropped_images/head/20086390-26ac-4539-9130-b31b9d993672/train2022_000000000654_head.jpg,train2022_000000000654,head,0,True,center,0,0.98828125,0.7575958051553464,7429709828d861a7793c5fb7002ec3ff58255fd3891a8f0dc5907a1a63dbd388
232,hyena/cropped_images/head/20086390-26ac-4539-9130-b31b9d993672/train2022_000000000744_head.jpg,train2022_000000000744,head,0,True,box_center,2,0.8828125,0.5610502577319587,e4a56fa675cd3495a0fce17a1e92059dee0de8c94bfa6578b018b962b180adb8
233,hyena/cropped_images/head/20086390-26ac-4539-9130-b31b9d993672/train2022_000000000854_head.jpg,train2022_000000000854,head,0,True,box_center,2,0.9375,0.6290285714285714,78680449678839de3d29d5925da25ebe45229d045b38920b39ae877efbb4a12c
234,hyena/cropped_images/head/20086390-26ac-4539-9130-b31b9d993672/train2022_000000001348_head.jpg,train2022_000000001348,head,0,True,center,0,0.98828125,0.7844904458598726,a8ecae16489a59fa7b3aed42f89a7265de125aa1109e51b83ac9326d26f4fcc6
235,hyena/cropped_images/head/20086390-26ac-4539-9130-b31b9d993672/train2022_000000001351_head.jpg,train2022_000000001351,head,0,True,center,0,0.96484375,0.7536235582321119,58e528e27daf63b0f5b9179db502fcfab341103ee507d156940cf232d36e866f
236,hyena/cropped_images/head/20086390-26ac-4539-9130-b31b9d993672/train2022_000000002057_head.jpg,train2022_000000002057,head,0,True,box_center,2,0.94140625,0.5475844998292932,bca61077c51ed997bfd8519e1a6bcc12b0ea0fef5c2dfd57be1692b980162d8b
237,hyena/cropped_images/head/20086390-26ac-4539-9130-b31b9d993672/train2022_000000002222_head.jpg,train2022_000000002222,head,0,True,center,0,0.91796875,0.7042014120928611,8e88d8cba249b15017585887f9aecb9027dbc644799347786870ae05ae51ef68
238,hyena/cropped_images/head/20086390-26ac-4539-9130-b31b9d993672/train2022_000000002342_head.jpg,train2022_000000002342,head,0,True,center,0,0.921875,0.7018564356435644,095e17eeb244026328d8f8aa340cd79f2a5a4336b914c18e244399a8a940f652
239,hyena/cropped_images/head/204b687d-7113-4c69-95a9-6d40ef0e59e8/train2022_000000000138_head.jpg,train2022_000000000138,head,0,True,center,0,0.92578125,0.738402570317344,49bdb035e5e8668f7f9042d8512b6d5ea63fde55bac3a11669c6bbfe55a9ef71
240,hyena/cropped_images/head/204b687d-7113-4c69-95a9-6d40ef0e59e8/train2022_000000000716_head.jpg,train2022_000000000716,head,0,True,center,0,0.97265625,0.5481175418580987,f5855df47727135ed9daf046fc66025a82038139c052cc7f69f3e101ae5cd050
241,hyena/cropped_images/head/204b687d-7113-4c69-95a9-6d40ef0e59e8/train2022_000000000995_head.jpg,train2022_000000000995,head,0,True,center,2,0.88671875,0.5603609625668449,c88daaa498bac916bbb0a5b4518d643e24a8b3d0f02e122521c4a2b3550ecc55
242,hyena/cropped_images/head/204b687d-7113-4c69-95a9-6d40ef0e59e8/train2022_000000001153_head.jpg,train2022_000000001153,head,0,True,center,2,0.95703125,0.6539183855360325,174df3081e1e535fb652876a0a01d088a4540c3fa2c9da27c63afea28a05413d
243,hyena/cropped_images/head/204b687d-7113-4c69-95a9-6d40ef0e59e8/train2022_000000002143_head.jpg,train2022_000000002143,head,0,True,box_center,2,0.921875,0.5646269457863661,24a9ca77df78794e71c464932a107b2b53f5c4f243081cb31972b2fecb4860b5
244,hyena/cropped_images/head/204b687d-7113-4c69-95a9-6d40ef0e59e8/train2022_000000002418_head.jpg,train2022_000000002418,head,0,True,center,2,0.9609375,0.5487404162102957,e690f2c0fcb466b997348733fffed7c00e6456e0151eaa55361bc0dd096b8fe6
245,hyena/cropped_images/head/204b687d-7113-4c69-95a9-6d40ef0e59e8/train2022_000000003061_head.jpg,train2022_000000003061,head,0,True,center,0,0.90234375,0.8885415913854159,942593809a375950baf93922c030922d9491c1c70fbea0ee199f2671df463efe
246,hyena/cropped_images/head/20c4e967-97c4-4546-b7ca-6b57b6f4c19a/train2022_000000000115_head.jpg,train2022_000000000115,head,0,True,center,0,0.9609375,0.6235885167464115,f3d6d139a62903c625a77a535db11e9121166cde9562db1283bef9182a3a9054
247,hyena/cropped_images/head/20c4e967-97c4-4546-b7ca-6b57b6f4c19a/train2022_000000000163_head.jpg,train2022_000000000163,head,0,True,center,0,0.96875,0.5885731380226742,8721b06fe7f832107c4470a9c7fa973e85ef07414e29f8624c2d23402ac4879a
248,hyena/cropped_images/head/20c4e967-97c4-4546-b7ca-6b57b6f4c19a/train2022_000000000299_head.jpg,train2022_000000000299,head,0,True,box_center,2,0.96875,0.5809517346569464,1665bd05cc561143c5af37599224b0b0ee7e62e4b2f386dc9a5ba90bfe7a6c1b
249,hyena/cropped_images/head/20c4e967-97c4-4546-b7ca-6b57b6f4c19a/train2022_000000000375_head.jpg,train2022_000000000375,head,0,True,box_center,0,0.88671875,0.8577890037593985,dcc1e2752ee1d46decb4cde4b7003407aab64d496e53d97f4f914634a68c8395
250,hyena/cropped_images/head/20c4e967-97c4-4546-b7ca-6b57b6f4c19a/train2022_000000001407_head.jpg,train2022_000000001407,head,0,True,box_center,2,0.93359375,0.6502948768137391,b6d239d1e7e5c6a496a9c642360917ccb2f39be123816047afef55e829a352ff
251,hyena/cropped_images/head/20c4e967-97c4-4546-b7ca-6b57b6f4c19a/train2022_000000002337_head.jpg,train2022_000000002337,head,0,True,center,2,0.96484375,0.6236582896069226,78411b5c1b868b0da9097601f6ec77c0802e4f7c9200a879db1c92632119dedd
252,hyena/cropped_images/head/20e1204f-ae7b-4297-b578-ef07ac24829a/train2022_000000000724_head.jpg,train2022_000000000724,head,0,True,box_center,2,0.90625,0.7125198778703645,73b7a0ca47bade14edf307561f5dc911d00fc56049932748cb8235ec60009034
253,hyena/cropped_images/head/20e1204f-ae7b-4297-b578-ef07ac24829a/train2022_000000001542_head.jpg,train2022_000000001542,head,0,True,center,0,0.953125,0.6590344229623909,c9873a17761ef44771ea4a4ebcef281af452c8aa20cb1a543edf6eb50ee7a10c
254,hyena/cropped_images/head/20e1204f-ae7b-4297-b578-ef07ac24829a/train2022_000000001847_head.jpg,train2022_000000001847,head,0,True,center,2,0.953125,0.664872578045459,e7b42abbb0a5999f5a055e2a03275daad8965b34202b9a6c53b4db7416560046
255,hyena/cropped_images/head/20e1204f-ae7b-4297-b578-ef07ac24829a/train2022_000000002588_head.jpg,train2022_000000002588,head,0,False,box_center,0,0.828125,0.8480940435787714,
256,hyena/cropped_images/head/20e1204f-ae7b-4297-b578-ef07ac24829a/train2022_000000003096_head.jpg,train2022_000000003096,head,0,True,center,0,0.9609375,0.6739864424610179,d2e28c09dd6e81e473f3625c152b9018b877d52a25adf1c3268553d42b8f80c8
257,hyena/cropped_images/head/21ff4f8a-be18-46de-872c-c10cd153631a/train2022_000000000904_head.jpg,train2022_000000000904,head,0,True,box_center,2,0.89453125,0.4169398222970871,ef4d22c33eae1f00358d9382ed4d26e76d062ceb05d57c8cf16a62246781b3f3
258,hyena/cropped_images/head/21ff4f8a-be18-46de-872c-c10cd153631a/train2022_000000001416_head.jpg,train2022_000000001416,head,0,True,center,0,0.97265625,0.4750619343997135,d4ace011467d016d17449ded41bd500e8d55fb0a2beb11f084194b63fe602eff
259,hyena/cropped_images/head/21ff4f8a-be18-46de-872c-c10cd153631a/train2022_000000002417_head.jpg,train2022_000000002417,head,0,True,center,2,0.94921875,0.4058686706029701,31dedd46d030b5d460da4b2434a3d0d9b19f6fac02f9fc4f29894feb6b802b80
260,hyena/cropped_images/head/21ff4f8a-be18-46de-872c-c10cd153631a/train2022_000000002547_head.jpg,train2022_000000002547,head,0,True,center,2,0.859375,0.41874879938528525,5b309dade59815b42552894a1fae99a2c07204e6c0718f5d14b9b5682f20bd36
261,hyena/cropped_images/head/23784095-dc48-48a0-8326-9340074ab4d1/train2022_000000000298_head.jpg,train2022_000000000298,head,0,True,center,0,0.921875,0.555455888560574,32e65d8a92bb27e15fd80506c5214c7cc337b5632492c5e774ef71db867df530
262,hyena/cropped_images/head/23784095-dc48-48a0-8326-9340074ab4d1/train2022_000000000337_head.jpg,train2022_000000000337,head,0,True,center,2,0.8515625,0.5147193380276087,3c157b64040f6da92ce6460a1cfbadbabc8aa88e49b5d720f8920403f10619e5
263,hyena/cropped_images/head/23784095-dc48-48a0-8326-9340074ab4d1/train2022_000000000909_head.jpg,train2022_000000000909,head,0,False,box_center,2,0.796875,0.5330305813518387,
264,hyena/cropped_images/head/23784095-dc48-48a0-8326-9340074ab4d1/train2022_000000001147_head.jpg,train2022_000000001147,head,0,True,center,0,0.8984375,0.7155673758865249,7f4fd6a113016f7538f1689f3ca3f1e059f460ae24382eadc0030b753e2797bf
265,hyena/cropped_images/head/23784095-dc48-48a0-8326-9340074ab4d1/train2022_000000001538_head.jpg,train2022_000000001538,head,0,False,box_center,2,0.74609375,0.515686274509804,
266,hyena/cropped_images/head/23784095-dc48-48a0-8326-9340074ab4d1/train2022_000000001894_head.jpg,train2022_000000001894,head,0,False,box_center,0,0.78515625,0.8696405765371282,
267,hyena/cropped_images/head/23784095-dc48-48a0-8326-9340074ab4d1/train2022_000000002223_head.jpg,train2022_000000002223,head,0,True,box_center,2,0.9296875,0.5665601503759399,7c7e4f210fb60eb6d4ffbe26b69049e58d1ffc4f10a9fc5db97a9ead3de63db1
268,hyena/cropped_images/head/23784095-dc48-48a0-8326-9340074ab4d1/train2022_000000002366_head.jpg,train2022_000000002366,head,0,True,center,2,0.90625,0.5497622984704423,1079980b71bebefb517e5e6e45311675d0fe9527ab90ebb0c49b479dfca02cd6
269,hyena/cropped_images/head/23784095-dc48-48a0-8326-9340074ab4d1/train2022_000000002449_head.jpg,train2022_000000002449,head,0,False,box_center,2,0.69140625,0.5643609711406321,
270,hyena/cropped_images/head/23784095-dc48-48a0-8326-9340074ab4d1/train2022_000000002657_head.jpg,train2022_000000002657,head,0,True,center,0,0.9765625,0.7225111111111111,144120e10ec4ae188981e3b495abf315d53dc9c31f61c6fbf5bb42670c46687c
271,hyena/cropped_images/head/23784095-dc48-48a0-8326-9340074ab4d1/train2022_000000002723_head.jpg,train2022_000000002723,head,0,False,box_center,2,0.7578125,0.5644622345979812,
272,hyena/cropped_images/head/23784095-dc48-48a0-8326-9340074ab4d1/train2022_000000002742_head.jpg,train2022_000000002742,head,0,False,box_center,2,0.84375,0.6658823529411765,
273,hyena/cropped_images/head/23784095-dc48-48a0-8326-9340074ab4d1/train2022_000000003046_head.jpg,train2022_000000003046,head,0,True,box_center,0,0.89453125,0.8459056316590563,f206f0842124ab7b1a4151d73fd3786de01575642a400e3d2f7d33d092478db9
274,hyena/cropped_images/head/238a48f4-e86d-42d8-a18a-ae526e48f5c4/train2022_000000000209_head.jpg,train2022_000000000209,head,0,True,center,2,0.94921875,0.5457091493991862,c186068ff68ff9935514f5ae1623f57d705e21ce84c14fd2cb8914087b62961e
275,hyena/cropped_images/head/238a48f4-e86d-42d8-a18a-ae526e48f5c4/train2022_000000000455_head.jpg,train2022_000000000455,head,0,True,box_center,0,0.90625,0.6523839009287926,b5d8c97a85d2032ccc94d7e64f3ed82335d69cb3d7cbe287ee18a74b961e9369
276,hyena/cropped_images/head/238a48f4-e86d-42d8-a18a-ae526e48f5c4/train2022_000000000558_head.jpg,train2022_000000000558,head,0,False,box_center,2,0.609375,0.38131730640332456,
277,hyena/cropped_images/head/238a48f4-e86d-42d8-a18a-ae526e48f5c4/train2022_000000000781_head.jpg,train2022_000000000781,head,0,False,box_center,2,0.8046875,0.6267088884035815,
278,hyena/cropped_images/head/238a48f4-e86d-42d8-a18a-ae526e48f5c4/train2022_000000000839_head.jpg,train2022_000000000839,head,0,True,center,0,0.90234375,0.710756858464121,92f4d017c605b7704e4e048570a06320ce09dc528cd4f334c7b01dda58fbfec0
279,hyena/cropped_images/head/238a48f4-e86d-42d8-a18a-ae526e48f5c4/train2022_000000000846_head.jpg,train2022_000000000846,head,0,False,box_center,2,0.76171875,0.4685834368134492,
280,hyena/cropped_images/head/238a48f4-e86d-42d8-a18a-ae526e48f5c4/train2022_000000001002_head.jpg,train2022_000000001002,head,0,True,center,0,0.96875,0.6803108266641887,b15f750a12d014b13d35f8ee156397325243cb959ec098d09ae3fcfc99dde8f4
281,hyena/cropped_images/head/238a48f4-e86d-42d8-a18a-ae526e48f5c4/train2022_000000001126_head.jpg,train2022_000000001126,head,0,True,center,2,0.8515625,0.4902708008545528,9dd122be31b75af2042701b8122ec28a5b55b98b41da0d2ff0d9ae4d6989d895
282,hyena/cropped_images/head/238a48f4-e86d-42d8-a18a-ae526e48f5c4/train2022_000000001128_head.jpg,train2022_000000001128,head,0,True,center,0,0.953125,0.5976688550127962,f344df674c68bd128ffe15e4b4a0fa37a022c550a40e84d75b5d40ca9eed46af
283,hyena/cropped_images/head/238a48f4-e86d-42d8-a18a-ae526e48f5c4/train2022_000000001243_head.jpg,train2022_000000001243,head,0,True,center,0,0.98828125,0.5015456674473068,1109b510e25152542894c3e8e2cc764c492987e16dc12b71ce66e96182e6e340
284,hyena/cropped_images/head/238a48f4-e86d-42d8-a18a-ae526e48f5c4/train2022_000000001491_head.jpg,train2022_000000001491,head,0,False,box_center,2,0.84765625,0.6909960409235232,
285,hyena/cropped_images/head/238a48f4-e86d-42d8-a18a-ae526e48f5c4/train2022_000000001699_head.jpg,train2022_000000001699,head,0,True,box_center,2,0.875,0.5254746303763441,718dc4283703431be44c752e66533e108040784bf4d76700b168af4d42919e9a
286,hyena/cropped_images/head/238a48f4-e86d-42d8-a18a-ae526e48f5c4/train2022_000000001758_head.jpg,train2022_000000001758,head,0,True,center,0,0.9609375,0.6625696594427245,a2f37eec8a23149259910e1a453d55b7338e3518ab662208690a3d826499a0b8
287,hyena/cropped_images/head/238a48f4-e86d-42d8-a18a-ae526e48f5c4/train2022_000000001964_head.jpg,train2022_000000001964,head,0,True,center,0,0.90234375,0.674264705882353,e143500452d950c7ebdf6803e2364406a0c9bcaca951482072cef4ed1a810152
288,hyena/cropped_images/head/238a48f4-e86d-42d8-a18a-ae526e48f5c4/train2022_000000002243_head.jpg,train2022_000000002243,head,0,True,center,0,0.94140625,0.6914076905025311,b4ea3f5f335212267f6137ebe6b5b13742da23da652e83c0ddbbb073b4cd1890
289,hyena/cropped_images/head/238a48f4-e86d-42d8-a18a-ae526e48f5c4/train2022_000000002314_head.jpg,train2022_000000002314,head,0,True,center,0,0.94140625,0.6005583246574964,24e261de4770971c13aca8e31f7e9e0be6a820708b641f326eea1306472ecd17
290,hyena/cropped_images/head/238a48f4-e86d-42d8-a18a-ae526e48f5c4/train2022_000000002602_head.jpg,train2022_000000002602,head,0,True,box_center,2,0.87109375,0.5279550601452898,e00bbe41e46a1fc3a39f3954e220b18c391b02c3330701951a863d695f4e77c2
291,hyena/cropped_images/head/238a48f4-e86d-42d8-a18a-ae526e48f5c4/train2022_000000002730_head.jpg,train2022_000000002730,head,0,True,box_center,0,0.95703125,0.7705456244888421,14d459d687c50600a96db01d8a5f728cecfe6a6a353ea9714f4674f4f008e87d
292,hyena/cropped_images/head/238a48f4-e86d-42d8-a18a-ae526e48f5c4/train2022_000000002895_head.jpg,train2022_000000002895,head,0,True,center,2,0.9609375,0.6026662049861495,5dc400c0442baa1aaa14add2dd6c4fefdc96ec3c0d792a9741f46a9ba46d5131
293,hyena/cropped_images/head/238a48f4-e86d-42d8-a18a-ae526e48f5c4/train2022_000000002958_head.jpg,train2022_000000002958,head,0,True,center,2,0.88671875,0.5705614993266497,8bb9f04710b6dcb5f7cd3b179cadba2b96ebd94ed0c510a66cb2d851fec09737
294,hyena/cropped_images/head/23950465-b1cb-4e7e-a861-b18ce82aac55/train2022_000000000758_head.jpg,train2022_000000000758,head,0,True,box_center,2,0.87890625,0.695093350922516,6bda460e08efe7b99b967052698f2c99d9c3a16997badbab9fcc36d18859ad87
295,hyena/cropped_images/head/23950465-b1cb-4e7e-a861-b18ce82aac55/train2022_000000000802_head.jpg,train2022_000000000802,head,0,False,box_center,2,0.77734375,0.4262030015258136,
296,hyena/cropped_images/head/23950465-b1cb-4e7e-a861-b18ce82aac55/train2022_000000001799_head.jpg,train2022_000000001799,head,0,False,center,0,0.8203125,0.8518992636155084,
297,hyena/cropped_images/head/23950465-b1cb-4e7e-a861-b18ce82aac55/train2022_000000002135_head.jpg,train2022_000000002135,head,0,True,center,0,0.89453125,0.6593278119995677,1b018ee8ae744707da83705e5fbca4b76161ef979c23a421b6f44221a407495d
298,hyena/cropped_images/head/23950465-b1cb-4e7e-a861-b18ce82aac55/train2022_000000002300_head.jpg,train2022_000000002300,head,0,False,center,2,0.76953125,0.4231708713407885,
299,hyena/cropped_images/head/23950465-b1cb-4e7e-a861-b18ce82aac55/train2022_000000002332_head.jpg,train2022_000000002332,head,0,False,box_center,0,0.69921875,0.8497073771754197,
300,hyena/cropped_images/head/23950465-b1cb-4e7e-a861-b18ce82aac55/train2022_000000002356_head.jpg,train2022_000000002356,head,0,True,box_center,2,0.9140625,0.579631703371905,3f909bb7bf2e2d6487a7c2229fc900ac205a86f7bd05f4d47b5fde0323bd59dc
301,hyena/cropped_images/head/23950465-b1cb-4e7e-a861-b18ce82aac55/train2022_000000002713_head.jpg,train2022_000000002713,head,0,False,box_center,2,0.5546875,0.29821837561663145,
302,hyena/cropped_images/head/23950465-b1cb-4e7e-a861-b18ce82aac55/train2022_000000002798_head.jpg,train2022_000000002798,head,0,False,box_center,2,0.84375,0.6339089996517321,
303,hyena/cropped_images/head/2434dcf2-9360-46ae-b7be-96de59209f91/train2022_000000001625_head.jpg,train2022_000000001625,head,0,True,center,0,0.98828125,0.8069592233009709,f39399786eb54f742e665098397a8224feca844ab6b00952eaa4996a05f076dc
304,hyena/cropped_images/head/2434dcf2-9360-46ae-b7be-96de59209f91/train2022_000000002881_head.jpg,train2022_000000002881,head,0,False,box_center,2,0.80078125,0.7033447288182574,
305,hyena/cropped_images/head/248353ce-530e-4dea-97c7-31f6029b2088/train2022_000000000271_head.jpg,train2022_000000000271,head,0,True,center,0,0.9609375,0.6944082976117575,b05b1b6f1ddab8a933aedd0b9407ad8e321843aa7d4223c0df98e7f67fbc9720
306,hyena/cropped_images/head/248353ce-530e-4dea-97c7-31f6029b2088/train2022_000000001456_head.jpg,train2022_000000001456,head,0,True,box_center,0,0.86328125,0.8264288400075203,4e2eff98cc6ffcc26dc2f0f7d4e83dd9285435f15640cca58d3855e7511b1a0e
307,hyena/cropped_images/head/248353ce-530e-4dea-97c7-31f6029b2088/train2022_000000001764_head.jpg,train2022_000000001764,head,0,False,box_center,2,0.73046875,0.5148386009270965,
308,hyena/cropped_images/head/248353ce-530e-4dea-97c7-31f6029b2088/train2022_000000002317_head.jpg,train2022_000000002317,head,0,False,box_center,2,0.71484375,0.4833548986430444,
309,hyena/cropped_images/head/248353ce-530e-4dea-97c7-31f6029b2088/train2022_000000002755_head.jpg,train2022_000000002755,head,0,False,box_center,2,0.75,0.5814563524104492,
310,hyena/cropped_images/head/249a4d40-2256-444e-a4d5-68209d8d134d/train2022_000000000483_head.jpg,train2022_000000000483,head,0,True,box_center,2,0.90625,0.6219737396943568,3870973fed361e559cf1bac252fafc1dd2f892b0fb737eb2863944e565c16c3b
311,hyena/cropped_images/head/249a4d40-2256-444e-a4d5-68209d8d134d/train2022_000000000751_head.jpg,train2022_000000000751,head,0,False,box_center,2,0.79296875,0.6184421955930871,
312,hyena/cropped_images/head/249a4d40-2256-444e-a4d5-68209d8d134d/train2022_000000000824_head.jpg,train2022_000000000824,head,0,True,center,0,0.94140625,0.6052904330584471,516a20fa4a14961ee24eb795f537285d520988a289397297c39f1350c06a611e
313,hyena/cropped_images/head/249a4d40-2256-444e-a4d5-68209d8d134d/train2022_000000001549_head.jpg,train2022_000000001549,head,0,True,box_center,2,0.89453125,0.6510686307901907,23ff1b2d7cd32f9b26d91b0e29f2090ec1c72dfa87f0bc99dd3ef74696b34fb5
314,hyena/cropped_images/head/249a4d40-2256-444e-a4d5-68209d8d134d/train2022_000000002084_head.jpg,train2022_000000002084,head,0,False,box_center,2,0.7265625,0.4777518208592766,
315,hyena/cropped_images/head/249a4d40-2256-444e-a4d5-68209d8d134d/train2022_000000002543_head.jpg,train2022_000000002543,head,0,True,center,2,0.9296875,0.7430305655515571,fbb4ba80a09ca01ad8ae08b30129c1209eb0fb6fa27978cd4aa3971ae03d3f47
316,hyena/cropped_images/head/252b0d87-abfc-4622-b3b6-2c815900026f/train2022_000000000701_head.jpg,train2022_000000000701,head,0,True,box_center,2,0.8515625,0.868301418928227,3a7dee0dcc8bd2943a83a3b792121d01dd4f881eb2bb77a925e9451fa3c43e75
317,hyena/cropped_images/head/252b0d87-abfc-4622-b3b6-2c815900026f/train2022_000000000901_head.jpg,train2022_000000000901,head,0,False,box_center,2,0.78125,0.7102796674225246,
318,hyena/cropped_images/head/252b0d87-abfc-4622-b3b6-2c815900026f/train2022_000000000961_head.jpg,train2022_000000000961,head,0,False,box_center,2,0.74609375,0.4887215399232854,
319,hyena/cropped_images/head/252b0d87-abfc-4622-b3b6-2c815900026f/train2022_000000001024_head.jpg,train2022_000000001024,head,0,False,box_center,2,0.7578125,0.572143131973836,
320,hyena/cropped_images/head/252b0d87-abfc-4622-b3b6-2c815900026f/train2022_000000001455_head.jpg,train2022_000000001455,head,0,False,box_center,2,0.796875,0.7858126721763086,
321,hyena/cropped_images/head/252b0d87-abfc-4622-b3b6-2c815900026f/train2022_000000001615_head.jpg,train2022_000000001615,head,0,False,box_center,0,0.77734375,0.876001732726879,
322,hyena/cropped_images/head/252b0d87-abfc-4622-b3b6-2c815900026f/train2022_000000003005_head.jpg,train2022_000000003005,head,0,True,box_center,0,0.890625,0.8901229435172536,a4f6b01da303ea4adbe3a6a9b52042b8e4db1f3cf2645a64bb336dfceab89b4a
323,hyena/cropped_images/head/252b0d87-abfc-4622-b3b6-2c815900026f/train2022_000000003084_head.jpg,train2022_000000003084,head,0,True,center,0,0.91015625,0.5152297367062467,44d0360ee7e1e750402ef67e887830a07e357da9569fdaddb5a618477ca36921
324,hyena/cropped_images/head/280baaed-937b-4984-b7af-3ab6cefd61f9/train2022_000000000167_head.jpg,train2022_000000000167,head,0,True,center,0,0.96875,0.5691509762900976,751422fa0572f03f2b2c7f2b14f74f3e11f3201f83355a8edde56449435e7da6
325,hyena/cropped_images/head/280baaed-937b-4984-b7af-3ab6cefd61f9/train2022_000000000461_head.jpg,train2022_000000000461,head,0,True,center,0,0.94140625,0.6020524936321016,15229bd50a28ccd3db8600a52a9dbb950e6f219a3235d02cd369c1d7da425c18
326,hyena/cropped_images/head/280baaed-937b-4984-b7af-3ab6cefd61f9/train2022_000000000526_head.jpg,train2022_000000000526,head,0,True,center,0,0.98828125,0.6987998994275104,2717338421cd9dc17a886a0d2d1397e593f2dbf4ff91ce84fbd04185ad725e4b
327,hyena/cropped_images/head/280baaed-937b-4984-b7af-3ab6cefd61f9/train2022_000000001220_head.jpg,train2022_000000001220,head,0,False,box_center,2,0.78515625,0.5761223877612239,
328,hyena/cropped_images/head/280baaed-937b-4984-b7af-3ab6cefd61f9/train2022_000000001418_head.jpg,train2022_000000001418,head,0,True,box_center,2,0.984375,0.6698239720855141,b1ad3eff4b154316de18661f7be3498007a94eef79d59056512a83d3022dfbe2
329,hyena/cropped_images/head/280baaed-937b-4984-b7af-3ab6cefd61f9/train2022_000000002402_head.jpg,train2022_000000002402,head,0,True,box_center,0,0.86328125,0.8355357550303776,7b7b775968fcec421ef222b688365b67e4cdee9cc035b4fdb3473e4bc770dd53
330,hyena/cropped_images/head/280baaed-937b-4984-b7af-3ab6cefd61f9/train2022_000000002431_head.jpg,train2022_000000002431,head,0,True,center,0,0.9609375,0.6745754757513864,d55cadcf14745aea229a9d87c15e7550bbdecde02b8b0828e1eb6023d8291e14
331,hyena/cropped_images/head/281d2f9c-e9d9-4125-9ecf-e5fd4c4f9fa0/train2022_000000002758_head.jpg,train2022_000000002758,head,0,True,center,0,0.9140625,0.6909001956947163,5bafa336386df093f7e916c8aad108bf1084ee38d5935d3711e80cc469c78f89
332,hyena/cropped_images/head/2b13d5a4-831c-4c87-8294-4b0c61541e3b/train2022_000000000045_head.jpg,train2022_000000000045,head,0,True,center,0,0.984375,0.5903803920505382,ebfaf0615ae0ef165bd221f96c5bb4c36e425ac335172a6f2ca3b04dc84d2568
333,hyena/cropped_images/head/2b13d5a4-831c-4c87-8294-4b0c61541e3b/train2022_000000000131_head.jpg,train2022_000000000131,head,0,True,center,0,0.9765625,0.6647186932849365,bc24dc13b6a255521c7c0ddb27f4b0273b9aa1ee8c2b1bfd336736645bf9197f
334,hyena/cropped_images/head/2b13d5a4-831c-4c87-8294-4b0c61541e3b/train2022_000000000757_head.jpg,train2022_000000000757,head,0,True,center,0,0.96484375,0.5077089959348737,7207f42da1f8b8d2b55e4fd165963b7fbe4711c07793b1d13b28bf998a0c1633
335,hyena/cropped_images/head/2b13d5a4-831c-4c87-8294-4b0c61541e3b/train2022_000000002662_head.jpg,train2022_000000002662,head,0,True,box_center,2,0.97265625,0.5452886529528865,359677ea69690d020cfbe693dc0b9e9aba3758141f4bd891250e3de4668e7e8a
336,hyena/cropped_images/head/2b13d5a4-831c-4c87-8294-4b0c61541e3b/train2022_000000002675_head.jpg,train2022_000000002675,head,0,True,center,0,0.984375,0.663448029951863,5801be17500ed7ec8015554e99d1cf527d1f838f2a030c67bd105031712ed538
337,hyena/cropped_images/head/2b13d5a4-831c-4c87-8294-4b0c61541e3b/train2022_000000002833_head.jpg,train2022_000000002833,head,0,True,center,0,0.98046875,0.6077195866246594,d6e92e92ab8f30c88c187026bef757d432caa6211dba5d1529ff5a0677240589
338,hyena/cropped_images/head/2b733eca-99a6-482f-b57f-567970a2e8dd/train2022_000000000404_head.jpg,train2022_000000000404,head,0,True,center,2,0.859375,0.5052940979992652,4071675e1cd29e297ed66601e7b271b54091148d03716512e5f744023c814ca8
339,hyena/cropped_images/head/2b733eca-99a6-482f-b57f-567970a2e8dd/train2022_000000000435_head.jpg,train2022_000000000435,head,0,True,center,2,0.88671875,0.6062337662337662,6c15b965818180741dc893749b87d7d147344c38bd448845569c0823abd33ad5
340,hyena/cropped_images/head/2b733eca-99a6-482f-b57f-567970a2e8dd/train2022_000000001543_head.jpg,train2022_000000001543,head,0,True,center,2,0.96484375,0.48360919540229885,aeda1d16c6b509a744c3269e34a0de5ddb5680594a692fb813401b0782436f37
341,hyena/cropped_images/head/2b733eca-99a6-482f-b57f-567970a2e8dd/train2022_000000001558_head.jpg,train2022_000000001558,head,0,True,center,0,0.96484375,0.6653062810945274,83ddf1e9df75d00eab5f47540cdd02f1d2f75a0d8d58d745c851a6ee91bf2633
342,hyena/cropped_images/head/2b733eca-99a6-482f-b57f-567970a2e8dd/train2022_000000001846_head.jpg,train2022_000000001846,head,0,True,center,2,0.953125,0.5502929078898168,cc73e36871056491ffdf283b0939700a54efa292923c3b5ea99dec82858f0f89
343,hyena/cropped_images/head/2b733eca-99a6-482f-b57f-567970a2e8dd/train2022_000000002067_head.jpg,train2022_000000002067,head,0,True,center,2,0.93359375,0.6399173027989822,11ba0f01d96f596a520b6812f228820256320daf12d3cba1ee5ad9b0c135d829
344,hyena/cropped_images/head/2b733eca-99a6-482f-b57f-567970a2e8dd/train2022_000000002533_head.jpg,train2022_000000002533,head,0,True,center,0,0.98828125,0.5424867083294469,888ccf07900434ec9729db6c6e06fce5dbdf8ab36ea0c61a7f10e26dc63e3f0b
345,hyena/cropped_images/head/2c44f7c6-44e5-4d34-9304-7807962aa038/train2022_000000001843_head.jpg,train2022_000000001843,head,0,True,center,0,0.984375,0.5630945883891628,61a4348daabeea466f46e67e5d524f1cca4e9bbc25a9ea16674e8b86fcdb6aca
346,hyena/cropped_images/head/2c44f7c6-44e5-4d34-9304-7807962aa038/train2022_000000002256_head.jpg,train2022_000000002256,head,0,True,center,0,0.984375,0.5848349879867628,c5c43693495e8816a0cc3801b8b8b74c96776299e290903fa08f4bbc47da6ffb
347,hyena/cropped_images/head/2c47b308-3b61-45db-b6fd-f1560b32f358/train2022_000000000142_head.jpg,train2022_000000000142,head,0,True,center,0,0.96875,0.4567268617291476,8151f697790592a3815f35d84186918b0108d7e200c2db33e28692ff235b08d0
348,hyena/cropped_images/head/2c47b308-3b61-45db-b6fd-f1560b32f358/train2022_000000000178_head.jpg,train2022_000000000178,head,0,True,center,0,0.9765625,0.6087362702372267,9d0e4ba50310bdb43fe0f8c47e268995607c8b1df86431127c8280f8fe0827e9
349,hyena/cropped_images/head/2c47b308-3b61-45db-b6fd-f1560b32f358/train2022_000000000201_head.jpg,train2022_000000000201,head,0,False,center,2,0.84375,0.4341241632314687,
350,hyena/cropped_images/head/2c47b308-3b61-45db-b6fd-f1560b32f358/train2022_000000000260_head.jpg,train2022_000000000260,head,0,True,box_center,0,0.86328125,0.736460375914678,bc2f20b20454cca9116eeb0b8ae53afec6267077a121c32c6e0833bf8a5dcafb
351,hyena/cropped_images/head/2c47b308-3b61-45db-b6fd-f1560b32f358/train2022_000000000266_head.jpg,train2022_000000000266,head,0,True,box_center,0,0.87890625,0.8513398702999314,9476e2d73c2ffa2de9e8c61db6ba70646732a8eaed6663c185fdbc4427e4d7e2
352,hyena/cropped_images/head/2c47b308-3b61-45db-b6fd-f1560b32f358/train2022_000000000356_head.jpg,train2022_000000000356,head,0,True,center,0,0.8828125,0.45448178539695816,728ad014086f7f7787e511d999ed8cb516cf8c14abebcaf9c2f37e642da50557
353,hyena/cropped_images/head/2c47b308-3b61-45db-b6fd-f1560b32f358/train2022_000000000372_head.jpg,train2022_000000000372,head,0,False,center,2,0.78515625,0.435820003298153,
354,hyena/cropped_images/head/2c47b308-3b61-45db-b6fd-f1560b32f358/train2022_000000000442_head.jpg,train2022_000000000442,head,0,True,box_center,0,0.8828125,0.869380331815565,c141bce86ec7ea22ec1370e10a37c0fcd5640210cf9c47ec9064c3d04715cff3
355,hyena/cropped_images/head/2c47b308-3b61-45db-b6fd-f1560b32f358/train2022_000000000578_head.jpg,train2022_000000000578,head,0,False,box_center,2,0.65234375,0.4327652775928638,
356,hyena/cropped_images/head/2c47b308-3b61-45db-b6fd-f1560b32f358/train2022_000000000628_head.jpg,train2022_000000000628,head,0,True,center,0,0.90234375,0.46943326444033506,bd84b9d8f5638e2c4af195b331aa65bdc7ea4db0967d7335044b377ba15d9b43
357,hyena/cropped_images/head/2c47b308-3b61-45db-b6fd-f1560b32f358/train2022_000000000653_head.jpg,train2022_000000000653,head,0,True,center,0,0.984375,0.6561929283554384,08e2a0ecb4f48939da5346702fefe5a69dd1c9f518f0ef20541e5c3de35a7edc
358,hyena/cropped_images/head/2c47b308-3b61-45db-b6fd-f1560b32f358/train2022_000000000868_head.jpg,train2022_000000000868,head,0,True,center,0,0.98046875,0.39611373475009837,aa2114f6252a1873f5421eecd2a81cd4bde7e361cbe30e58f5e4f5a72c16deb6
359,hyena/cropped_images/head/2c47b308-3b61-45db-b6fd-f1560b32f358/train2022_000000000895_head.jpg,train2022_000000000895,head,0,True,center,0,0.96484375,0.5441970501341362,73c1ee78ef8a82b63f33d528595858558c9359c52cf3f54968cc6a59d00b0b82
360,hyena/cropped_images/head/2c47b308-3b61-45db-b6fd-f1560b32f358/train2022_000000001036_head.jpg,train2022_000000001036,head,0,True,center,0,0.98046875,0.4449225725242235,65835328a6c157c0c9d9cd81f44d0c5c3a20bd7514b3ac8f06d8a0a7231848de
361,hyena/cropped_images/head/2c47b308-3b61-45db-b6fd-f1560b32f358/train2022_000000001098_head.jpg,train2022_000000001098,head,0,False,box_center,2,0.7265625,0.7910442737042305,
362,hyena/cropped_images/head/2c47b308-3b61-45db-b6fd-f1560b32f358/train2022_000000001266_head.jpg,train2022_000000001266,head,0,False,box_center,2,0.7578125,0.6822818929339111,
363,hyena/cropped_images/head/2c47b308-3b61-45db-b6fd-f1560b32f358/train2022_000000001354_head.jpg,train2022_000000001354,head,0,True,box_center,0,0.97265625,0.6234159826917133,b04d2b39ee034f70dd08c14cee3e042a6249582a2c062b67f50f70b3a3c88071
364,hyena/cropped_images/head/2c47b308-3b61-45db-b6fd-f1560b32f358/train2022_000000001393_head.jpg,train2022_000000001393,head,0,True,box_center,2,0.88671875,0.5660222519172671,f4e3d92781b1921cb7be1928450c2c0f7161dfd0ece0300d0624d6685362845d
365,hyena/cropped_images/head/2c47b308-3b61-45db-b6fd-f1560b32f358/train2022_000000001598_head.jpg,train2022_000000001598,head,0,True,center,0,0.94140625,0.7182039986445273,e2dea80f64db59de94e14c87af8fa2be6d7d8d7704465897b967e45719a0e02f
366,hyena/cropped_images/head/2c47b308-3b61-45db-b6fd-f1560b32f358/train2022_000000001621_head.jpg,train2022_000000001621,head,0,False,box_center,0,0.79296875,0.8680636374891668,
367,hyena/cropped_images/head/2c47b308-3b61-45db-b6fd-f1560b32f358/train2022_000000001807_head.jpg,train2022_000000001807,head,0,True,box_center,2,0.89453125,0.6442160330091364,353e6191063fbc2b467d1d9a8beb80f80579c8eb87c55160603334f08bdcfacd
368,hyena/cropped_images/head/2c47b308-3b61-45db-b6fd-f1560b32f358/train2022_000000001830_head.jpg,train2022_000000001830,head,0,True,box_center,2,0.94140625,0.6093662523793528,23d02649f6a48aa3c334b5050bb0e8799ec8e8a197475012af537502cd7a2d22
369,hyena/cropped_images/head/2c47b308-3b61-45db-b6fd-f1560b32f358/train2022_000000002021_head.jpg,train2022_000000002021,head,0,True,box_center,2,0.9609375,0.5485474254742547,f48cc470083be60fb6247948b10be47174e99836f4f8f8f46a4858da90c8639c
370,hyena/cropped_images/head/2c47b308-3b61-45db-b6fd-f1560b32f358/train2022_000000002046_head.jpg,train2022_000000002046,head,0,True,center,2,0.9296875,0.4613756613756614,ad36abc45a4ee94c61ca73817df9e28f9a78f1de152c1f298ab560ad231e92e4
371,hyena/cropped_images/head/2c47b308-3b61-45db-b6fd-f1560b32f358/train2022_000000002236_head.jpg,train2022_000000002236,head,0,False,box_center,2,0.83203125,0.6412712785222745,
372,hyena/cropped_images/head/2c47b308-3b61-45db-b6fd-f1560b32f358/train2022_000000002352_head.jpg,train2022_000000002352,head,0,True,box_center,0,0.95703125,0.6700864288951027,f041ec97e76c9a16c07741fe9773d67a83a363cbc1dce7dcd3b4cb66a7842760
373,hyena/cropped_images/head/2c47b308-3b61-45db-b6fd-f1560b32f358/train2022_000000002361_head.jpg,train2022_000000002361,head,0,True,box_center,0,0.859375,0.8338655530991567,2f05c6f701601b68615262ad0385aa432a2488e6677bd0f32aa0274a2938a562
374,hyena/cropped_images/head/2c47b308-3b61-45db-b6fd-f1560b32f358/train2022_000000002384_head.jpg,train2022_000000002384,head,0,True,box_center,0,0.85546875,0.8207176935310111,5930c422ece6e980abd2b18a4b63b20d4b9951c1f3ed854b67c71c33894dcf01
375,hyena/cropped_images/head/2c47b308-3b61-45db-b6fd-f1560b32f358/train2022_000000002403_head.jpg,train2022_000000002403,head,0,True,box_center,0,0.875,0.867652146939165,ca89ba9cbe83c1fd4080a60e2ef4466961e217fd42ac7656342604d563616289
376,hyena/cropped_images/head/2c47b308-3b61-45db-b6fd-f1560b32f358/train2022_000000002430_head.jpg,train2022_000000002430,head,0,True,center,0,0.98828125,0.47832512315270936,660c34357de3b2c526153b238a1bc6adab61f6c4d076e42d4e7c8e2084a1f38a
377,hyena/cropped_images/head/2c47b308-3b61-45db-b6fd-f1560b32f358/train2022_000000002479_head.jpg,train2022_000000002479,head,0,True,box_center,0,0.94140625,0.7523090282346131,8a79f6950a24a70de8364cf542ab777231e6b40193e89cccf3e4482a2035f50d
378,hyena/cropped_images/head/2c47b308-3b61-45db-b6fd-f1560b32f358/train2022_000000002619_head.jpg,train2022_000000002619,head,0,True,box_center,0,0.9296875,0.7289750692520776,1f4ac764894d6c69b847131848d4af97237f8f3fc463cfb730ac818df94d571c
379,hyena/cropped_images/head/2c47b308-3b61-45db-b6fd-f1560b32f358/train2022_000000002718_head.jpg,train2022_000000002718,head,0,True,box_center,2,0.9375,0.6474327986523108,d9070f5d901b1210c949d1a7939abdeadc350fcf5a9701d179b6077ea8133840
380,hyena/cropped_images/head/2c47b308-3b61-45db-b6fd-f1560b32f358/train2022_000000002807_head.jpg,train2022_000000002807,head,0,True,box_center,2,0.87109375,0.6262278496304182,546207a7ce999b9f19e4eb423b724850aadf188f073b7225765d5297fd96297b
381,hyena/cropped_images/head/2c47b308-3b61-45db-b6fd-f1560b32f358/train2022_000000002814_head.jpg,train2022_000000002814,head,0,True,box_center,0,0.96484375,0.5983302975106254,f7355839a6c04c2828da6bbc2bcd4288fae6813c2d9aea89dda9ca3bc8100113
382,hyena/cropped_images/head/2c47b308-3b61-45db-b6fd-f1560b32f358/train2022_000000002862_head.jpg,train2022_000000002862,head,0,False,center,0,0.7109375,0.2234826398091704,
383,hyena/cropped_images/head/2c47b308-3b61-45db-b6fd-f1560b32f358/train2022_000000002966_head.jpg,train2022_000000002966,head,0,True,center,0,0.92578125,0.5884913771804121,546185ee2ab27e44f7fad60a9ce613b2bd440cb711e54e4a08c848d899530eb7
384,hyena/cropped_images/head/2d191ce6-09a1-427e-b32c-4001038057c3/train2022_000000000250_head.jpg,train2022_000000000250,head,0,True,center,0,0.984375,0.7226836655408084,3f64a7cadd31c2f83c766bc31cccf9f8e616c8c5544ca204b4daff23583058d8
385,hyena/cropped_images/head/2d191ce6-09a1-427e-b32c-4001038057c3/train2022_000000000412_head.jpg,train2022_000000000412,head,0,True,center,0,0.98046875,0.6996483268680957,f76400ff9fe5c1f5b07a93370bae378da93179c46db7187a5cc6a040f8d60f78
386,hyena/cropped_images/head/2d191ce6-09a1-427e-b32c-4001038057c3/train2022_000000001021_head.jpg,train2022_000000001021,head,0,False,box_center,2,0.69921875,0.5417761443512216,
387,hyena/cropped_images/head/2db6e83c-f316-45ea-9a60-b1fc2482a2f8/train2022_000000000105_head.jpg,train2022_000000000105,head,0,True,center,0,0.9921875,0.4869285967399008,744b9e12ccd0d55eb27196512907900ea7c0bef3318e6ad8b7af1f40b3c3f848
388,hyena/cropped_images/head/2db6e83c-f316-45ea-9a60-b1fc2482a2f8/train2022_000000000764_head.jpg,train2022_000000000764,head,0,True,center,0,0.98828125,0.5338447416732232,63c37dac5675e260ac6b51050c828c274e7f8a0a79108f22ba003a9f59f9cfdd
389,hyena/cropped_images/head/2db6e83c-f316-45ea-9a60-b1fc2482a2f8/train2022_000000001317_head.jpg,train2022_000000001317,head,0,True,center,0,0.9765625,0.6316417910447761,d7d3e536aa1e632c7d0115809b458f03a5a920771c5a13e15cf8f5797a2305f3
390,hyena/cropped_images/head/2db6e83c-f316-45ea-9a60-b1fc2482a2f8/train2022_000000001457_head.jpg,train2022_000000001457,head,0,True,center,2,0.97265625,0.6055173639919402,ca6925ac9c11de8670aa1524e841826adfdd63e86406870fce3c78ccb16d845d
391,hyena/cropped_images/head/2db6e83c-f316-45ea-9a60-b1fc2482a2f8/train2022_000000001711_head.jpg,train2022_000000001711,head,0,False,box_center,2,0.734375,0.6633827594873084,
392,hyena/cropped_images/head/2db6e83c-f316-45ea-9a60-b1fc2482a2f8/train2022_000000002034_head.jpg,train2022_000000002034,head,0,True,center,0,0.984375,0.4863191433451583,611ba9ef70aa84d7c236947fe729501850086abea023180aa3a5dc5c038465ab
393,hyena/cropped_images/head/2db6e83c-f316-45ea-9a60-b1fc2482a2f8/train2022_000000002280_head.jpg,train2022_000000002280,head,0,True,center,2,0.92578125,0.5097765477823127,4f1164df401f44a98f181a440aff7d239c53f83200ea64162575321017aa667e
394,hyena/cropped_images/head/2f698ae6-cb0a-44e4-b813-ebd2faf0af13/train2022_000000000139_head.jpg,train2022_000000000139,head,0,False,box_center,2,0.73828125,0.6263200467352716,
395,hyena/cropped_images/head/2f698ae6-cb0a-44e4-b813-ebd2faf0af13/train2022_000000000273_head.jpg,train2022_000000000273,head,0,True,box_center,0,0.88671875,0.7932056855370488,2aafc9e6ea50401094fe70604c4be8b2d4267b5cff17309cf9bc3ab8cfd38813
396,hyena/cropped_images/head/2f698ae6-cb0a-44e4-b813-ebd2faf0af13/train2022_000000002375_head.jpg,train2022_000000002375,head,0,True,center,0,0.90234375,0.5586534372785259,ab661e92c63b02076da1af1eb439a51073533278c4f1cb02dd2a19f2898e41df
397,hyena/cropped_images/head/2f698ae6-cb0a-44e4-b813-ebd2faf0af13/train2022_000000002414_head.jpg,train2022_000000002414,head,0,False,box_center,2,0.6015625,0.43237662337662336,
398,hyena/cropped_images/head/306f89ef-3312-4218-8c1c-59f94f3fc32c/train2022_000000000585_head.jpg,train2022_000000000585,head,0,False,box_center,2,0.7890625,0.570767361983748,
399,hyena/cropped_images/head/306f89ef-3312-4218-8c1c-59f94f3fc32c/train2022_000000000784_head.jpg,train2022_000000000784,head,0,False,box_center,2,0.74609375,0.5565175565175565,
400,hyena/cropped_images/head/306f89ef-3312-4218-8c1c-59f94f3fc32c/train2022_000000001240_head.jpg,train2022_000000001240,head,0,False,box_center,2,0.6953125,0.4848546498485465,
401,hyena/cropped_images/head/306f89ef-3312-4218-8c1c-59f94f3fc32c/train2022_000000001489_head.jpg,train2022_000000001489,head,0,False,box_center,2,0.8359375,0.7809844559585493,
402,hyena/cropped_images/head/306f89ef-3312-4218-8c1c-59f94f3fc32c/train2022_000000001693_head.jpg,train2022_000000001693,head,0,True,box_center,2,0.90625,0.6995778611632271,5dbe30257f8a37aaedd442698d2ffe186baee3d60d4e9870194504484445f113
403,hyena/cropped_images/head/306f89ef-3312-4218-8c1c-59f94f3fc32c/train2022_000000002598_head.jpg,train2022_000000002598,head,0,False,box_center,2,0.765625,0.5217280489358991,
404,hyena/cropped_images/head/306f89ef-3312-4218-8c1c-59f94f3fc32c/train2022_000000002749_head.jpg,train2022_000000002749,head,0,True,box_center,0,0.87109375,0.8434436098847543,05d6f150cc3a9473fff2dfa80057df3c12b084b93a1155209ae745371a4df179
405,hyena/cropped_images/head/310eb8ee-7097-4ea5-b91e-31ce40b9685c/train2022_000000000126_head.jpg,train2022_000000000126,head,0,True,box_center,0,0.86328125,0.7779785311935381,8e38b9ecc4f8a9309e3a30401efd65f4b437126acca535595d2caef3c7e5d5f2
406,hyena/cropped_images/head/310eb8ee-7097-4ea5-b91e-31ce40b9685c/train2022_000000000199_head.jpg,train2022_000000000199,head,0,True,center,0,0.88671875,0.4670914823716182,72cc6f0367e2415ffce83b41c48485a79ee90641ef42feabdf9a2f2f0d07f067
407,hyena/cropped_images/head/310eb8ee-7097-4ea5-b91e-31ce40b9685c/train2022_000000000290_head.jpg,train2022_000000000290,head,0,True,center,0,0.97265625,0.5160706323497021,d53669efc7857c410d12acb2e493b1012c92d78a64dabaf1d895dc4d20a90357
408,hyena/cropped_images/head/310eb8ee-7097-4ea5-b91e-31ce40b9685c/train2022_000000000325_head.jpg,train2022_000000000325,head,0,True,center,0,0.98828125,0.6391074203574204,2bc1dbad4ebea4bdccd934c2837c739a736f30929c80dfa8f370b057fdb2fc5c
409,hyena/cropped_images/head/310eb8ee-7097-4ea5-b91e-31ce40b9685c/train2022_000000000553_head.jpg,train2022_000000000553,head,0,True,center,0,0.953125,0.5192202194357367,b1d52e6b7af10820f483ffb5c8a05eab31834ce300fb278c2d31703c84fc1e05
410,hyena/cropped_images/head/310eb8ee-7097-4ea5-b91e-31ce40b9685c/train2022_000000000734_head.jpg,train2022_000000000734,head,0,True,center,0,0.984375,0.4450409044948984,c65bce7a1649193447a0b459150fd53d773592d6c5e3b023d481acf89a2b896f
411,hyena/cropped_images/head/310eb8ee-7097-4ea5-b91e-31ce40b9685c/train2022_000000001104_head.jpg,train2022_000000001104,head,0,True,box_center,2,0.90234375,0.722755147487067,45dcae887503403eaaaf834da15c9dc127e2a47c63173aa67dc36549c7245ca3
412,hyena/cropped_images/head/310eb8ee-7097-4ea5-b91e-31ce40b9685c/train2022_000000001233_head.jpg,train2022_000000001233,head,0,True,center,0,0.98046875,0.6678512305485046,1dbb8bfc348587be6d3a83de1ae570b85073182924fb00a56aee0cce94dff862
413,hyena/cropped_images/head/310eb8ee-7097-4ea5-b91e-31ce40b9685c/train2022_000000001382_head.jpg,train2022_000000001382,head,0,False,box_center,0,0.66796875,0.6628524927757664,
414,hyena/cropped_images/head/310eb8ee-7097-4ea5-b91e-31ce40b9685c/train2022_000000001485_head.jpg,train2022_000000001485,head,0,True,center,0,0.96875,0.7239761727475801,4074b6acc594da70548aa750f8e1cbbbae28e303c34c2f5212f60d4581fe8fe4
415,hyena/cropped_images/head/310eb8ee-7097-4ea5-b91e-31ce40b9685c/train2022_000000001583_head.jpg,train2022_000000001583,head,0,True,center,0,0.96875,0.6639863003499367,ab81472926cef9188ea4c9d4facc422b181bc283b355c6bae4fd8d31a97881c7
416,hyena/cropped_images/head/310eb8ee-7097-4ea5-b91e-31ce40b9685c/train2022_000000001895_head.jpg,train2022_000000001895,head,0,True,center,0,0.98046875,0.6060181339977851,6c9d96f7d798ea14e9ebdf5cd5e6ed9eab933dd89f8fbe814ddbce4ed506231a
417,hyena/cropped_images/head/310eb8ee-7097-4ea5-b91e-31ce40b9685c/train2022_000000002090_head.jpg,train2022_000000002090,head,0,False,box_center,0,0.7109375,0.8654131166728736,
418,hyena/cropped_images/head/310eb8ee-7097-4ea5-b91e-31ce40b9685c/train2022_000000002189_head.jpg,train2022_000000002189,head,0,True,center,0,0.98046875,0.6109535625664658,b94bbe604e072e1ad08964d482a81063b345878ac50d000b153e3143883511ff
419,hyena/cropped_images/head/310eb8ee-7097-4ea5-b91e-31ce40b9685c/train2022_000000002334_head.jpg,train2022_000000002334,head,0,False,box_center,0,0.57421875,0.5868985397920147,
420,hyena/cropped_images/head/310eb8ee-7097-4ea5-b91e-31ce40b9685c/train2022_000000002389_head.jpg,train2022_000000002389,head,0,True,center,0,0.97265625,0.6795408847184986,57a69009a58acd78d40ecb583f98b05c1fd6cfa4759ee93ab9760511d2f8cc9d
421,hyena/cropped_images/head/310eb8ee-7097-4ea5-b91e-31ce40b9685c/train2022_000000002442_head.jpg,train2022_000000002442,head,0,True,center,0,0.98046875,0.5755015197568389,90cb704fc52ed3b952a5795c948895cf156a38cc785790119754ca1aea4358f5
422,hyena/cropped_images/head/310eb8ee-7097-4ea5-b91e-31ce40b9685c/train2022_000000002524_head.jpg,train2022_000000002524,head,0,True,center,0,0.984375,0.5228949681681362,f13f08bcfb2b3f6a745381c49cc3b1d8c93efd5b1f161de2e29385159d02f69b
423,hyena/cropped_images/head/310eb8ee-7097-4ea5-b91e-31ce40b9685c/train2022_000000002630_head.jpg,train2022_000000002630,head,0,True,center,0,0.98828125,0.5684204317565177,3775ab03dc4b51308179b1084e1742a1370bed0231bb2722df25685785a26391
424,hyena/cropped_images/head/310eb8ee-7097-4ea5-b91e-31ce40b9685c/train2022_000000002905_head.jpg,train2022_000000002905,head,0,True,center,0,0.98046875,0.541910862750443,a187f1ce11511ffb6431b2f5d6befe80986cc85b6b8fc35b923d93a19f57657f
425,hyena/cropped_images/head/310eb8ee-7097-4ea5-b91e-31ce40b9685c/train2022_000000002943_head.jpg,train2022_000000002943,head,0,True,box_center,0,0.94140625,0.5662512534020914,0658eaef35940c97e3c67783aba0cdd45efedcb056276432fd18ea8fbb81daea
426,hyena/cropped_images/head/3347e8b1-1d84-412a-8e3f-5b0c146f9b95/train2022_000000001070_head.jpg,train2022_000000001070,head,0,True,box_center,0,0.91796875,0.710803897823602,c47c8f1249c730fbe5681d5d27b6d57fad67ed4a262bb1806b896dc10fd75328
427,hyena/cropped_images/head/3347e8b1-1d84-412a-8e3f-5b0c146f9b95/train2022_000000001471_head.jpg,train2022_000000001471,head,0,False,box_center,0,0.78125,0.8947119738551798,
428,hyena/cropped_images/head/3347e8b1-1d84-412a-8e3f-5b0c146f9b95/train2022_000000002753_head.jpg,train2022_000000002753,head,0,False,box_center,2,0.71484375,0.5410574830367431,
429,hyena/cropped_images/head/34365bcc-5b2d-4f80-b721-ef7039e64fe8/train2022_000000000067_head.jpg,train2022_000000000067,head,0,True,box_center,2,0.8984375,0.6033651201173665,a8335578ca099af15ea7d15ecc6e5bbf686a089741b17b5d683e471663532f9d
430,hyena/cropped_images/head/34365bcc-5b2d-4f80-b721-ef7039e64fe8/train2022_000000000089_head.jpg,train2022_000000000089,head,0,False,box_center,2,0.79296875,0.5991483925910155,
431,hyena/cropped_images/head/34365bcc-5b2d-4f80-b721-ef7039e64fe8/train2022_000000000137_head.jpg,train2022_000000000137,head,0,True,center,2,0.94921875,0.5402179979644769,23a7e605ee3673924d1b827ecf28bbff8c2c9605e975dcc41d66fb3a372979d8
432,hyena/cropped_images/head/34365bcc-5b2d-4f80-b721-ef7039e64fe8/train2022_000000000173_head.jpg,train2022_000000000173,head,0,True,center,0,0.98828125,0.6627483936853751,2e91fb6e069693714b24549124ab1e1702c44497933d56d031d301e2b4573c10
433,hyena/cropped_images/head/34365bcc-5b2d-4f80-b721-ef7039e64fe8/train2022_000000000245_head.jpg,train2022_000000000245,head,0,True,box_center,0,0.890625,0.7766580082719257,a91791e811104d2499c7db9c2bd1a6b6e019d62b7d7cf84f388d9b3c41068b40
434,hyena/cropped_images/head/34365bcc-5b2d-4f80-b721-ef7039e64fe8/train2022_000000000327_head.jpg,train2022_000000000327,head,0,True,box_center,2,0.8828125,0.4936875205331581,5a528c61c658e04266ae5c86d7a6b62ab8579b6b32163e1adfe2ce83251eb269
435,hyena/cropped_images/head/34365bcc-5b2d-4f80-b721-ef7039e64fe8/train2022_000000000383_head.jpg,train2022_000000000383,head,0,True,center,0,0.98046875,0.6676287756094693,d6eb2a7eacba02918abc78bf6e450759176332f605e45dc7d11ecd661bf240c2
436,hyena/cropped_images/head/34365bcc-5b2d-4f80-b721-ef7039e64fe8/train2022_000000000387_head.jpg,train2022_000000000387,head,0,True,center,0,0.92578125,0.6814611018826136,76d667b81dc461f436e8e86ff2b7f0e4be812a6079a40ca89fe522c747f7fb30
437,hyena/cropped_images/head/34365bcc-5b2d-4f80-b721-ef7039e64fe8/train2022_000000000652_head.jpg,train2022_000000000652,head,0,True,center,0,0.96484375,0.6134724182041171,0ec3a5b949a6ea7de9fb66923ae2ef940a67c73c557cf5ba80f25a0d2aabb32e
438,hyena/cropped_images/head/34365bcc-5b2d-4f80-b721-ef7039e64fe8/train2022_000000000710_head.jpg,train2022_000000000710,head,0,True,center,0,0.97265625,0.6943117364746946,d036cc6470bd56c4c6dbf0a0625c28646c5d4b38b223106be9c191890caa016e
439,hyena/cropped_images/head/34365bcc-5b2d-4f80-b721-ef7039e64fe8/train2022_000000000711_head.jpg,train2022_000000000711,head,0,False,center,0,0.828125,0.6172248803827751,
440,hyena/cropped_images/head/34365bcc-5b2d-4f80-b721-ef7039e64fe8/train2022_000000000756_head.jpg,train2022_000000000756,head,0,False,box_center,0,0.703125,0.7407596153846154,
441,hyena/cropped_images/head/34365bcc-5b2d-4f80-b721-ef7039e64fe8/train2022_000000000855_head.jpg,train2022_000000000855,head,0,False,center,0,0.796875,0.4351933467457055,
442,hyena/cropped_images/head/34365bcc-5b2d-4f80-b721-ef7039e64fe8/train2022_000000000915_head.jpg,train2022_000000000915,head,0,True,center,0,0.9609375,0.6608386288897471,853b50abe55f855ecee8d5d94dfdef2e8bf8820e01543be3a5ca40d2ec608005
443,hyena/cropped_images/head/34365bcc-5b2d-4f80-b721-ef7039e64fe8/train2022_000000001027_head.jpg,train2022_000000001027,head,0,True,center,0,0.94921875,0.6795533610144765,846485aa6a64dc75bb58da4f12c6cdf2eded0892217adec1c5f3d2b4886e93f0
444,hyena/cropped_images/head/34365bcc-5b2d-4f80-b721-ef7039e64fe8/train2022_000000001064_head.jpg,train2022_000000001064,head,0,True,box_center,2,0.90625,0.7190118338084133,773c91f44aca4ff372c89589406545e63856dc8942ce5b536e1cfce169ad7c48
445,hyena/cropped_images/head/34365bcc-5b2d-4f80-b721-ef7039e64fe8/train2022_000000001131_head.jpg,train2022_000000001131,head,0,False,box_center,0,0.8359375,0.7580896376350922,
446,hyena/cropped_images/head/34365bcc-5b2d-4f80-b721-ef7039e64fe8/train2022_000000001146_head.jpg,train2022_000000001146,head,0,True,center,0,0.96875,0.6613250492125984,8cd8d3c8976d946c36ffbdb5dda0ed6a61459747409da2b60b6214129d2c5893
447,hyena/cropped_images/head/34365bcc-5b2d-4f80-b721-ef7039e64fe8/train2022_000000001188_head.jpg,train2022_000000001188,head,0,True,box_center,2,0.96875,0.7534478837127556,ef0c5f228a58e8a643e50a9873a05d3a79aa3326ff6f7fcddedddeca3e01e56c
448,hyena/cropped_images/head/34365bcc-5b2d-4f80-b721-ef7039e64fe8/train2022_000000001373_head.jpg,train2022_000000001373,head,0,True,center,0,0.984375,0.5877079002079002,49882401042f0b60b8fd09806a9421af41823da20e2770f1c8c1b945e3118c9c
449,hyena/cropped_images/head/34365bcc-5b2d-4f80-b721-ef7039e64fe8/train2022_000000001528_head.jpg,train2022_000000001528,head,0,True,box_center,0,0.88671875,0.5425787250384024,7f99dee47008aad84922655e41b302c2b93e3007c8427fbdcb5dc6742e0096a4
450,hyena/cropped_images/head/34365bcc-5b2d-4f80-b721-ef7039e64fe8/train2022_000000001649_head.jpg,train2022_000000001649,head,0,True,center,0,0.98046875,0.6353578935722978,dda65e78608e5746edc4063155d0302c5f4fc2a0fa4485426f13741e7f8859fa
451,hyena/cropped_images/head/34365bcc-5b2d-4f80-b721-ef7039e64fe8/train2022_000000001721_head.jpg,train2022_000000001721,head,0,False,box_center,0,0.83984375,0.760730271829203,
452,hyena/cropped_images/head/34365bcc-5b2d-4f80-b721-ef7039e64fe8/train2022_000000001746_head.jpg,train2022_000000001746,head,0,True,center,0,0.86328125,0.548555808368095,54ff85345505e430cc8eba9875c3a4d7130287fb49dda9edf3702763915994e7
453,hyena/cropped_images/head/34365bcc-5b2d-4f80-b721-ef7039e64fe8/train2022_000000001780_head.jpg,train2022_000000001780,head,0,True,center,0,0.97265625,0.6998852157943067,30fedd1ba3961b0e93afb60b0c2df99275df0b1a15e534a478013a9d69685971
454,hyena/cropped_images/head/34365bcc-5b2d-4f80-b721-ef7039e64fe8/train2022_000000001813_head.jpg,train2022_000000001813,head,0,True,center,0,0.94140625,0.7956338717572198,bd7668047ef4c61dbbe741a1641c7a13cda9dcb8b3955ad711a5fe1b743067cf
455,hyena/cropped_images/head/34365bcc-5b2d-4f80-b721-ef7039e64fe8/train2022_000000001890_head.jpg,train2022_000000001890,head,0,True,center,0,0.97265625,0.7943913071767844,47067427dfd169b689a44833c18555cf5dc0a333bfbfd6c6ed667ff6ed1cbfb5
456,hyena/cropped_images/head/34365bcc-5b2d-4f80-b721-ef7039e64fe8/train2022_000000001899_head.jpg,train2022_000000001899,head,0,False,box_center,2,0.68359375,0.29609490855165593,
457,hyena/cropped_images/head/34365bcc-5b2d-4f80-b721-ef7039e64fe8/train2022_000000001907_head.jpg,train2022_000000001907,head,0,True,box_center,2,0.9140625,0.5511719511719512,4eea367550d43832f6e21ff8828a4fdcd26937eaf769c894ac0363b310e6bfd6
458,hyena/cropped_images/head/34365bcc-5b2d-4f80-b721-ef7039e64fe8/train2022_000000001928_head.jpg,train2022_000000001928,head,0,True,center,0,0.98046875,0.5482222391411931,e82b352282ee8f4e3c2eefaaa66a3b1e199e8f801afb2996da71d1e6bf3b7d72
459,hyena/cropped_images/head/34365bcc-5b2d-4f80-b721-ef7039e64fe8/train2022_000000001959_head.jpg,train2022_000000001959,head,0,True,center,0,0.93359375,0.8036426241391809,fdfcedb4b8899ba5143401b7f9a579eae9d7caac58c1df6fb4c7d29a8bb981d3
460,hyena/cropped_images/head/34365bcc-5b2d-4f80-b721-ef7039e64fe8/train2022_000000002181_head.jpg,train2022_000000002181,head,0,False,box_center,0,0.609375,0.6914496993462034,
461,hyena/cropped_images/head/34365bcc-5b2d-4f80-b721-ef7039e64fe8/train2022_000000002231_head.jpg,train2022_000000002231,head,0,True,center,0,0.9765625,0.5209287257019438,212d168602e9acce751efec175ca98e42de0b2466ad140eddaf42b54cf90a9b8
462,hyena/cropped_images/head/34365bcc-5b2d-4f80-b721-ef7039e64fe8/train2022_000000002321_head.jpg,train2022_000000002321,head,0,False,center,0,0.7109375,0.6669344903315657,
463,hyena/cropped_images/head/34365bcc-5b2d-4f80-b721-ef7039e64fe8/train2022_000000002434_head.jpg,train2022_000000002434,head,0,True,center,0,0.9765625,0.6938939970407948,f2acd5a81e707853c3e7a05c0d48b0918f675646d1f21f96a188ca46af14ddb3
464,hyena/cropped_images/head/34365bcc-5b2d-4f80-b721-ef7039e64fe8/train2022_000000002500_head.jpg,train2022_000000002500,head,0,True,center,0,0.9765625,0.6958969083947654,30ca0e280ddd838bc00071ae0f10101b8c7f76e7db24b0af4d95990d3bbabfa9
465,hyena/cropped_images/head/34365bcc-5b2d-4f80-b721-ef7039e64fe8/train2022_000000002566_head.jpg,train2022_000000002566,head,0,False,box_center,0,0.74609375,0.8374220710873613,
466,hyena/cropped_images/head/34365bcc-5b2d-4f80-b721-ef7039e64fe8/train2022_000000002589_head.jpg,train2022_000000002589,head,0,True,center,0,0.984375,0.7062894081492078,e6d382b2287474a9e77951e9f33f7a3622a627a2a07066f77d56ef9ccdb6f3b6
467,hyena/cropped_images/head/34365bcc-5b2d-4f80-b721-ef7039e64fe8/train2022_000000002639_head.jpg,train2022_000000002639,head,0,True,center,2,0.94140625,0.6210621062106211,d35a3fd589406a5ce3a2f2e281d2506a70e3ec82a2f640caebe7f4550c8ca484
468,hyena/cropped_images/head/34365bcc-5b2d-4f80-b721-ef7039e64fe8/train2022_000000002719_head.jpg,train2022_000000002719,head,0,False,box_center,2,0.77734375,0.5450105708245243,
469,hyena/cropped_images/head/34365bcc-5b2d-4f80-b721-ef7039e64fe8/train2022_000000002874_head.jpg,train2022_000000002874,head,0,True,center,0,0.984375,0.686483044403893,1b93cd27c7509a4799104b1090438ada269ee446a8891ee46a70067ce2133633
470,hyena/cropped_images/head/34365bcc-5b2d-4f80-b721-ef7039e64fe8/train2022_000000002915_head.jpg,train2022_000000002915,head,0,True,box_center,2,0.9296875,0.5224331563570377,012e2402bac2e976157e24d2c2e3cec62b784e4a9724ab5cd45947db63632c4a
471,hyena/cropped_images/head/34365bcc-5b2d-4f80-b721-ef7039e64fe8/train2022_000000002946_head.jpg,train2022_000000002946,head,0,True,center,0,0.92578125,0.6325022803283673,9cf5cdfb0f65cf8fb35feed26f0e1002d1a5b587f59cb697ce12614e251dbbda
472,hyena/cropped_images/head/34365bcc-5b2d-4f80-b721-ef7039e64fe8/train2022_000000002973_head.jpg,train2022_000000002973,head,0,True,center,0,0.98828125,0.6274873660804527,730ab9d98368fad2b82649c0aca7914dd6fae0fccdc422faac8909f5daaca64f
473,hyena/cropped_images/head/34365bcc-5b2d-4f80-b721-ef7039e64fe8/train2022_000000003092_head.jpg,train2022_000000003092,head,0,True,center,0,0.984375,0.5785498252707129,9deb7ae79d8de9b334165862b9cdf880a3e02f2cc0c3e56b26495de64de3d9fa
474,hyena/cropped_images/head/36fe7f0d-eb06-416e-b9c3-0387b970ccc9/train2022_000000000140_head.jpg,train2022_000000000140,head,0,True,center,2,0.94921875,0.486022302536064,4f8b9236e928b5fcd30cf48c89b021bf35f2e65f6ecc24d52e36fae76a0515cd
475,hyena/cropped_images/head/36fe7f0d-eb06-416e-b9c3-0387b970ccc9/train2022_000000000148_head.jpg,train2022_000000000148,head,0,False,box_center,2,0.8203125,0.8142366786531546,
476,hyena/cropped_images/head/36fe7f0d-eb06-416e-b9c3-0387b970ccc9/train2022_000000000452_head.jpg,train2022_000000000452,head,0,True,box_center,2,0.94140625,0.5576347944971375,842d5aa7c5053888c77d2d31a4ddb13d115f4c08be90b5cd43a0689b83ce3440
477,hyena/cropped_images/head/36fe7f0d-eb06-416e-b9c3-0387b970ccc9/train2022_000000002976_head.jpg,train2022_000000002976,head,0,True,center,2,0.94140625,0.5096940808631947,a47a5451b316ce17e14a5f5fefe2ce4151a16edc96da390925d49adc8f629fe3
478,hyena/cropped_images/head/3772d75f-1801-4307-a18f-5fbcc1c10897/train2022_000000000184_head.jpg,train2022_000000000184,head,0,False,box_center,2,0.76171875,0.6413216271979203,
479,hyena/cropped_images/head/3772d75f-1801-4307-a18f-5fbcc1c10897/train2022_000000000264_head.jpg,train2022_000000000264,head,0,True,center,0,0.91796875,0.66136588976246,29000f9c3dc5ca87b7ccb2e4da3246af819bd0fdb65b784f467aa2b11c1dcf8c
480,hyena/cropped_images/head/3772d75f-1801-4307-a18f-5fbcc1c10897/train2022_000000000930_head.jpg,train2022_000000000930,head,0,True,center,0,0.98046875,0.5866591304501417,4e1a718472c074ea1f14dd42f269dab0697161ed9ee313f8a1b602ab8b74c446
481,hyena/cropped_images/head/3772d75f-1801-4307-a18f-5fbcc1c10897/train2022_000000001307_head.jpg,train2022_000000001307,head,0,True,center,0,0.94921875,0.6779660481342906,5a5064c45e9481485ddd31efffd2e602b8ae8c09eb1ff964b1bbb190b1aedf2b
482,hyena/cropped_images/head/3772d75f-1801-4307-a18f-5fbcc1c10897/train2022_000000002064_head.jpg,train2022_000000002064,head,0,True,center,0,0.98828125,0.5844908759550457,644c0bfaf7bc151cc12ae095cc6c76878f1b69363e2d7f3f31ab6513d932e498
483,hyena/cropped_images/head/3975753d-27c1-4733-ac0e-a547772c331c/train2022_000000001385_head.jpg,train2022_000000001385,head,0,False,center,0,0.80859375,0.320201402680053,
484,hyena/cropped_images/head/39e2a478-dfec-4851-be25-af197a3d183f/train2022_000000002318_head.jpg,train2022_000000002318,head,0,True,center,0,0.96875,0.515333068658943,9cc9be30e1d89b1de3344a5da97e4028fa05121ff4edd2b1195608f1273c1a0b
485,hyena/cropped_images/head/39e2a478-dfec-4851-be25-af197a3d183f/train2022_000000002607_head.jpg,train2022_000000002607,head,0,True,box_center,0,0.8984375,0.8168859649122807,1851f57278f67ce08ac87ec70091f1be2298a2fad8689ac06d8e4bdabd5c7a89
486,hyena/cropped_images/head/3a43347c-9ad1-47aa-969b-843ce5a0eac7/train2022_000000000230_head.jpg,train2022_000000000230,head,0,True,box_center,0,0.85546875,0.8626384859518292,9d0b5a1a7dec1c176f7060f8434c334400d0d8e79aa9904ef53a09c1e005574c
487,hyena/cropped_images/head/3a43347c-9ad1-47aa-969b-843ce5a0eac7/train2022_000000000644_head.jpg,train2022_000000000644,head,0,False,center,2,0.8125,0.5186548846342661,
488,hyena/cropped_images/head/3a43347c-9ad1-47aa-969b-843ce5a0eac7/train2022_000000001622_head.jpg,train2022_000000001622,head,0,False,box_center,0,0.80859375,0.8636765787296626,
489,hyena/cropped_images/head/3a43347c-9ad1-47aa-969b-843ce5a0eac7/train2022_000000001845_head.jpg,train2022_000000001845,head,0,False,box_center,2,0.79296875,0.5940388349514563,
490,hyena/cropped_images/head/3a43347c-9ad1-47aa-969b-843ce5a0eac7/train2022_000000002456_head.jpg,train2022_000000002456,head,0,True,box_center,2,0.8515625,0.4848438229155449,0ca07e33e089025db479bf874421d8a7f0a2215c87d815c9f864ebaf440d5f09
491,hyena/cropped_images/head/3a43347c-9ad1-47aa-969b-843ce5a0eac7/train2022_000000002527_head.jpg,train2022_000000002527,head,0,True,box_center,2,0.91796875,0.676850438224484,888737c8459e6daa9e00596dcf808bab23df415504c6c38af538065c51024733
492,hyena/cropped_images/head/3a43347c-9ad1-47aa-969b-843ce5a0eac7/train2022_000000002748_head.jpg,train2022_000000002748,head,0,True,center,2,0.87890625,0.524070132765785,bbc790b0621525bf3fc4974132b4de37bcf11cd00e1551dd9b5c7afc0571def3
493,hyena/cropped_images/head/3be4ffda-e5d4-4ff8-bed2-da0417e3636f/train2022_000000000028_head.jpg,train2022_000000000028,head,0,True,center,0,0.94140625,0.4197189028142103,1146a92877cfeb171bb8e719f4d9a807fd339edeccd313cc4df409906bae35d4
494,hyena/cropped_images/head/3be4ffda-e5d4-4ff8-bed2-da0417e3636f/train2022_000000000223_head.jpg,train2022_000000000223,head,0,True,center,0,0.98046875,0.422138638920135,d80a0dd3312439a0d35ee14a985ea96a8c989070dbd1006e95bf349f49624928
495,hyena/cropped_images/head/3be4ffda-e5d4-4ff8-bed2-da0417e3636f/train2022_000000000896_head.jpg,train2022_000000000896,head,0,True,center,2,0.8671875,0.3358208955223881,e2e0b9ab28e70e8de397e60a34385c0ba951317f15f9a2e4ab41d621ee7ca814
496,hyena/cropped_images/head/3be4ffda-e5d4-4ff8-bed2-da0417e3636f/train2022_000000001056_head.jpg,train2022_000000001056,head,0,False,box_center,0,0.8203125,0.6531019934900745,
497,hyena/cropped_images/head/3be4ffda-e5d4-4ff8-bed2-da0417e3636f/train2022_000000001413_head.jpg,train2022_000000001413,head,0,True,box_center,2,0.9140625,0.45357566765578633,762baa2c984f54f7b732967339b03846347f31ad41ded928ad4d8b092ac2cdc3
498,hyena/cropped_images/head/3be4ffda-e5d4-4ff8-bed2-da0417e3636f/train2022_000000003080_head.jpg,train2022_000000003080,head,0,True,center,2,0.9609375,0.5296633146012028,d5e3dca225f4c65c8d722eb8ba0aabb6392279aa477ede52e60d7161c9930f55
499,hyena/cropped_images/head/3c5a76ad-2355-4293-a88a-03d7f6296c65/train2022_000000000050_head.jpg,train2022_000000000050,head,0,False,box_center,0,0.765625,0.6735538945043744,
500,hyena/cropped_images/head/3c5a76ad-2355-4293-a88a-03d7f6296c65/train2022_000000000807_head.jpg,train2022_000000000807,head,0,True,box_center,0,0.9296875,0.6386918833727344,61ca4b3e5af835eb549e31534a296e7ce37bd9946f1d1c7a3e9c8fda7131d1c1
501,hyena/cropped_images/head/3c5a76ad-2355-4293-a88a-03d7f6296c65/train2022_000000001180_head.jpg,train2022_000000001180,head,0,True,box_center,0,0.94921875,0.8496402127437689,b1af0d2cc46517906dfad70861556d3fd9c10cdac26c3023b7eaaae1b81bb73d
502,hyena/cropped_images/head/3c5a76ad-2355-4293-a88a-03d7f6296c65/train2022_000000001215_head.jpg,train2022_000000001215,head,0,True,center,0,0.9765625,0.4892130187192411,7cb6210e11cb3cd4c3a8d0f007f4c607ab232c1376ac71751516f285c85a1568
503,hyena/cropped_images/head/3c5a76ad-2355-4293-a88a-03d7f6296c65/train2022_000000001309_head.jpg,train2022_000000001309,head,0,True,center,0,0.97265625,0.5191023038428855,a0e9ba71d1f4eac2d136db4911b278db859411d406ef70deac86d4517d0ac7b0
504,hyena/cropped_images/head/3c5a76ad-2355-4293-a88a-03d7f6296c65/train2022_000000002111_head.jpg,train2022_000000002111,head,0,True,center,0,0.984375,0.40153061224489794,e03955586f3f1be2c2474fa0f23e28c38ffdb742755fc1d909a8cd36eb84de05
505,hyena/cropped_images/head/3c5a76ad-2355-4293-a88a-03d7f6296c65/train2022_000000002220_head.jpg,train2022_000000002220,head,0,True,center,0,0.984375,0.6138586727380049,c2b7a160cdd5332aceab367dc27d5269caa10502a83f56e9891614e154b19687
506,hyena/cropped_images/head/3c5a76ad-2355-4293-a88a-03d7f6296c65/train2022_000000002368_head.jpg,train2022_000000002368,head,0,True,center,2,0.91015625,0.41397581792318633,51742493c5209acb9d95cda103aa4d89407dc6a5b5f1b5a1896e6f96131c0afb
507,hyena/cropped_images/head/3c5a76ad-2355-4293-a88a-03d7f6296c65/train2022_000000002599_head.jpg,train2022_000000002599,head,0,True,center,2,0.94140625,0.45103589949144474,bb7bcc617dbe23c7e4557e03e12ed144fa4e33a4c328ca49a9b02099efb2bf19
508,hyena/cropped_images/head/3c5a76ad-2355-4293-a88a-03d7f6296c65/train2022_000000002687_head.jpg,train2022_000000002687,head,0,True,center,2,0.93359375,0.4631819722128092,7380e4dba3742d1f33f340d5de65cc38193ffc3a4562ef0a9224ac09c1a91725
509,hyena/cropped_images/head/3c5a76ad-2355-4293-a88a-03d7f6296c65/train2022_000000002805_head.jpg,train2022_000000002805,head,0,True,box_center,2,0.92578125,0.49818307049211474,02951dcb67cbc004efa6182285ffab296b843fdcb88b1d3961e356e819ce8b59
510,hyena/cropped_images/head/3c5a76ad-2355-4293-a88a-03d7f6296c65/train2022_000000003040_head.jpg,train2022_000000003040,head,0,True,center,2,0.96875,0.4031085678935973,2bbb0990b04fa18b1c436a94cf488dbd600d6b3a1c61c4448ab8c44f7a6e7bab
511,hyena/cropped_images/head/3c7716c2-9660-4e75-8db1-3739a147837d/train2022_000000002631_head.jpg,train2022_000000002631,head,0,False,box_center,0,0.84375,0.7808102345415778,
512,hyena/cropped_images/head/3d7cacfc-f9da-4922-8603-69f8007b2e55/train2022_000000000158_head.jpg,train2022_000000000158,head,0,True,box_center,2,0.9296875,0.546935031179355,7d402586509c2328a4cad77d1b089a0eecea7818dc5622bfc5b7ee1318c4643d
513,hyena/cropped_images/head/3d7cacfc-f9da-4922-8603-69f8007b2e55/train2022_000000000702_head.jpg,train2022_000000000702,head,0,True,center,0,0.9453125,0.7442373803006423,4e15f0d98bea67d261ba5b284b570f93fcfb6cfc183a4e6ea09de8481cac8938
514,hyena/cropped_images/head/3d7cacfc-f9da-4922-8603-69f8007b2e55/train2022_000000000882_head.jpg,train2022_000000000882,head,0,True,center,2,0.96875,0.5272075188261673,b3b485bcde4369837dad246ffb4a74737747435f21e8bd5b4f9098906e909e41
515,hyena/cropped_images/head/3d7cacfc-f9da-4922-8603-69f8007b2e55/train2022_000000002468_head.jpg,train2022_000000002468,head,0,True,box_center,2,0.9375,0.6256636274088854,180f371a52d53ab81711714d1fefbab1bbd201737b8c3599ae8ca6b0d7805d25
516,hyena/cropped_images/head/3d7cacfc-f9da-4922-8603-69f8007b2e55/train2022_000000002601_head.jpg,train2022_000000002601,head,0,True,center,2,0.98828125,0.5994710756864162,3b28581cd13cd97090922e3593b8967c2593f4582f035789a92e2b23c083ca94
517,hyena/cropped_images/head/3d7cacfc-f9da-4922-8603-69f8007b2e55/train2022_000000002821_head.jpg,train2022_000000002821,head,0,False,box_center,2,0.58203125,0.4934577212682052,
518,hyena/cropped_images/head/3e73eeb2-add8-4aa2-9641-96c456ad837a/train2022_000000000380_head.jpg,train2022_000000000380,head,0,True,center,0,0.921875,0.7614245605938234,019f209b503773c3f4d4e6cfd5e49496dcc0acbf2938183f49c44d711f7784b2
519,hyena/cropped_images/head/3e73eeb2-add8-4aa2-9641-96c456ad837a/train2022_000000000978_head.jpg,train2022_000000000978,head,0,False,box_center,2,0.828125,0.636879708024473,
520,hyena/cropped_images/head/4004afe6-b476-475e-867c-8d3b17e378c6/train2022_000000000156_head.jpg,train2022_000000000156,head,0,False,box_center,0,0.6796875,0.6703320802005013,
521,hyena/cropped_images/head/4004afe6-b476-475e-867c-8d3b17e378c6/train2022_000000000220_head.jpg,train2022_000000000220,head,0,True,box_center,0,0.9140625,0.8424131016042781,cb8abd6c737062163cac8758a149f2d97943ed6a0972a6320b52428eb3863e8c
522,hyena/cropped_images/head/4004afe6-b476-475e-867c-8d3b17e378c6/train2022_000000000258_head.jpg,train2022_000000000258,head,0,True,center,0,0.9609375,0.5286287732819525,0b4cfe56cfcbcf7a6a07d590de36f5825e5c74bfe7da42840bdec39e3ff91284
523,hyena/cropped_images/head/4004afe6-b476-475e-867c-8d3b17e378c6/train2022_000000000451_head.jpg,train2022_000000000451,head,0,True,box_center,2,0.875,0.42731013842124954,effc63a05e1eb1c25de1415cb2f0d9cd1e186ac64fa40cb30e529bd864e8821f
524,hyena/cropped_images/head/4004afe6-b476-475e-867c-8d3b17e378c6/train2022_000000000681_head.jpg,train2022_000000000681,head,0,True,box_center,0,0.90234375,0.7209778208061961,0a2142fd310f02722cf15be71e7aa6a289f45cc78a624d60d8b61a2667889d44
525,hyena/cropped_images/head/4004afe6-b476-475e-867c-8d3b17e378c6/train2022_000000000723_head.jpg,train2022_000000000723,head,0,False,box_center,0,0.8359375,0.8074261309160639,
526,hyena/cropped_images/head/4004afe6-b476-475e-867c-8d3b17e378c6/train2022_000000000798_head.jpg,train2022_000000000798,head,0,True,box_center,0,0.8671875,0.7846980255516841,dde657b5d13e195dca846b49a067a55293935e75c19c012fdaf8b303321af102
527,hyena/cropped_images/head/4004afe6-b476-475e-867c-8d3b17e378c6/train2022_000000000836_head.jpg,train2022_000000000836,head,0,False,box_center,0,0.82421875,0.668269735460844,
528,hyena/cropped_images/head/4004afe6-b476-475e-867c-8d3b17e378c6/train2022_000000000968_head.jpg,train2022_000000000968,head,0,False,box_center,0,0.6953125,0.8632421639541893,
529,hyena/cropped_images/head/4004afe6-b476-475e-867c-8d3b17e378c6/train2022_000000001063_head.jpg,train2022_000000001063,head,0,True,center,0,0.98046875,0.6639632107023411,b37109842ed26652278876c95bd0d78871f34ef853fefbe3845d1f4f99dfb309
530,hyena/cropped_images/head/4004afe6-b476-475e-867c-8d3b17e378c6/train2022_000000001119_head.jpg,train2022_000000001119,head,0,False,box_center,2,0.8203125,0.7859046490968316,
531,hyena/cropped_images/head/4004afe6-b476-475e-867c-8d3b17e378c6/train2022_000000001122_head.jpg,train2022_000000001122,head,0,True,center,2,0.96484375,0.6414760520662202,8033a844f7802f4d37b1c0d84ac3efd84e360cc3b2807233ac5b2777546d5f83
532,hyena/cropped_images/head/4004afe6-b476-475e-867c-8d3b17e378c6/train2022_000000001124_head.jpg,train2022_000000001124,head,0,False,box_center,2,0.8203125,0.31680286512561173,
533,hyena/cropped_images/head/4004afe6-b476-475e-867c-8d3b17e378c6/train2022_000000001129_head.jpg,train2022_000000001129,head,0,False,box_center,0,0.5546875,0.5561199341179865,
534,hyena/cropped_images/head/4004afe6-b476-475e-867c-8d3b17e378c6/train2022_000000001139_head.jpg,train2022_000000001139,head,0,False,box_center,2,0.77734375,0.7250382262996942,
535,hyena/cropped_images/head/4004afe6-b476-475e-867c-8d3b17e378c6/train2022_000000001150_head.jpg,train2022_000000001150,head,0,True,center,0,0.9453125,0.5688956433637284,e10ba54412c57e08d0b3643c7bead9a37ba45e75e758dce5fe84aebdfa89595a
536,hyena/cropped_images/head/4004afe6-b476-475e-867c-8d3b17e378c6/train2022_000000001162_head.jpg,train2022_000000001162,head,0,False,box_center,2,0.7734375,0.5035657452702305,
537,hyena/cropped_images/head/4004afe6-b476-475e-867c-8d3b17e378c6/train2022_000000001190_head.jpg,train2022_000000001190,head,0,True,center,0,0.96484375,0.5091879527258864,0dd83d9378159b4d4b805968ad8676cb1676dd366a719a6f32d2f0f031f347c2
538,hyena/cropped_images/head/4004afe6-b476-475e-867c-8d3b17e378c6/train2022_000000001257_head.jpg,train2022_000000001257,head,0,False,box_center,2,0.734375,0.4615424960008392,
539,hyena/cropped_images/head/4004afe6-b476-475e-867c-8d3b17e378c6/train2022_000000001283_head.jpg,train2022_000000001283,head,0,True,box_center,0,0.8828125,0.652504105090312,d903b5c7def4ee684e7f6c3e08492dd337a95afd7ea862c2cef5d76a204b4b06
540,hyena/cropped_images/head/4004afe6-b476-475e-867c-8d3b17e378c6/train2022_000000001462_head.jpg,train2022_000000001462,head,0,False,box_center,0,0.69921875,0.7851961807821132,
541,hyena/cropped_images/head/4004afe6-b476-475e-867c-8d3b17e378c6/train2022_000000001498_head.jpg,train2022_000000001498,head,0,False,center,0,0.7109375,0.371507869846255,
542,hyena/cropped_images/head/4004afe6-b476-475e-867c-8d3b17e378c6/train2022_000000001652_head.jpg,train2022_000000001652,head,0,False,box_center,0,0.625,0.7307926829268293,
543,hyena/cropped_images/head/4004afe6-b476-475e-867c-8d3b17e378c6/train2022_000000001664_head.jpg,train2022_000000001664,head,0,True,box_center,0,0.91796875,0.5793962728269297,80f3c8522be26d5ed2b7404e50fcba6effa100eac6e39bdfcb942e1197a372f0
544,hyena/cropped_images/head/4004afe6-b476-475e-867c-8d3b17e378c6/train2022_000000001808_head.jpg,train2022_000000001808,head,0,False,box_center,0,0.796875,0.5614861329147044,
545,hyena/cropped_images/head/4004afe6-b476-475e-867c-8d3b17e378c6/train2022_000000002325_head.jpg,train2022_000000002325,head,0,False,box_center,2,0.83203125,0.6197133458646616,
546,hyena/cropped_images/head/4004afe6-b476-475e-867c-8d3b17e378c6/train2022_000000002457_head.jpg,train2022_000000002457,head,0,True,box_center,2,0.96484375,0.653743885613947,0fa0bf5c91b5fffce1cc62df53f0c1e0f459d94b54d19d775015bed219604d16
547,hyena/cropped_images/head/4004afe6-b476-475e-867c-8d3b17e378c6/train2022_000000002509_head.jpg,train2022_000000002509,head,0,True,center,0,0.96875,0.5131328511610201,f6df1b57b72359fb866f4ff468936d130e2d8a80aecef4ee434565e4d68cfa7b
548,hyena/cropped_images/head/4004afe6-b476-475e-867c-8d3b17e378c6/train2022_000000002605_head.jpg,train2022_000000002605,head,0,True,box_center,2,0.87109375,0.5824998298972579,4c2889197631e9645e92f6556f4532ff146b8781882370729ceec1973f6ff8f8
549,hyena/cropped_images/head/4004afe6-b476-475e-867c-8d3b17e378c6/train2022_000000002645_head.jpg,train2022_000000002645,head,0,True,box_center,0,0.89453125,0.8795241017893395,9f80bc7021408a0d3da75b35e929e22029886a69294f11ee6eaf28b8c8ace36f
550,hyena/cropped_images/head/4004afe6-b476-475e-867c-8d3b17e378c6/train2022_000000002800_head.jpg,train2022_000000002800,head,0,True,center,0,0.9375,0.637582968410036,a64db6f97a9fdce97193189f6c7e619e23cea4d035c396ab002f73c87a9d1491
551,hyena/cropped_images/head/4004afe6-b476-475e-867c-8d3b17e378c6/train2022_000000002836_head.jpg,train2022_000000002836,head,0,False,box_center,2,0.7734375,0.5098993833171048,
552,hyena/cropped_images/head/4004afe6-b476-475e-867c-8d3b17e378c6/train2022_000000002898_head.jpg,train2022_000000002898,head,0,True,box_center,2,0.87890625,0.6331242012315557,34e0e357db0c6ea7b65f83d28ce7a3fbcfb28430f870f0ddf10e6455319cf852
553,hyena/cropped_images/head/4004afe6-b476-475e-867c-8d3b17e378c6/train2022_000000002903_head.jpg,train2022_000000002903,head,0,True,center,0,0.9765625,0.6449066558441559,65cf08dc2a5977990c1ac13d4a9d5ca91b39508d4aef661a967be345ec0d6411
554,hyena/cropped_images/head/4004afe6-b476-475e-867c-8d3b17e378c6/train2022_000000002942_head.jpg,train2022_000000002942,head,0,True,center,2,0.9765625,0.10167526383039137,95d87bf08c932522c6d0cd1a54d7f317effd6f16f364294bc9ed51e4c08995ec
555,hyena/cropped_images/head/400b4d96-c51c-4184-8f66-7f95319e45f3/train2022_000000000111_head.jpg,train2022_000000000111,head,0,True,center,0,0.953125,0.5398855370132649,c1386ba05db22dcb8ccbd74a21b7cad9b360736fa08757711fcdbcf35153b48f
556,hyena/cropped_images/head/400b4d96-c51c-4184-8f66-7f95319e45f3/train2022_000000000377_head.jpg,train2022_000000000377,head,0,True,box_center,0,0.88671875,0.705640058559341,f9e33fe34d46dbefe30cfca49292d3758a3b59663e80929be45a5fbc6e964c3c
557,hyena/cropped_images/head/400b4d96-c51c-4184-8f66-7f95319e45f3/train2022_000000001236_head.jpg,train2022_000000001236,head,0,True,center,0,0.9375,0.8466703869047619,bb9f0ce7e5d536185a72b0fa22ab47e4804f495429696645eb645fc4a972f174
558,hyena/cropped_images/head/400b4d96-c51c-4184-8f66-7f95319e45f3/train2022_000000001482_head.jpg,train2022_000000001482,head,0,True,center,0,0.98046875,0.6528809908454497,2dad0c9d92208581334d74206206afc2f58728b8720e712e07e59558f9a7c03e
559,hyena/cropped_images/head/400b4d96-c51c-4184-8f66-7f95319e45f3/train2022_000000001511_head.jpg,train2022_000000001511,head,0,True,box_center,0,0.9453125,0.6899559399477807,ed3943cac213f843be5c93f7babc87f8d72b3ed9145f20de65a9b89bef254c7e
560,hyena/cropped_images/head/400b4d96-c51c-4184-8f66-7f95319e45f3/train2022_000000001535_head.jpg,train2022_000000001535,head,0,True,box_center,2,0.96484375,0.5827832576979335,0ac0d1186518e7f297ec5e2f6219e76806349fcd791d41ab17b4e83888f8c2ae
561,hyena/cropped_images/head/400b4d96-c51c-4184-8f66-7f95319e45f3/train2022_000000002237_head.jpg,train2022_000000002237,head,0,True,center,2,0.95703125,0.5687695368002273,2866709ef08c0f287846e8b4ab27179223d013bd719c065045b63a56675bc719
562,hyena/cropped_images/head/400b4d96-c51c-4184-8f66-7f95319e45f3/train2022_000000002248_head.jpg,train2022_000000002248,head,0,True,center,0,0.9765625,0.616172146484897,368b7815a62f9e4970a420b4957c5592cea4295f53868d9b6df7003d86009744
563,hyena/cropped_images/head/400b4d96-c51c-4184-8f66-7f95319e45f3/train2022_000000002298_head.jpg,train2022_000000002298,head,0,True,box_center,0,0.85546875,0.8565638332786347,73611d697b00d049b6c3fba7f5cc9bd81a5e04aa3fbbed5ee669bb66305945a5
564,hyena/cropped_images/head/400b4d96-c51c-4184-8f66-7f95319e45f3/train2022_000000002508_head.jpg,train2022_000000002508,head,0,True,center,0,0.98046875,0.6595377176936207,f94038325ffb4391000da0280fd846b2155d0f28f494a782491a60279637b199
565,hyena/cropped_images/head/400b6573-9ae7-400a-b437-b18098f2a67f/train2022_000000002373_head.jpg,train2022_000000002373,head,0,False,box_center,0,0.73046875,0.8734785190211629,
566,hyena/cropped_images/head/400b6573-9ae7-400a-b437-b18098f2a67f/train2022_000000002738_head.jpg,train2022_000000002738,head,0,False,box_center,0,0.83984375,0.8332275820249865,
567,hyena/cropped_images/head/41eef245-4fd5-42e4-9db8-c2076bd902b9/train2022_000000001289_head.jpg,train2022_000000001289,head,0,True,box_center,2,0.9296875,0.7249564491963327,967e6ec38f70f6d294f106f4709c37a4eb78b3a9e8ac44922f82eb7c83ee5248
568,hyena/cropped_images/head/41eef245-4fd5-42e4-9db8-c2076bd902b9/train2022_000000001358_head.jpg,train2022_000000001358,head,0,True,center,0,0.984375,0.6207855910351112,7ca38ba55af2184c4536201c1fafda8113a96ba38fe4326c0e0e2a208001a8d8
569,hyena/cropped_images/head/41eef245-4fd5-42e4-9db8-c2076bd902b9/train2022_000000001624_head.jpg,train2022_000000001624,head,0,True,center,2,0.953125,0.5508053647508913,264448b89eb3aed235771109f24850d8bc6dc2ad33631951e6fc2c76e92a3187
570,hyena/cropped_images/head/41eef245-4fd5-42e4-9db8-c2076bd902b9/train2022_000000002074_head.jpg,train2022_000000002074,head,0,True,box_center,2,0.9453125,0.641081557478927,54088cfdbc3ecb3c899f14eb351821d8a16d5b078833e6787074f2b748e5731f
571,hyena/cropped_images/head/41eef245-4fd5-42e4-9db8-c2076bd902b9/train2022_000000002799_head.jpg,train2022_000000002799,head,0,True,center,0,0.98828125,0.6083903938007281,f7e767ef2a9f1bfa86121c7c3ec9ebfe6892bdc3760ee294a5ef55764cb23efc
572,hyena/cropped_images/head/42779875-0894-4e77-99f4-da82f72a17fa/train2022_000000000007_head.jpg,train2022_000000000007,head,0,False,box_center,0,0.828125,0.7015650496958908,
573,hyena/cropped_images/head/42779875-0894-4e77-99f4-da82f72a17fa/train2022_000000000052_head.jpg,train2022_000000000052,head,0,False,box_center,2,0.6953125,0.5607245856022703,
574,hyena/cropped_images/head/42779875-0894-4e77-99f4-da82f72a17fa/train2022_000000000415_head.jpg,train2022_000000000415,head,0,True,box_center,2,0.90234375,0.5469478165813244,dcd3fb0021c0df6d27a10d1cf4a64e51169ae3eb4aaeab3152ca99a00d38eec6
575,hyena/cropped_images/head/42779875-0894-4e77-99f4-da82f72a17fa/train2022_000000000512_head.jpg,train2022_000000000512,head,0,True,box_center,2,0.9140625,0.5560802469135803,2b0426a35af3ca50a27039cd428bc01d328f6f81db47a3f31b63799babfeb823
576,hyena/cropped_images/head/42779875-0894-4e77-99f4-da82f72a17fa/train2022_000000000893_head.jpg,train2022_000000000893,head,0,True,box_center,0,0.93359375,0.8578161350844278,87e27e153fa0870566bf6b688ce17fe5d63530194c2c909422824608374c54c2
577,hyena/cropped_images/head/42779875-0894-4e77-99f4-da82f72a17fa/train2022_000000000929_head.jpg,train2022_000000000929,head,0,True,center,0,0.98046875,0.5405909726168353,8230771a1a29a64fc1391f9150725fd39b565404785b7c1938c025e8d7499848
578,hyena/cropped_images/head/42779875-0894-4e77-99f4-da82f72a17fa/train2022_000000001525_head.jpg,train2022_000000001525,head,0,False,center,2,0.80078125,0.32798833819241985,
579,hyena/cropped_images/head/42779875-0894-4e77-99f4-da82f72a17fa/train2022_000000002175_head.jpg,train2022_000000002175,head,0,True,center,2,0.890625,0.6810336629897299,95bdaeb8cdb0ff6ebfd477759aa4ed8fd46d13b11d7c090592b86657cf46f545
580,hyena/cropped_images/head/42779875-0894-4e77-99f4-da82f72a17fa/train2022_000000002517_head.jpg,train2022_000000002517,head,0,True,box_center,2,0.90234375,0.5748986972245218,a73be8eb2aab002bb595fa7c13d7eba093021fa2f24374c1585218b1ea69e28f
581,hyena/cropped_images/head/42779875-0894-4e77-99f4-da82f72a17fa/train2022_000000002538_head.jpg,train2022_000000002538,head,0,True,box_center,2,0.90234375,0.6889336612765363,b36bcb57cd90e35b213f347f3667c543d5b4ef4cc555a2d870332096870590b7
582,hyena/cropped_images/head/44af1942-49f4-45ef-aed6-df0ce47d4bc9/train2022_000000000370_head.jpg,train2022_000000000370,head,0,True,center,0,0.96484375,0.5529260296518496,eb58b7b2acde3a931aa34e78349917f8c257566772f5fe3c0321b327e9a8d488
583,hyena/cropped_images/head/44af1942-49f4-45ef-aed6-df0ce47d4bc9/train2022_000000000609_head.jpg,train2022_000000000609,head,0,True,center,2,0.91015625,0.44174420726144864,465cf763654e22c89ad66ea540c1d69200bdbccd330f5891eea8fc1ab8a37b66
584,hyena/cropped_images/head/44af1942-49f4-45ef-aed6-df0ce47d4bc9/train2022_000000000613_head.jpg,train2022_000000000613,head,0,True,center,0,0.98046875,0.4710818162795564,7fb163fc9992ed0ff4eaee4e9db98bd45cd4a42704d569a709eb25b5420a52b8
585,hyena/cropped_images/head/44af1942-49f4-45ef-aed6-df0ce47d4bc9/train2022_000000001083_head.jpg,train2022_000000001083,head,0,True,box_center,2,0.96484375,0.6134770603228548,9b04206e855858dcbcda4ba7b0e980ed63b7f4fd1f3c629ad26a743aef215b9f
586,hyena/cropped_images/head/44af1942-49f4-45ef-aed6-df0ce47d4bc9/train2022_000000001353_head.jpg,train2022_000000001353,head,0,True,center,2,0.94140625,0.4693715982187036,50b53474bc91e1f79de7c3384e3f4857d480b8b5644f18c62d9d101ad2285f76
587,hyena/cropped_images/head/44af1942-49f4-45ef-aed6-df0ce47d4bc9/train2022_000000002523_head.jpg,train2022_000000002523,head,0,True,center,0,0.94921875,0.523023643023643,84dad80d067b47476263b3a9dd01b3615e995a69917525dab838df5f194a784b
588,hyena/cropped_images/head/44b705bc-5e1f-4759-aa8d-a888223e921f/train2022_000000000217_head.jpg,train2022_000000000217,head,0,True,center,0,0.93359375,0.5865207851509221,389ad233f9a59e884ea446866e73370a2d1b1c0608b3d3dd38063ea93956e5f0
589,hyena/cropped_images/head/44b705bc-5e1f-4759-aa8d-a888223e921f/train2022_000000002137_head.jpg,train2022_000000002137,head,0,True,center,0,0.9140625,0.627435222750781,23891f34007672f56d890bd1150f340682c92636745a26c36e5c3370cfe74a52
590,hyena/cropped_images/head/44b705bc-5e1f-4759-aa8d-a888223e921f/train2022_000000002700_head.jpg,train2022_000000002700,head,0,False,box_center,0,0.80859375,0.6872093023255814,
591,hyena/cropped_images/head/44b705bc-5e1f-4759-aa8d-a888223e921f/train2022_000000002885_head.jpg,train2022_000000002885,head,0,False,box_center,2,0.7734375,0.5043166101396291,
592,hyena/cropped_images/head/45712db8-9da3-4558-bcc9-22d25d842af7/train2022_000000000177_head.jpg,train2022_000000000177,head,0,False,box_center,2,0.7578125,0.5118349358974359,
593,hyena/cropped_images/head/45712db8-9da3-4558-bcc9-22d25d842af7/train2022_000000000580_head.jpg,train2022_000000000580,head,0,False,box_center,2,0.6953125,0.5190033547665641,
594,hyena/cropped_images/head/45712db8-9da3-4558-bcc9-22d25d842af7/train2022_000000000787_head.jpg,train2022_000000000787,head,0,True,box_center,2,0.90625,0.5758162190626646,ad24f36b02aa57c3bcc7681d567c07d2a50a7556609c4cc5f09ecd70d310dda6
595,hyena/cropped_images/head/45712db8-9da3-4558-bcc9-22d25d842af7/train2022_000000001550_head.jpg,train2022_000000001550,head,0,False,box_center,2,0.80859375,0.4803839869281046,
596,hyena/cropped_images/head/45712db8-9da3-4558-bcc9-22d25d842af7/train2022_000000001871_head.jpg,train2022_000000001871,head,0,False,box_center,2,0.671875,0.43110849379807925,
597,hyena/cropped_images/head/45712db8-9da3-4558-bcc9-22d25d842af7/train2022_000000002560_head.jpg,train2022_000000002560,head,0,True,box_center,2,0.90234375,0.5153019602358809,ae38641cd10da69b4c2755ef2154822a5122724d8d772bf2fb02e7983adaa76e
598,hyena/cropped_images/head/45712db8-9da3-4558-bcc9-22d25d842af7/train2022_000000002801_head.jpg,train2022_000000002801,head,0,True,box_center,2,0.890625,0.49678206925785834,7712e20f3216201bb2e14ba6302f8c3cfc7a3811bdbf7679fa03dc4e4954661a
599,hyena/cropped_images/head/477d721a-6027-42a5-a2d7-94dc7e550fcc/train2022_000000000017_head.jpg,train2022_000000000017,head,0,True,center,0,0.95703125,0.552764079265846,812ef672d95f6ba8f3acaaae074b1a02f94a045e494a340fcb99c1fd6197cf6e
600,hyena/cropped_images/head/477d721a-6027-42a5-a2d7-94dc7e550fcc/train2022_000000000432_head.jpg,train2022_000000000432,head,0,True,box_center,0,0.96875,0.6126076282029116,d3c23d776e00f49a2f4f74293536abcb8455400bf930eea88a662fe13af5330c
601,hyena/cropped_images/head/477d721a-6027-42a5-a2d7-94dc7e550fcc/train2022_000000000509_head.jpg,train2022_000000000509,head,0,True,center,0,0.875,0.43671964556805154,76c33a41fe90449a5e27d12559ae655500c84082e8716c85d6e9c98f121794ee
602,hyena/cropped_images/head/477d721a-6027-42a5-a2d7-94dc7e550fcc/train2022_000000000616_head.jpg,train2022_000000000616,head,0,False,box_center,2,0.8125,0.6811970541909668,
603,hyena/cropped_images/head/477d721a-6027-42a5-a2d7-94dc7e550fcc/train2022_000000000717_head.jpg,train2022_000000000717,head,0,True,center,2,0.94921875,0.7014987244897959,e9955460ee903675114cc953ff0b4e5b02ccc4d27e4199c97ceabe94973121f3
604,hyena/cropped_images/head/477d721a-6027-42a5-a2d7-94dc7e550fcc/train2022_000000001492_head.jpg,train2022_000000001492,head,0,True,box_center,0,0.90625,0.832,8363c0e7634fb0969dfad0169d82a680fecde391dfce76d1ad871b7fc7162182
605,hyena/cropped_images/head/477d721a-6027-42a5-a2d7-94dc7e550fcc/train2022_000000002065_head.jpg,train2022_000000002065,head,0,True,center,0,0.94140625,0.6839904420549582,1402bfb68fc1e3ed55be6e5460c0aff8cee9e3ef0cefbf25b4bff0eaafbb5bec
606,hyena/cropped_images/head/477d721a-6027-42a5-a2d7-94dc7e550fcc/train2022_000000002773_head.jpg,train2022_000000002773,head,0,False,box_center,0,0.79296875,0.7705717118307998,
607,hyena/cropped_images/head/477d721a-6027-42a5-a2d7-94dc7e550fcc/train2022_000000003069_head.jpg,train2022_000000003069,head,0,True,center,0,0.95703125,0.5985355384421159,c0935cad21da7bb310b75a7506d7c665029769774e4165cfcdbaa546e0a8ff91
608,hyena/cropped_images/head/477d721a-6027-42a5-a2d7-94dc7e550fcc/train2022_000000003076_head.jpg,train2022_000000003076,head,0,False,box_center,2,0.78125,0.7285030758714969,
609,hyena/cropped_images/head/477d721a-6027-42a5-a2d7-94dc7e550fcc/train2022_000000003090_head.jpg,train2022_000000003090,head,0,True,center,0,0.94140625,0.48420144921940356,60648e873760225dfecc388eab238cabc326db7cf0b787e3833cd977c0a56f10
610,hyena/cropped_images/head/48a2a80a-436d-4af1-b67a-8084c52f60d4/train2022_000000000026_head.jpg,train2022_000000000026,head,0,True,center,2,0.95703125,0.6534860056709046,61f12298e7085a42278e177b4240692a6264a546f29cbf9719f45b196d2ae942
611,hyena/cropped_images/head/48a2a80a-436d-4af1-b67a-8084c52f60d4/train2022_000000000040_head.jpg,train2022_000000000040,head,0,True,center,0,0.9765625,0.5711340091592192,eb6741a181c5623493a8ee9d9e6201c52016620f226727a453995025b083aa9a
612,hyena/cropped_images/head/48a2a80a-436d-4af1-b67a-8084c52f60d4/train2022_000000000460_head.jpg,train2022_000000000460,head,0,False,box_center,0,0.796875,0.7751091703056768,
613,hyena/cropped_images/head/48a2a80a-436d-4af1-b67a-8084c52f60d4/train2022_000000000651_head.jpg,train2022_000000000651,head,0,True,center,0,0.984375,0.6396229700901215,e5f5646bdc6b0f148a1a4d67d8de0809b2e8fda382b2e425f1fc78cba16c0f58
614,hyena/cropped_images/head/48a2a80a-436d-4af1-b67a-8084c52f60d4/train2022_000000000952_head.jpg,train2022_000000000952,head,0,True,center,0,0.96484375,0.6836361462415148,ec1b1d2855695d523aa7b29b91f025060a33c6de7eba3c1103f6dd1cde6af9b5
615,hyena/cropped_images/head/48a2a80a-436d-4af1-b67a-8084c52f60d4/train2022_000000001079_head.jpg,train2022_000000001079,head,0,True,center,0,0.984375,0.575878969141934,27614921b20f0450ad00d3e785e35f7425f22da9c6fa35b346c06cbbe4d5f68b
616,hyena/cropped_images/head/48a2a80a-436d-4af1-b67a-8084c52f60d4/train2022_000000001524_head.jpg,train2022_000000001524,head,0,True,center,0,0.96484375,0.5939056178026766,8a73f8f9b71ddb0c55401745b99877db38e731941ba6197caccda75bc2755612
617,hyena/cropped_images/head/48a2a80a-436d-4af1-b67a-8084c52f60d4/train2022_000000001585_head.jpg,train2022_000000001585,head,0,True,center,0,0.97265625,0.5386965376782077,c4094c3f3aafda8c1d7e8dcf2c9da626f05ef7c44bdf023d3936f51219dc81e5
618,hyena/cropped_images/head/48a2a80a-436d-4af1-b67a-8084c52f60d4/train2022_000000001973_head.jpg,train2022_000000001973,head,0,True,center,0,0.96484375,0.6854950593165152,66ce4c8879b732108300d2049cced1ae157071406b4188879b7f09835aaffa27
619,hyena/cropped_images/head/48a2a80a-436d-4af1-b67a-8084c52f60d4/train2022_000000002549_head.jpg,train2022_000000002549,head,0,False,box_center,2,0.84765625,0.5391091583572312,
620,hyena/cropped_images/head/49993bd8-5e05-48a1-a8eb-1aa5212aea36/train2022_000000000071_head.jpg,train2022_000000000071,head,0,False,box_center,2,0.68359375,0.6019354229607251,
621,hyena/cropped_images/head/49993bd8-5e05-48a1-a8eb-1aa5212aea36/train2022_000000000187_head.jpg,train2022_000000000187,head,0,True,center,0,0.94140625,0.6708446291861714,0c88b125a5441e58c8ff848e0c8e46f43b9564b35e6160348cc075c91e343184
622,hyena/cropped_images/head/49993bd8-5e05-48a1-a8eb-1aa5212aea36/train2022_000000001803_head.jpg,train2022_000000001803,head,0,True,box_center,2,0.89453125,0.5863856316133129,1a85d6ea20ddf37ef4e9de9bacdbdd669d8fc26883acdd302cd4798c97f814d2
623,hyena/cropped_images/head/49993bd8-5e05-48a1-a8eb-1aa5212aea36/train2022_000000002210_head.jpg,train2022_000000002210,head,0,True,center,2,0.9296875,0.5061311835769041,0d90d73b50e732a0c9557c90508c6461183ebcdcd5bcc2e320df8eb10927dc86
624,hyena/cropped_images/head/49993bd8-5e05-48a1-a8eb-1aa5212aea36/train2022_000000002584_head.jpg,train2022_000000002584,head,0,True,box_center,2,0.875,0.5557701593433124,b7f1c7063b39c8d55da9b4d0ebb4a9ee6088519ebb5452c1061c1f2236585c7c
625,hyena/cropped_images/head/4b3d02b4-f522-464b-ab0e-79e1089c5b57/train2022_000000000490_head.jpg,train2022_000000000490,head,0,True,center,2,0.87109375,0.4652617438394694,2026a49c4ccee26ade17cca97524569228c2261d5e5fd7dbcbd6755119214b06
626,hyena/cropped_images/head/4b3d02b4-f522-464b-ab0e-79e1089c5b57/train2022_000000000504_head.jpg,train2022_000000000504,head,0,True,center,0,0.96484375,0.4759548611111111,3b257ba47509f9a87bf177b4e4da1ec8fdb3bcbbedd3050c999c42cca7f56b87
627,hyena/cropped_images/head/4b3d02b4-f522-464b-ab0e-79e1089c5b57/train2022_000000001227_head.jpg,train2022_000000001227,head,0,True,center,0,0.953125,0.6202534454825895,ecb4cf6e613718b7a9ad44d5036af3179faa078f9f9f9dab2a8dbd3a9892d53f
628,hyena/cropped_images/head/4b3d02b4-f522-464b-ab0e-79e1089c5b57/train2022_000000001533_head.jpg,train2022_000000001533,head,0,True,center,2,0.91015625,0.464424073770939,6dffdc6bba2bade9b8f9f46dfbf6081f78e87867132d087e288dc8c028bd6538
629,hyena/cropped_images/head/4b3d02b4-f522-464b-ab0e-79e1089c5b57/train2022_000000002059_head.jpg,train2022_000000002059,head,0,True,center,0,0.95703125,0.5044253518694414,027420cd511f47b1c3ed0ef32d4f5fb928a3e03cded5feb4cb0b11f7d17b87be
630,hyena/cropped_images/head/4b3d02b4-f522-464b-ab0e-79e1089c5b57/train2022_000000002306_head.jpg,train2022_000000002306,head,0,True,center,2,0.94140625,0.4644540984710716,99ecd195ef1cd84d2ddd37a115247b399e483b031402557e160f0ba99ad78ee0
631,hyena/cropped_images/head/4b3d02b4-f522-464b-ab0e-79e1089c5b57/train2022_000000002391_head.jpg,train2022_000000002391,head,0,True,center,2,0.8671875,0.4303120101880878,996e25e3b1503f9c6d803debfc5ad873492c54722750423083f988154c589587
632,hyena/cropped_images/head/4b3d02b4-f522-464b-ab0e-79e1089c5b57/train2022_000000003020_head.jpg,train2022_000000003020,head,0,False,box_center,2,0.828125,0.4907721135581909,
633,hyena/cropped_images/head/4bb25d71-806b-442d-950b-f137f820a90f/train2022_000000000338_head.jpg,train2022_000000000338,head,0,False,box_center,2,0.7109375,0.5071546327324448,
634,hyena/cropped_images/head/4bb25d71-806b-442d-950b-f137f820a90f/train2022_000000000519_head.jpg,train2022_000000000519,head,0,True,box_center,2,0.8984375,0.6695733094368236,e6151004f41e04b0037149f1977e3dcdfd377bccea3c6a87e64bb1fa5e7be81a
635,hyena/cropped_images/head/4bb25d71-806b-442d-950b-f137f820a90f/train2022_000000000937_head.jpg,train2022_000000000937,head,0,True,box_center,2,0.87890625,0.7394409104052212,46e41db34ce7ea16d65be48555b4e9f4e0c16942daa99b1cf0ef112b79514f53
636,hyena/cropped_images/head/4bb25d71-806b-442d-950b-f137f820a90f/train2022_000000001593_head.jpg,train2022_000000001593,head,0,False,box_center,2,0.65625,0.38710469908303086,
637,hyena/cropped_images/head/4bb25d71-806b-442d-950b-f137f820a90f/train2022_000000002475_head.jpg,train2022_000000002475,head,0,False,box_center,2,0.7734375,0.41503399031642785,
638,hyena/cropped_images/head/4bb25d71-806b-442d-950b-f137f820a90f/train2022_000000002969_head.jpg,train2022_000000002969,head,0,True,center,0,0.90234375,0.5955231681820392,548655a053a576d5e9af8135bded2f2f483076c209eeead3df159676207c4db9
639,hyena/cropped_images/head/4c139246-f943-4f0b-a658-d1a2fac27dc7/train2022_000000000312_head.jpg,train2022_000000000312,head,0,True,center,0,0.8984375,0.4587432769250951,31b6f9d03c51a3623d6f854fba7bd5e5b2b1f7ff9b22ff34044ab123b7ecde0b
640,hyena/cropped_images/head/4c139246-f943-4f0b-a658-d1a2fac27dc7/train2022_000000000410_head.jpg,train2022_000000000410,head,0,False,box_center,2,0.83984375,0.705275590551181,
641,hyena/cropped_images/head/4c139246-f943-4f0b-a658-d1a2fac27dc7/train2022_000000000499_head.jpg,train2022_000000000499,head,0,True,center,0,0.921875,0.5653293284702854,bf84e110ca7e4ad69504c2e3a9434edc22bc4c213a401e9fd3a2214ffe6e8da9
642,hyena/cropped_images/head/4c139246-f943-4f0b-a658-d1a2fac27dc7/train2022_000000000775_head.jpg,train2022_000000000775,head,0,True,box_center,0,0.85546875,0.8596416784535597,e065e204b7ce0278041887b791d1538dd2b84a0ddbb648fb4e8fa8143676d3f1
643,hyena/cropped_images/head/4c139246-f943-4f0b-a658-d1a2fac27dc7/train2022_000000001195_head.jpg,train2022_000000001195,head,0,True,box_center,2,0.859375,0.56827075944723,59c32916acc68374026910dc1298756c74d69b7c8280f63f13ab1ad941667613
644,hyena/cropped_images/head/4c139246-f943-4f0b-a658-d1a2fac27dc7/train2022_000000001755_head.jpg,train2022_000000001755,head,0,True,box_center,0,0.8671875,0.8600219472509176,af6005813cb4e670d9257ea13813f35bc27b8e54acc3eec0b86818a0d4094df1
645,hyena/cropped_images/head/4c139246-f943-4f0b-a658-d1a2fac27dc7/train2022_000000002188_head.jpg,train2022_000000002188,head,0,True,center,2,0.8515625,0.5597759006402839,39767d27e0ee48c5bd052db4271aee27bf439bd9dadc73cbb4c986fbc944363d
646,hyena/cropped_images/head/4c139246-f943-4f0b-a658-d1a2fac27dc7/train2022_000000002776_head.jpg,train2022_000000002776,head,0,True,center,0,0.92578125,0.5825543571306283,a976f00801eb2452a9aac445dd52d16d75a585b238f9b87031d9a79cd1564a2d
647,hyena/cropped_images/head/4c139246-f943-4f0b-a658-d1a2fac27dc7/train2022_000000002955_head.jpg,train2022_000000002955,head,0,False,box_center,2,0.7265625,0.5560913224706329,
648,hyena/cropped_images/head/4c139246-f943-4f0b-a658-d1a2fac27dc7/train2022_000000003033_head.jpg,train2022_000000003033,head,0,False,box_center,2,0.8125,0.7351775564478281,
649,hyena/cropped_images/head/4c139246-f943-4f0b-a658-d1a2fac27dc7/train2022_000000003052_head.jpg,train2022_000000003052,head,0,False,box_center,2,0.71875,0.6712088178294574,
650,hyena/cropped_images/head/4f461caa-6f3a-47c7-8926-050f87f9c8f0/train2022_000000000189_head.jpg,train2022_000000000189,head,0,False,box_center,2,0.64453125,0.5098286477264298,
651,hyena/cropped_images/head/4f461caa-6f3a-47c7-8926-050f87f9c8f0/train2022_000000000565_head.jpg,train2022_000000000565,head,0,True,center,0,0.9375,0.5276850670474613,1569ecd3e99a9ac5a4a3227c7e674fe769094d05ee050f4141e45bccce751e3d
652,hyena/cropped_images/head/4f461caa-6f3a-47c7-8926-050f87f9c8f0/train2022_000000001301_head.jpg,train2022_000000001301,head,0,False,box_center,0,0.84765625,0.5629992737835875,
653,hyena/cropped_images/head/4f895a17-6192-4ff1-863a-004837871796/train2022_000000000411_head.jpg,train2022_000000000411,head,0,True,center,2,0.875,0.351362291086351,0973cdb78173400c194224adf89d45dd8e7d48b7fa532505744bdf3ec097dfa5
654,hyena/cropped_images/head/4f895a17-6192-4ff1-863a-004837871796/train2022_000000001700_head.jpg,train2022_000000001700,head,0,True,box_center,0,0.9375,0.7201817870005145,3bfb863057fe587f772cfc3036a614323921780ab8172fd9c9e89ab70b7f747f
655,hyena/cropped_images/head/4f895a17-6192-4ff1-863a-004837871796/train2022_000000001844_head.jpg,train2022_000000001844,head,0,True,center,0,0.90234375,0.6221914383808481,29a87291a286d8ad74ef6654016e1a0162b971ff24f5fc315e48e943387c13b0
656,hyena/cropped_images/head/4f895a17-6192-4ff1-863a-004837871796/train2022_000000001885_head.jpg,train2022_000000001885,head,0,True,box_center,0,0.90234375,0.6655848352121778,f02846a78b0238f0948b2f8f7c6a3868bb0fd927b1bf05d9dd01e3ed15e69f70
657,hyena/cropped_images/head/4f895a17-6192-4ff1-863a-004837871796/train2022_000000003088_head.jpg,train2022_000000003088,head,0,False,box_center,2,0.68359375,0.536382838070976,
658,hyena/cropped_images/head/51029c66-ec8d-4601-afb1-6c0164c303b4/train2022_000000000286_head.jpg,train2022_000000000286,head,0,True,center,0,0.91796875,0.6989880952380952,10da27e0ced103e5e17288210fd7d94bb194f0efb163bf4baed8161322ff181a
659,hyena/cropped_images/head/51029c66-ec8d-4601-afb1-6c0164c303b4/train2022_000000001210_head.jpg,train2022_000000001210,head,0,True,center,2,0.91015625,0.5240717432347388,bb5ec3cb0c30c98512d203020770967170b1fcc30a97ef4ec2840f5a4e2d51c8
660,hyena/cropped_images/head/51029c66-ec8d-4601-afb1-6c0164c303b4/train2022_000000001620_head.jpg,train2022_000000001620,head,0,True,center,0,0.890625,0.5838663312971614,b3c11cd4fae80b1157c1475f6cc848cb6dfa0d82e913f40619fc084f55d4f48d
661,hyena/cropped_images/head/51029c66-ec8d-4601-afb1-6c0164c303b4/train2022_000000001661_head.jpg,train2022_000000001661,head,0,True,box_center,2,0.90234375,0.5303293189086208,f33f6a710e7d89799133812b94a8f2ce150bac756e62cb4ed70c3c4a0fa37fec
662,hyena/cropped_images/head/51029c66-ec8d-4601-afb1-6c0164c303b4/train2022_000000001875_head.jpg,train2022_000000001875,head,0,True,center,2,0.9609375,0.6554281079828526,5fe083f2c7806ab2c749a66a7571a1db1033f07307e481d6228ec0ba258bbf9b
663,hyena/cropped_images/head/51029c66-ec8d-4601-afb1-6c0164c303b4/train2022_000000002832_head.jpg,train2022_000000002832,head,0,True,box_center,0,0.94140625,0.6413049768518518,0a60eb984ef808b544237ae398448c458767ca3077f117bf62a6dc98bd480591
664,hyena/cropped_images/head/525405f2-808c-4ab9-9364-f7fd9d076f6b/train2022_000000001137_head.jpg,train2022_000000001137,head,0,True,box_center,2,0.875,0.5547683248954436,663abeb7b73d8c7e9d39eab70a41f1208e57e3a577b9983b212058e6ee9cef3f
665,hyena/cropped_images/head/525405f2-808c-4ab9-9364-f7fd9d076f6b/train2022_000000001853_head.jpg,train2022_000000001853,head,0,True,center,2,0.98046875,0.6977188725032668,c65e86147c2e9f119bcb5a343b722bdeabed2710882a3c865d449db914e9abd4
666,hyena/cropped_images/head/525405f2-808c-4ab9-9364-f7fd9d076f6b/train2022_000000002419_head.jpg,train2022_000000002419,head,0,True,center,0,0.9765625,0.7824703834362916,e47018dc4b8adc1067af6e397f4a4f49f5050a2ce67ed89f61d90b5090161ad2
667,hyena/cropped_images/head/525405f2-808c-4ab9-9364-f7fd9d076f6b/train2022_000000002665_head.jpg,train2022_000000002665,head,0,True,box_center,0,0.921875,0.8408583887686947,67246aa57bcf078812fb92b6a46abd66d0c2d521f40cf9985fbe268eff239ade
668,hyena/cropped_images/head/525405f2-808c-4ab9-9364-f7fd9d076f6b/train2022_000000002806_head.jpg,train2022_000000002806,head,0,False,box_center,0,0.828125,0.7886183982615815,
669,hyena/cropped_images/head/525405f2-808c-4ab9-9364-f7fd9d076f6b/train2022_000000002927_head.jpg,train2022_000000002927,head,0,True,box_center,2,0.92578125,0.6730539688833269,02f488b2e6160ab299e735caaf1c0b46d6d373c974ee4b8ceb7a13ecc6c8b58b
670,hyena/cropped_images/head/5260c0df-76a3-4cb1-82fc-fd2f6a6440ad/train2022_000000000002_head.jpg,train2022_000000000002,head,0,False,box_center,2,0.8203125,0.4635030603707672,
671,hyena/cropped_images/head/5260c0df-76a3-4cb1-82fc-fd2f6a6440ad/train2022_000000000098_head.jpg,train2022_000000000098,head,0,True,center,0,0.95703125,0.6228482704050402,c0807826aaf5e223de5565b48a69e1e983f13a1b4ea6c63a37ebee9e649b7d60
672,hyena/cropped_images/head/5260c0df-76a3-4cb1-82fc-fd2f6a6440ad/train2022_000000000152_head.jpg,train2022_000000000152,head,0,True,center,2,0.8828125,0.43260233918128654,34f3eab83fabdfdc3ab2b15712c2fc4960f69752509ab779851def8592c0c2a3
673,hyena/cropped_images/head/5260c0df-76a3-4cb1-82fc-fd2f6a6440ad/train2022_000000000252_head.jpg,train2022_000000000252,head,0,True,box_center,2,0.96484375,0.518126150494008,7a741c0db9b825361edc7501ba6bf8eb9be634e895ba07a85bc5ed0bec771081
674,hyena/cropped_images/head/5260c0df-76a3-4cb1-82fc-fd2f6a6440ad/train2022_000000000274_head.jpg,train2022_000000000274,head,0,True,box_center,2,0.953125,0.5338785046728972,6440ae9c0adb0ffaf0dcc5cec273ebad67e05b2f8aedf8a03222615a84852f55
675,hyena/cropped_images/head/5260c0df-76a3-4cb1-82fc-fd2f6a6440ad/train2022_000000000445_head.jpg,train2022_000000000445,head,0,True,center,0,0.9296875,0.7388086685397921,5f17e12633af6c5b97741364685389db58e1dc4932074b7d54a00f1d94764410
676,hyena/cropped_images/head/5260c0df-76a3-4cb1-82fc-fd2f6a6440ad/train2022_000000000564_head.jpg,train2022_000000000564,head,0,True,center,2,0.9375,0.3465160075329567,7b6bfc296217be39bbb9a473442e4e89c6b61ce21ff9f39b3386f167ac5d9711
677,hyena/cropped_images/head/5260c0df-76a3-4cb1-82fc-fd2f6a6440ad/train2022_000000000574_head.jpg,train2022_000000000574,head,0,True,box_center,0,0.91796875,0.6317148916830784,deb2738b25cfde7ca400c23512f9892504aeec808ffe1eef517a9ad2a03fdb1b
678,hyena/cropped_images/head/5260c0df-76a3-4cb1-82fc-fd2f6a6440ad/train2022_000000000668_head.jpg,train2022_000000000668,head,0,False,box_center,2,0.58203125,0.3716015818091943,
679,hyena/cropped_images/head/5260c0df-76a3-4cb1-82fc-fd2f6a6440ad/train2022_000000000936_head.jpg,train2022_000000000936,head,0,True,box_center,0,0.94140625,0.5979397303828871,a6c810fd2e9e593cc238a73cb8d9cd644dd9afde0ee95dd9cd3450031bc63089
680,hyena/cropped_images/head/5260c0df-76a3-4cb1-82fc-fd2f6a6440ad/train2022_000000001130_head.jpg,train2022_000000001130,head,0,True,center,0,0.96875,0.5439943484183186,73140200e243f71a5bb21d06e567f09a9eeca769e0f64519236910f71b8f0c85
681,hyena/cropped_images/head/5260c0df-76a3-4cb1-82fc-fd2f6a6440ad/train2022_000000001203_head.jpg,train2022_000000001203,head,0,True,box_center,2,0.94140625,0.7155493828367989,7dedabe9a6754a2c38fa3c33ade6d24361a671f02cef5486c6bc4383c9609449
682,hyena/cropped_images/head/5260c0df-76a3-4cb1-82fc-fd2f6a6440ad/train2022_000000001285_head.jpg,train2022_000000001285,head,0,True,center,0,0.9140625,0.653443650943005,bffe711796fea4169fc8365bab566dac14ec58ea2fddd7ffa72d563c91d6c41c
683,hyena/cropped_images/head/5260c0df-76a3-4cb1-82fc-fd2f6a6440ad/train2022_000000001376_head.jpg,train2022_000000001376,head,0,True,box_center,2,0.97265625,0.5792741165234002,4a174925deec5407d49f19139159c47017a30edd710b9b7f9dfcc3cb5d192105
684,hyena/cropped_images/head/5260c0df-76a3-4cb1-82fc-fd2f6a6440ad/train2022_000000001708_head.jpg,train2022_000000001708,head,0,True,box_center,0,0.9296875,0.6104118460597356,e2c12c60efd60b0b3b51aa83a51b4da224b9ab629847d64c77c439156c5c3f1e
685,hyena/cropped_images/head/5260c0df-76a3-4cb1-82fc-fd2f6a6440ad/train2022_000000001913_head.jpg,train2022_000000001913,head,0,True,box_center,2,0.93359375,0.6626588257135213,6a6f6e99c18376f9c68c498077901adf05d139063a46d2552109c988852be31b
686,hyena/cropped_images/head/5260c0df-76a3-4cb1-82fc-fd2f6a6440ad/train2022_000000001919_head.jpg,train2022_000000001919,head,0,True,box_center,2,0.8984375,0.4904334762052053,22eb8c337c17fb7faace10f4759131e9ebaec380f06a4fc2ff812001d773bb5d
687,hyena/cropped_images/head/5260c0df-76a3-4cb1-82fc-fd2f6a6440ad/train2022_000000001921_head.jpg,train2022_000000001921,head,0,False,box_center,2,0.7734375,0.3610838183054947,
688,hyena/cropped_images/head/5260c0df-76a3-4cb1-82fc-fd2f6a6440ad/train2022_000000001982_head.jpg,train2022_000000001982,head,0,True,center,0,0.94140625,0.6482985531589186,4a7ceabee4e6d77b24811c1301bb75ad2f2f8bf1203d6083c9b7d15bd6187546
689,hyena/cropped_images/head/5260c0df-76a3-4cb1-82fc-fd2f6a6440ad/train2022_000000002313_head.jpg,train2022_000000002313,head,0,True,box_center,0,0.859375,0.7787264973832138,5e2f911684463ad828c9103c9880d0d0a53d8150c873bbff9d13dac8713e1fb0
690,hyena/cropped_images/head/5260c0df-76a3-4cb1-82fc-fd2f6a6440ad/train2022_000000002348_head.jpg,train2022_000000002348,head,0,True,box_center,0,0.94140625,0.692643774085074,9ee3dbd216a26c67f4e6bd4b33821cd7ceab4c041f8b21555b7578a0f9e8937f
691,hyena/cropped_images/head/5260c0df-76a3-4cb1-82fc-fd2f6a6440ad/train2022_000000002532_head.jpg,train2022_000000002532,head,0,True,box_center,2,0.91796875,0.5298617912067884,fa0bb8c433394afee21908b89955365a07fa57e7bd49d3fa411829c8c23037a7
692,hyena/cropped_images/head/5260c0df-76a3-4cb1-82fc-fd2f6a6440ad/train2022_000000002540_head.jpg,train2022_000000002540,head,0,True,center,2,0.9453125,0.4632453567937439,b9f1358fa9286e91f16fbea1a7a4ec510fe3a6235abdc0072075f52f7239ecd8
693,hyena/cropped_images/head/5260c0df-76a3-4cb1-82fc-fd2f6a6440ad/train2022_000000002667_head.jpg,train2022_000000002667,head,0,True,box_center,2,0.91796875,0.6352541322314049,8b0c9bd36675dd6043739356ceb38a9b597980e4b1f03f64bceb67c7d9536681
694,hyena/cropped_images/head/5610d2b4-3e70-4ba0-8d05-47957e68b512/train2022_000000000865_head.jpg,train2022_000000000865,head,0,True,center,2,0.9765625,0.5410841513335883,ce82459fe6e1e7eb4cc4cc52a21b5c8ea6fb724ed8165c0001a27f24e96dd43e
695,hyena/cropped_images/head/5610d2b4-3e70-4ba0-8d05-47957e68b512/train2022_000000002938_head.jpg,train2022_000000002938,head,0,True,center,0,0.96484375,0.5268545743757833,c5887d32891640feac2b61744fe59c044985c3c1c4aed0386dffe879c8b107f0
696,hyena/cropped_images/head/56d1a077-635d-4401-a74b-ce92bad46e70/train2022_000000000633_head.jpg,train2022_000000000633,head,0,True,box_center,0,0.87890625,0.861873320537428,9583572e552f5a0c2a08768bf467be0452dbe2262563f6fab5b311cd72ad618e
697,hyena/cropped_images/head/56d1a077-635d-4401-a74b-ce92bad46e70/train2022_000000000736_head.jpg,train2022_000000000736,head,0,True,center,2,0.8515625,0.4067426893982161,ce3d40d32ccd98f4756539b31bdab2b1abac8d1fabce1c25212b5c6dbe658c40
698,hyena/cropped_images/head/56d1a077-635d-4401-a74b-ce92bad46e70/train2022_000000000844_head.jpg,train2022_000000000844,head,0,True,center,0,0.96484375,0.601010101010101,c44c4e90c8250bd9e4b7f1e64006dfa17e86d6df7c5933a63818b36dd28c80ef
699,hyena/cropped_images/head/56d1a077-635d-4401-a74b-ce92bad46e70/train2022_000000001115_head.jpg,train2022_000000001115,head,0,False,box_center,2,0.80859375,0.744014396618061,
700,hyena/cropped_images/head/56d1a077-635d-4401-a74b-ce92bad46e70/train2022_000000001666_head.jpg,train2022_000000001666,head,0,True,center,0,0.98046875,0.6745266111762958,e22204c978b2c84b42a7ae5fca7805322bcd251357fe5425443e40095f4dfed7
701,hyena/cropped_images/head/56d1a077-635d-4401-a74b-ce92bad46e70/train2022_000000001870_head.jpg,train2022_000000001870,head,0,True,box_center,0,0.91796875,0.8044604076177748,bf62b7622dfaee7a295163a0e7b45912ef948cce0122db247c970e1d56a00292
702,hyena/cropped_images/head/56d1a077-635d-4401-a74b-ce92bad46e70/train2022_000000002269_head.jpg,train2022_000000002269,head,0,False,box_center,2,0.78515625,0.5812867271333674,
703,hyena/cropped_images/head/56d1a077-635d-4401-a74b-ce92bad46e70/train2022_000000002593_head.jpg,train2022_000000002593,head,0,True,center,0,0.95703125,0.6680346820809249,6300320bd70a9a38d847049de4f5b00d9dba80ef5994557f3f8e9685b99b5ece
704,hyena/cropped_images/head/5714276c-6415-4eae-980b-1e4b923847b2/train2022_000000000482_head.jpg,train2022_000000000482,head,0,True,center,0,0.9375,0.5558562459406798,0c017f9826d2c6359e1980068923922ff4e7b0f949c1d0f55175a02ef58ed187
705,hyena/cropped_images/head/5714276c-6415-4eae-980b-1e4b923847b2/train2022_000000000510_head.jpg,train2022_000000000510,head,0,True,center,0,0.97265625,0.5249356499356499,fb46d7821e09a829fcbbb0e43335cb48522ec9c0bcc3ac016ddb1137d1fceb58
706,hyena/cropped_images/head/5714276c-6415-4eae-980b-1e4b923847b2/train2022_000000001080_head.jpg,train2022_000000001080,head,0,True,center,0,0.85546875,0.734375,355e92d3414228412675d51c41f52a95f2ee20ef3fca26234788dc286937cb34
707,hyena/cropped_images/head/5714276c-6415-4eae-980b-1e4b923847b2/train2022_000000001172_head.jpg,train2022_000000001172,head,0,False,box_center,2,0.73828125,0.6372257053291536,
708,hyena/cropped_images/head/5714276c-6415-4eae-980b-1e4b923847b2/train2022_000000001293_head.jpg,train2022_000000001293,head,0,False,box_center,2,0.828125,0.5985298048650094,
709,hyena/cropped_images/head/5714276c-6415-4eae-980b-1e4b923847b2/train2022_000000001461_head.jpg,train2022_000000001461,head,0,True,box_center,2,0.8515625,0.5419239347903085,78992349501659dbf519c8af7bb12612bad31f1f4f21c45fec026e377dee1c0b
710,hyena/cropped_images/head/5714276c-6415-4eae-980b-1e4b923847b2/train2022_000000001827_head.jpg,train2022_000000001827,head,0,False,box_center,2,0.71484375,0.7078409313750788,
711,hyena/cropped_images/head/5714276c-6415-4eae-980b-1e4b923847b2/train2022_000000001850_head.jpg,train2022_000000001850,head,0,True,box_center,2,0.8671875,0.7723720223538104,a02513dd5f45c61586d3d579ed1cab355ae3bb16f8442069b79a412de58b4d31
712,hyena/cropped_images/head/5714276c-6415-4eae-980b-1e4b923847b2/train2022_000000001855_head.jpg,train2022_000000001855,head,0,False,box_center,2,0.79296875,0.6965641487582036,
713,hyena/cropped_images/head/5714276c-6415-4eae-980b-1e4b923847b2/train2022_000000002017_head.jpg,train2022_000000002017,head,0,True,center,0,0.92578125,0.5037058846119382,3a13cff8a3994d20f296623d4aa7dbffdd603a42744dc088b5f5cde1c9ee7546
714,hyena/cropped_images/head/5714276c-6415-4eae-980b-1e4b923847b2/train2022_000000002138_head.jpg,train2022_000000002138,head,0,False,box_center,2,0.625,0.5604850227124047,
715,hyena/cropped_images/head/5714276c-6415-4eae-980b-1e4b923847b2/train2022_000000002168_head.jpg,train2022_000000002168,head,0,True,center,0,0.98046875,0.3973193973193973,a0bc38a17df9d20e573f84efddb6a7436fcf19d149dd05ec2c62a40e916f7766
716,hyena/cropped_images/head/5714276c-6415-4eae-980b-1e4b923847b2/train2022_000000002198_head.jpg,train2022_000000002198,head,0,False,box_center,2,0.77734375,0.6649214659685864,
717,hyena/cropped_images/head/5714276c-6415-4eae-980b-1e4b923847b2/train2022_000000002289_head.jpg,train2022_000000002289,head,0,True,center,0,0.92578125,0.6775280778463649,1021b6559a67e03dcdf9fb45c747b3538e2c4a518409b6211cffae5825092f8a
718,hyena/cropped_images/head/5714276c-6415-4eae-980b-1e4b923847b2/train2022_000000002551_head.jpg,train2022_000000002551,head,0,False,box_center,2,0.69140625,0.4619755800303567,
719,hyena/cropped_images/head/5714276c-6415-4eae-980b-1e4b923847b2/train2022_000000002642_head.jpg,train2022_000000002642,head,0,True,center,2,0.91015625,0.5469094259504066,56acaf835f75c499c87383a7086c2208fc4b804a9e6a1b8331524f14e55ec77a
720,hyena/cropped_images/head/5714276c-6415-4eae-980b-1e4b923847b2/train2022_000000002965_head.jpg,train2022_000000002965,head,0,True,center,0,0.98046875,0.5925638179800222,4872b1a05932e1239393c28b7445dacf2e546a86179b7d3073eb04e73c53a841
721,hyena/cropped_images/head/5b3f1cd0-8656-4803-b85a-ac405603f434/train2022_000000000011_head.jpg,train2022_000000000011,head,0,True,center,0,0.9609375,0.4744701840323843,60ce49e4080ceb9f2a96fc881cee4e4262de5eb5dacb622cc509c4dbcf186383
722,hyena/cropped_images/head/5b3f1cd0-8656-4803-b85a-ac405603f434/train2022_000000001009_head.jpg,train2022_000000001009,head,0,True,box_center,0,0.90234375,0.8228507295173961,aedf88da7329429d0805ff1d7c07d7cfa6f404dd28e6df18c0ec7c17ea84a6e5
723,hyena/cropped_images/head/5b3f1cd0-8656-4803-b85a-ac405603f434/train2022_000000001362_head.jpg,train2022_000000001362,head,0,True,center,0,0.98828125,0.547023556625596,93a45e532c85cf55d2a38b6d3fdf0c2c9c15727f3095de35a47dc27ab74ec68a
724,hyena/cropped_images/head/5b3f1cd0-8656-4803-b85a-ac405603f434/train2022_000000001772_head.jpg,train2022_000000001772,head,0,True,box_center,2,0.86328125,0.5544544330510287,9fef30e039c3a3fcf816e74e5ecdbc0ba829995745f18733acd949730e19d393
725,hyena/cropped_images/head/5b3f1cd0-8656-4803-b85a-ac405603f434/train2022_000000002745_head.jpg,train2022_000000002745,head,0,True,center,2,0.97265625,0.45728634817705505,a6068d0d10d802431435cb6bbc16e1bada1cf51d1d444703c0b960af1a12740b
726,hyena/cropped_images/head/5b3f1cd0-8656-4803-b85a-ac405603f434/train2022_000000003028_head.jpg,train2022_000000003028,head,0,True,center,2,0.9140625,0.43648872467830296,3297e224ca675c7987fa1f386eba0f0be3b041c9428e3df211030b71f7887c4d
727,hyena/cropped_images/head/5c6bdd77-0364-48e8-8022-591ca47f076e/train2022_000000000194_head.jpg,train2022_000000000194,head,0,True,box_center,0,0.8828125,0.721763085399449,71c79d4a2a2816b607baf04dffbd26d461505b420feb10e2cdab7fca758c15d8
728,hyena/cropped_images/head/5c6bdd77-0364-48e8-8022-591ca47f076e/train2022_000000000888_head.jpg,train2022_000000000888,head,0,False,box_center,2,0.8203125,0.7435482654284253,
729,hyena/cropped_images/head/5c6bdd77-0364-48e8-8022-591ca47f076e/train2022_000000002428_head.jpg,train2022_000000002428,head,0,True,center,2,0.98046875,0.54039566755084,29d5ddebb97fa2833aed057229a0697c5a89c9ab39722e214feab4a9d7b0bfcd
730,hyena/cropped_images/head/5c6bdd77-0364-48e8-8022-591ca47f076e/train2022_000000002865_head.jpg,train2022_000000002865,head,0,True,center,2,0.9609375,0.4950084220040261,420992ff00ed603e7068ab21504cb028cc6bcc75c3a2036c05274049ad7ff7ab
731,hyena/cropped_images/head/5fdac45d-b5e7-4133-a8f4-05b28552990c/train2022_000000000348_head.jpg,train2022_000000000348,head,0,False,box_center,2,0.72265625,0.6190622950819672,
732,hyena/cropped_images/head/5fdac45d-b5e7-4133-a8f4-05b28552990c/train2022_000000000684_head.jpg,train2022_000000000684,head,0,True,center,2,0.9296875,0.4340225653018978,cf8844a2765dc53126763385768c759bc36e8c80f5beea8a616bcbb9922e3640
733,hyena/cropped_images/head/5fdac45d-b5e7-4133-a8f4-05b28552990c/train2022_000000001420_head.jpg,train2022_000000001420,head,0,True,center,0,0.984375,0.5971081924344227,9f72d36ae1babd4a76160c2ac0db916cf98847ab8d72855dde5657ab0fc77751
734,hyena/cropped_images/head/5fdac45d-b5e7-4133-a8f4-05b28552990c/train2022_000000001479_head.jpg,train2022_000000001479,head,0,False,box_center,2,0.73828125,0.626974895295182,
735,hyena/cropped_images/head/5fdac45d-b5e7-4133-a8f4-05b28552990c/train2022_000000002278_head.jpg,train2022_000000002278,head,0,False,box_center,2,0.73828125,0.5862492368926614,
736,hyena/cropped_images/head/5fdac45d-b5e7-4133-a8f4-05b28552990c/train2022_000000002405_head.jpg,train2022_000000002405,head,0,False,box_center,2,0.8203125,0.5604907087184209,
737,hyena/cropped_images/head/5fdac45d-b5e7-4133-a8f4-05b28552990c/train2022_000000002590_head.jpg,train2022_000000002590,head,0,True,center,0,0.96484375,0.5683138633309212,fa0135110bc3f000520639578a920e96480172706abcbc62f0cb8019cf971fc5
738,hyena/cropped_images/head/5fdac45d-b5e7-4133-a8f4-05b28552990c/train2022_000000003056_head.jpg,train2022_000000003056,head,0,False,box_center,2,0.64453125,0.3961049808765991,
739,hyena/cropped_images/head/5ff6a7d1-4616-4201-a82f-30fad5e933a1/train2022_000000000342_head.jpg,train2022_000000000342,head,0,False,center,2,0.8203125,0.49708290819663553,
740,hyena/cropped_images/head/5ff6a7d1-4616-4201-a82f-30fad5e933a1/train2022_000000000563_head.jpg,train2022_000000000563,head,0,True,center,2,0.93359375,0.5983147726314013,43fe5bc9f07c11f9cc8fb471d01c8ebe99a813521e9abc73f0a2b10c8ff94125
741,hyena/cropped_images/head/5ff6a7d1-4616-4201-a82f-30fad5e933a1/train2022_000000001074_head.jpg,train2022_000000001074,head,0,False,box_center,0,0.8125,0.8483026598528118,
742,hyena/cropped_images/head/5ff6a7d1-4616-4201-a82f-30fad5e933a1/train2022_000000001568_head.jpg,train2022_000000001568,head,0,True,center,0,0.98828125,0.666261182275814,77592a3ed50f35ff51e796883e484e551b49d3b37a63396e793361a71c680936
743,hyena/cropped_images/head/5ff6a7d1-4616-4201-a82f-30fad5e933a1/train2022_000000002420_head.jpg,train2022_000000002420,head,0,False,box_center,2,0.7734375,0.5461661626045188,
744,hyena/cropped_images/head/5ff6a7d1-4616-4201-a82f-30fad5e933a1/train2022_000000003072_head.jpg,train2022_000000003072,head,0,True,box_center,0,0.859375,0.6457319854058985,8eca8937ef5559f9561c7de1b6b159a2ee44c48df72ff37b8017113e87a72b45
745,hyena/cropped_images/head/60a80045-52d9-4d37-abc6-a396254d59f0/train2022_000000000911_head.jpg,train2022_000000000911,head,0,False,box_center,2,0.83984375,0.6260263723931544,
746,hyena/cropped_images/head/60a80045-52d9-4d37-abc6-a396254d59f0/train2022_000000001658_head.jpg,train2022_000000001658,head,0,True,center,0,0.9765625,0.6315803429086583,2ae1e3310a35efe35310d96592675e6dce73ef5503a3e69c488436b164e02b48
747,hyena/cropped_images/head/60a80045-52d9-4d37-abc6-a396254d59f0/train2022_000000003082_head.jpg,train2022_000000003082,head,0,False,box_center,2,0.79296875,0.6610799438990183,
748,hyena/cropped_images/head/60b9e2bb-87ef-4b1d-923c-f0585a74d0b7/train2022_000000000365_head.jpg,train2022_000000000365,head,0,False,box_center,0,0.84765625,0.6946169157772686,
749,hyena/cropped_images/head/60b9e2bb-87ef-4b1d-923c-f0585a74d0b7/train2022_000000000476_head.jpg,train2022_000000000476,head,0,False,box_center,2,0.83984375,0.6105674300254453,
750,hyena/cropped_images/head/60b9e2bb-87ef-4b1d-923c-f0585a74d0b7/train2022_000000001022_head.jpg,train2022_000000001022,head,0,True,box_center,0,0.91796875,0.6641620151710319,81f6e4fe8391924b04dd21e50bc067c0013bc72c80d522ca826c896ceb354eaf
751,hyena/cropped_images/head/60b9e2bb-87ef-4b1d-923c-f0585a74d0b7/train2022_000000001199_head.jpg,train2022_000000001199,head,0,False,center,2,0.75390625,0.38553779316430775,
752,hyena/cropped_images/head/60b9e2bb-87ef-4b1d-923c-f0585a74d0b7/train2022_000000002042_head.jpg,train2022_000000002042,head,0,True,center,2,0.87890625,0.3831390791081598,fcf8548f35bcc97ade44c401377b6b30b704b60d8bc2d5d0cf67e8bad0b0a349
753,hyena/cropped_images/head/610a34bf-1456-4efe-b5c7-10c5b588be2e/train2022_000000000419_head.jpg,train2022_000000000419,head,0,True,box_center,0,0.859375,0.8170863969122315,39ca155dfa349ce93962fb88b89b80746f914e6c9de5ef033606e788eb54463c
754,hyena/cropped_images/head/610a34bf-1456-4efe-b5c7-10c5b588be2e/train2022_000000000631_head.jpg,train2022_000000000631,head,0,True,box_center,0,0.890625,0.8763368281818359,12591019572a1a9fe9e630b027f95bf7b1abf34ec4b10b2eb15f70af9fb806be
755,hyena/cropped_images/head/610a34bf-1456-4efe-b5c7-10c5b588be2e/train2022_000000001018_head.jpg,train2022_000000001018,head,0,True,center,0,0.89453125,0.7473255338296654,e157a81c96345c6ad7206a04adb858fd26c9adee00783853f6975b91bc22f3dc
756,hyena/cropped_images/head/61f3efff-c86f-48ed-8b36-0dec4078b231/train2022_000000000749_head.jpg,train2022_000000000749,head,0,True,center,0,0.98828125,0.540509610211767,34bbbd12794c794dcf192966dd3fcae6b0d091a61811687c39eef4595e67b157
757,hyena/cropped_images/head/61f3efff-c86f-48ed-8b36-0dec4078b231/train2022_000000001052_head.jpg,train2022_000000001052,head,0,True,box_center,2,0.890625,0.5296010296010296,7e6fd620870da40590a836811e24ca046e9945f7c5b645317d2d0c03c18667fe
758,hyena/cropped_images/head/61f3efff-c86f-48ed-8b36-0dec4078b231/train2022_000000001597_head.jpg,train2022_000000001597,head,0,True,center,0,0.97265625,0.4791578352409213,1a89db1c63466ae26ffb0ef25915c3a629ff2b91ddb84c4a5bda8b6001d52232
759,hyena/cropped_images/head/61f3efff-c86f-48ed-8b36-0dec4078b231/train2022_000000001653_head.jpg,train2022_000000001653,head,0,True,center,0,0.9765625,0.6039413945123154,47ff6985ceb6cfa2c9948e73927b9744b1a0c2297e024d1b44f8f7a6449993e5
760,hyena/cropped_images/head/61f3efff-c86f-48ed-8b36-0dec4078b231/train2022_000000002369_head.jpg,train2022_000000002369,head,0,True,center,0,0.9453125,0.5162758620689655,64ca026879789bc17df22cacc7d95efec3ac418f40c421c31fdc2b3d9bf7ebe3
761,hyena/cropped_images/head/62087513-88bc-4a3f-8699-cb8db0665501/train2022_000000001762_head.jpg,train2022_000000001762,head,0,True,center,0,0.9296875,0.7276714177279244,677beed1b03ec37afab4f89a27a1e2f73715e66573f5b7601b2bd109e1bacd7e
762,hyena/cropped_images/head/62087513-88bc-4a3f-8699-cb8db0665501/train2022_000000001788_head.jpg,train2022_000000001788,head,0,True,center,2,0.85546875,0.341259660885406,61d4cbc1843f7a09f9c864fb780fa1caef00597a4c68be6de5b8bf503a0c09e8
763,hyena/cropped_images/head/62087513-88bc-4a3f-8699-cb8db0665501/train2022_000000002299_head.jpg,train2022_000000002299,head,0,True,center,0,0.9453125,0.7700769368402218,d39bab06e7cc84844d0c4799c7bc9328ce009e721323aefa47c08c8dadd5d9c3
764,hyena/cropped_images/head/656932aa-cf53-4f70-985b-a388f6c88f69/train2022_000000000772_head.jpg,train2022_000000000772,head,0,True,center,2,0.86328125,0.41144175028899765,b0081f7e939f1fb5df3283da5effcda895db3969ce435c5f1d5a7a77f0df832d
765,hyena/cropped_images/head/656932aa-cf53-4f70-985b-a388f6c88f69/train2022_000000001768_head.jpg,train2022_000000001768,head,0,True,center,2,0.98046875,0.7021078245480976,68b8933874a7d3aa68ffae3d3e2f995b4e33885bba0a064fa6f118df8694a1ba
766,hyena/cropped_images/head/656932aa-cf53-4f70-985b-a388f6c88f69/train2022_000000002363_head.jpg,train2022_000000002363,head,0,True,center,0,0.92578125,0.7466913457112169,6e87df09665b4b0bf12902e0cc3e0de923ae424e7360a989b12d1b9a7863f755
767,hyena/cropped_images/head/656932aa-cf53-4f70-985b-a388f6c88f69/train2022_000000002791_head.jpg,train2022_000000002791,head,0,True,center,2,0.94140625,0.5237453518203569,8bbb403a43b8a62a17590f65674c926cbbe0446c448532f5d728733be5d9422c
768,hyena/cropped_images/head/66a99503-a6e9-47cd-b28a-ac543d20f110/train2022_000000000683_head.jpg,train2022_000000000683,head,0,True,center,0,0.96484375,0.6937484529277483,1039c5f122e2391894e41a51c454db53a192c1bc0d3677f73819fe34f9e86fb7
769,hyena/cropped_images/head/66a99503-a6e9-47cd-b28a-ac543d20f110/train2022_000000001102_head.jpg,train2022_000000001102,head,0,True,center,2,0.97265625,0.6754581027736118,344eada8b80c79d0493eaa68f59d74ce05bdd94610f925c21b2c12491d6e5cf8
770,hyena/cropped_images/head/66a99503-a6e9-47cd-b28a-ac543d20f110/train2022_000000001361_head.jpg,train2022_000000001361,head,0,False,box_center,2,0.8125,0.5421606299212598,
771,hyena/cropped_images/head/66a99503-a6e9-47cd-b28a-ac543d20f110/train2022_000000001633_head.jpg,train2022_000000001633,head,0,True,box_center,2,0.90625,0.6068154937906565,531e1ca3535c80dd9603a3e4bdd39238c84353d3d6a40dce916b42200348f8df
772,hyena/cropped_images/head/66a99503-a6e9-47cd-b28a-ac543d20f110/train2022_000000001704_head.jpg,train2022_000000001704,head,0,True,center,0,0.88671875,0.780651684899287,3126f278c2cd04d770191032889875c2f077656991a7c42a53a881957f7b8c39
773,hyena/cropped_images/head/66a99503-a6e9-47cd-b28a-ac543d20f110/train2022_000000001794_head.jpg,train2022_000000001794,head,0,True,box_center,2,0.91015625,0.5407448238998438,7a1a62d78fb61b80e23b7550502f8bfa29dce6db2808b17f711565666d463a1f
774,hyena/cropped_images/head/66f06e87-bcea-487d-b5c6-6e5cbfb52ce4/train2022_000000000428_head.jpg,train2022_000000000428,head,0,True,center,0,0.953125,0.4392764857881137,377b6dbd547db428aff3695cfc43600f52973477d802eb6b67ba416b15f0f266
775,hyena/cropped_images/head/66f06e87-bcea-487d-b5c6-6e5cbfb52ce4/train2022_000000001109_head.jpg,train2022_000000001109,head,0,True,center,0,0.94921875,0.47478893058161353,840e59722c8129075a2ab3d9a81f39694cefe756391af30254c430eb7e310f5a
776,hyena/cropped_images/head/66f06e87-bcea-487d-b5c6-6e5cbfb52ce4/train2022_000000001507_head.jpg,train2022_000000001507,head,0,True,center,0,0.953125,0.4969512195121951,e546a61cc64711891908a0cc43d4a5f278a3a2cc642b81c9eb6adf9a20b027aa
777,hyena/cropped_images/head/66f06e87-bcea-487d-b5c6-6e5cbfb52ce4/train2022_000000001609_head.jpg,train2022_000000001609,head,0,True,center,0,0.96484375,0.47339449541284406,91d2cc605793630bea566576f527f8bfa1bee1327b9c30ac6d7d625aed63954d
778,hyena/cropped_images/head/67006b29-4adc-41dc-9b30-39a94363a81a/train2022_000000000806_head.jpg,train2022_000000000806,head,0,True,center,0,0.9765625,0.655439121756487,6cd1a433a53d70805f68d5e34f442faa68d6a0f5eb849c8247aa276f8912fd1a
779,hyena/cropped_images/head/67006b29-4adc-41dc-9b30-39a94363a81a/train2022_000000001134_head.jpg,train2022_000000001134,head,0,True,center,0,0.96484375,0.6715707956018033,be47fb67e3b32f3ff5ad5a30cc809b5ec144ffb1b10dc87e3ca36c62f37c685c
780,hyena/cropped_images/head/67006b29-4adc-41dc-9b30-39a94363a81a/train2022_000000001412_head.jpg,train2022_000000001412,head,0,True,center,0,0.9453125,0.7445556946182729,7203c535bc52eb171e16092115516f60156e8f95189e801c1c74f92ee7d0e42f
781,hyena/cropped_images/head/67006b29-4adc-41dc-9b30-39a94363a81a/train2022_000000001575_head.jpg,train2022_000000001575,head,0,True,center,0,0.94921875,0.5822474747474747,d8e1101f8562660cd2274c7277a140aff1584fff65e37a7a256213b5a93a03a4
782,hyena/cropped_images/head/67006b29-4adc-41dc-9b30-39a94363a81a/train2022_000000001676_head.jpg,train2022_000000001676,head,0,True,center,0,0.9765625,0.5099285003167707,c97583da8abe6949bd893db268f868327ac479930ccbb0a96f24e71c67760158
783,hyena/cropped_images/head/67006b29-4adc-41dc-9b30-39a94363a81a/train2022_000000001798_head.jpg,train2022_000000001798,head,0,True,center,0,0.9375,0.6056779848040607,eeaae34f9b5305a909b6a1e3cf71040491cea63eee1c482bbc7a554779ff89fd
784,hyena/cropped_images/head/67006b29-4adc-41dc-9b30-39a94363a81a/train2022_000000002383_head.jpg,train2022_000000002383,head,0,True,box_center,0,0.90234375,0.7060699588477366,7be28ee3547c98c11de25e5f41467a5669a5b64a6d97266f4abdccc33aefaeb8
785,hyena/cropped_images/head/67006b29-4adc-41dc-9b30-39a94363a81a/train2022_000000002388_head.jpg,train2022_000000002388,head,0,True,center,0,0.9609375,0.5117579199574053,f23ee8ecf311a253851cb6dee3a71b063c76901ab58f524bec2cdb573490b878
786,hyena/cropped_images/head/67006b29-4adc-41dc-9b30-39a94363a81a/train2022_000000002447_head.jpg,train2022_000000002447,head,0,True,center,0,0.96875,0.5465968360705202,e9a78c530e204498b407121a210db52f0cb4c9cc9d0e39275e9e1b3d1c16b335
787,hyena/cropped_images/head/67006b29-4adc-41dc-9b30-39a94363a81a/train2022_000000002695_head.jpg,train2022_000000002695,head,0,True,center,0,0.95703125,0.6390624294338145,24c1be69b8663c7713f1e569c8d487ca0a8901b67e8a67fb4c0bf0c0e1480a33
788,hyena/cropped_images/head/67006b29-4adc-41dc-9b30-39a94363a81a/train2022_000000002712_head.jpg,train2022_000000002712,head,0,True,center,0,0.9453125,0.6143128219029548,3a4ac24f865289d167a140e2f56b1ffa3e6dea37844382e0b3e96a6a20753d3e
789,hyena/cropped_images/head/6810b958-c4ad-4c34-9590-94b819ff444b/train2022_000000002125_head.jpg,train2022_000000002125,head,0,False,center,0,0.76171875,0.539467358740333,
790,hyena/cropped_images/head/6810b958-c4ad-4c34-9590-94b819ff444b/train2022_000000002661_head.jpg,train2022_000000002661,head,0,True,center,0,0.96875,0.5910752158022836,34bb2231b77683c98fa22e4acab9c1630c1162b53c43c451e62ef0c46ed255ab
791,hyena/cropped_images/head/6810b958-c4ad-4c34-9590-94b819ff444b/train2022_000000002717_head.jpg,train2022_000000002717,head,0,True,center,0,0.984375,0.6874118476727785,258874bd392e80d87e3690242f06fdabc51f1db57fa46ab11c6c723b142463dd
792,hyena/cropped_images/head/68996e21-12ab-4183-ab94-d2b0331efb10/train2022_000000000024_head.jpg,train2022_000000000024,head,0,False,box_center,2,0.77734375,0.6984860291662028,
793,hyena/cropped_images/head/68996e21-12ab-4183-ab94-d2b0331efb10/train2022_000000001415_head.jpg,train2022_000000001415,head,0,True,center,0,0.95703125,0.8236898724450592,c24b6e4705623dc669279b7e02871933af174542b1e6d65878a17bb848a49440
794,hyena/cropped_images/head/68996e21-12ab-4183-ab94-d2b0331efb10/train2022_000000001466_head.jpg,train2022_000000001466,head,0,True,center,0,0.89453125,0.6392182431143058,8e6349215eee7c80c16a9e67ce90944a08f2db74903b26fdbb632cdbcd29d672
795,hyena/cropped_images/head/68996e21-12ab-4183-ab94-d2b0331efb10/train2022_000000001626_head.jpg,train2022_000000001626,head,0,True,box_center,0,0.90234375,0.6798974871858983,c1454782fae0011e5d60007b09e66047f719d27d7f898ad7b24625587ded8974
796,hyena/cropped_images/head/68996e21-12ab-4183-ab94-d2b0331efb10/train2022_000000001647_head.jpg,train2022_000000001647,head,0,True,center,0,0.9140625,0.5443189165888354,46004e696632b22e33b14e30916d3dc68acb0cdd2ba3d88ef50dba250e9489a7
797,hyena/cropped_images/head/68996e21-12ab-4183-ab94-d2b0331efb10/train2022_000000001741_head.jpg,train2022_000000001741,head,0,False,box_center,2,0.7265625,0.6486486486486487,
798,hyena/cropped_images/head/68996e21-12ab-4183-ab94-d2b0331efb10/train2022_000000001888_head.jpg,train2022_000000001888,head,0,False,box_center,0,0.83984375,0.8032611832611832,
799,hyena/cropped_images/head/68996e21-12ab-4183-ab94-d2b0331efb10/train2022_000000002815_head.jpg,train2022_000000002815,head,0,True,center,0,0.96484375,0.6654082463542823,a040d67957de0c77af763d7205118619ea5928aa18fd09fcd2f285c1b357c0b5
800,hyena/cropped_images/head/68996e21-12ab-4183-ab94-d2b0331efb10/train2022_000000002918_head.jpg,train2022_000000002918,head,0,True,center,2,0.859375,0.8164275428743135,6bafa3967949443c55c5943fd49a8d57a288c5d002b76e5134f62769c83d3d1b
801,hyena/cropped_images/head/6a1fc5e8-c077-41c4-9c3b-ff5d0b0364a2/train2022_000000000042_head.jpg,train2022_000000000042,head,0,True,center,2,0.8984375,0.4346588693957115,5c0066509e78960886374d722c58eedb0e16a88199647dd378c1b60ffb985c49
802,hyena/cropped_images/head/6a1fc5e8-c077-41c4-9c3b-ff5d0b0364a2/train2022_000000000236_head.jpg,train2022_000000000236,head,0,True,center,0,0.96484375,0.5949108386111486,c52749fd758f5efc16b293d459ad3e74b64dc795b91e4f22dc9c57167e828e4a
803,hyena/cropped_images/head/6a1fc5e8-c077-41c4-9c3b-ff5d0b0364a2/train2022_000000001363_head.jpg,train2022_000000001363,head,0,True,center,2,0.93359375,0.5818582020389249,64596474712aaa73c2d68c73515757774e19561006de8774f5f72fe94605e86b
804,hyena/cropped_images/head/6a1fc5e8-c077-41c4-9c3b-ff5d0b0364a2/train2022_000000001476_head.jpg,train2022_000000001476,head,0,False,box_center,2,0.7734375,0.7132397803538744,
805,hyena/cropped_images/head/6a1fc5e8-c077-41c4-9c3b-ff5d0b0364a2/train2022_000000001974_head.jpg,train2022_000000001974,head,0,True,center,0,0.9765625,0.4855034847392454,75b47d7d86c524802ac4cbc20f38249642f0399774ab7109c91f400e9115d12d
806,hyena/cropped_images/head/6a1fc5e8-c077-41c4-9c3b-ff5d0b0364a2/train2022_000000002679_head.jpg,train2022_000000002679,head,0,False,box_center,2,0.7265625,0.6790780141843972,
807,hyena/cropped_images/head/6e8d3aef-1f16-4b06-a5d4-9cf11fd29530/train2022_000000000049_head.jpg,train2022_000000000049,head,0,True,box_center,0,0.8828125,0.7852173103961624,76866f1c0085938fd58c527fe4453dfcf189fc8ad1b394cede0dde498b4f4676
808,hyena/cropped_images/head/6e8d3aef-1f16-4b06-a5d4-9cf11fd29530/train2022_000000000341_head.jpg,train2022_000000000341,head,0,True,box_center,2,0.890625,0.4918635932354747,13c4f1ba2f983c6a611b65261895bd05ca2a3a9c1759a4e22d07ad4644959b74
809,hyena/cropped_images/head/6e8d3aef-1f16-4b06-a5d4-9cf11fd29530/train2022_000000000395_head.jpg,train2022_000000000395,head,0,True,center,2,0.88671875,0.3730198854061341,31cfbb08b3bb3146e2355be4e425bcc8582b7c89c988cfe7f107411ac6e7409e
810,hyena/cropped_images/head/6e8d3aef-1f16-4b06-a5d4-9cf11fd29530/train2022_000000000614_head.jpg,train2022_000000000614,head,0,True,box_center,2,0.94140625,0.5708379655364091,93d739d12728829c3bbc8e119306bf55fdb191f7e02a55bfa50cf0e0869bf5b1
811,hyena/cropped_images/head/6e8d3aef-1f16-4b06-a5d4-9cf11fd29530/train2022_000000000692_head.jpg,train2022_000000000692,head,0,True,box_center,2,0.90234375,0.5084436768374592,7b89dacdbd258321e84c87bb0e77d83cf89db77157d39919f53b453c6e6cc39f
812,hyena/cropped_images/head/6e8d3aef-1f16-4b06-a5d4-9cf11fd29530/train2022_000000000713_head.jpg,train2022_000000000713,head,0,True,box_center,2,0.9375,0.4946334089191232,b6d6906441ca65aeb68319ddf57f29e693aaff430ceff1d3fed5191922e6863e
813,hyena/cropped_images/head/6e8d3aef-1f16-4b06-a5d4-9cf11fd29530/train2022_000000001206_head.jpg,train2022_000000001206,head,0,True,box_center,0,0.921875,0.6113329792883696,60b834f23f88d2958f02a63ed4415d68259f29015af3ea35b29c9afa99b12853
814,hyena/cropped_images/head/6e8d3aef-1f16-4b06-a5d4-9cf11fd29530/train2022_000000001695_head.jpg,train2022_000000001695,head,0,True,center,2,0.94921875,0.39961243575701405,a8c764cd5e1abbfdd1d0804194a6703bc1ea32c7efad2e87c556473cd4ce5750
815,hyena/cropped_images/head/6e8d3aef-1f16-4b06-a5d4-9cf11fd29530/train2022_000000001908_head.jpg,train2022_000000001908,head,0,True,box_center,2,0.859375,0.5531880548829702,65c504b8d02dfaffa34552bd088b35682d8e192e32543cd843e76e1f37eb3534
816,hyena/cropped_images/head/6e8d3aef-1f16-4b06-a5d4-9cf11fd29530/train2022_000000002128_head.jpg,train2022_000000002128,head,0,True,center,0,0.953125,0.7592870456860515,99296f0fe6c7c1f3f784cbc8205288fa6078b6a12c2133f3ad0a4587443833a2
817,hyena/cropped_images/head/6e8d3aef-1f16-4b06-a5d4-9cf11fd29530/train2022_000000002274_head.jpg,train2022_000000002274,head,0,True,box_center,2,0.91015625,0.5549632870096939,e8390061123f2cba773a2f0bbaddd3a9b0f02b16cec1541dc81fd013b5213765
818,hyena/cropped_images/head/6e8d3aef-1f16-4b06-a5d4-9cf11fd29530/train2022_000000002308_head.jpg,train2022_000000002308,head,0,True,box_center,2,0.8515625,0.4515160183066362,fe9e04b2cf941bdfaab0168191b18832986f3c26fb388dafe0577fd813458e05
819,hyena/cropped_images/head/6e8d3aef-1f16-4b06-a5d4-9cf11fd29530/train2022_000000002441_head.jpg,train2022_000000002441,head,0,True,center,2,0.90625,0.3548103521027709,b8b306873de690eca341ee1cf32fb750aa79790704d3597f3bb0b18003237b3d
820,hyena/cropped_images/head/6e8d3aef-1f16-4b06-a5d4-9cf11fd29530/train2022_000000002485_head.jpg,train2022_000000002485,head,0,True,box_center,2,0.92578125,0.5959255927973687,2b61ffc2ac4e6ba27d571365856b39cb2a05871a9febd3962daa5e90034ba30d
821,hyena/cropped_images/head/6e8d3aef-1f16-4b06-a5d4-9cf11fd29530/train2022_000000002608_head.jpg,train2022_000000002608,head,0,True,box_center,2,0.890625,0.5299604296212549,a522d63aa3c43f7fbcb6098e4914d08cc59c18270ccf5b7714022a03ccef9100
822,hyena/cropped_images/head/6e8d3aef-1f16-4b06-a5d4-9cf11fd29530/train2022_000000002633_head.jpg,train2022_000000002633,head,0,True,center,0,0.91796875,0.5732919046394921,5262dce4461592b25d76a2a1d8c5f9d5de4d2dff2100a5d76c32933769e985da
823,hyena/cropped_images/head/6e8d3aef-1f16-4b06-a5d4-9cf11fd29530/train2022_000000002635_head.jpg,train2022_000000002635,head,0,True,box_center,2,0.890625,0.5307777053308451,76ac01d1776b4c93a476cee614af23daa5580346138bda89d802dfad040db229
824,hyena/cropped_images/head/6e8d3aef-1f16-4b06-a5d4-9cf11fd29530/train2022_000000002811_head.jpg,train2022_000000002811,head,0,True,center,0,0.91015625,0.5224349183721957,bd64e9cc6d1c25127909456cfe9398d9b0f4de0864187b37e0d768fea882e748
825,hyena/cropped_images/head/6e8d3aef-1f16-4b06-a5d4-9cf11fd29530/train2022_000000002870_head.jpg,train2022_000000002870,head,0,True,box_center,2,0.90625,0.4836967121760936,677986f21a5571e470e0a26fa484441784e819847477dd1d92026eaef2f58884
826,hyena/cropped_images/head/7145ff09-9841-43c9-8137-9bb3ea90a5b8/train2022_000000000096_head.jpg,train2022_000000000096,head,0,True,center,0,0.9765625,0.6677454074731285,5659316bed752eb7954ead91a89d7283bfa41408b577bc0aff19b8e79eea2561
827,hyena/cropped_images/head/7145ff09-9841-43c9-8137-9bb3ea90a5b8/train2022_000000002073_head.jpg,train2022_000000002073,head,0,True,center,2,0.9453125,0.6962878709543997,a7d355d044998814f349bf05a11a3b56cb9f52aad57364117f4f89783213a1c5
828,hyena/cropped_images/head/7145ff09-9841-43c9-8137-9bb3ea90a5b8/train2022_000000002583_head.jpg,train2022_000000002583,head,0,True,box_center,2,0.9296875,0.6701455290532731,c0a5f7f63cf4790d3483bc8b32a6cfc4ed2c474059958acd5ccb2578da1e0c10
829,hyena/cropped_images/head/7145ff09-9841-43c9-8137-9bb3ea90a5b8/train2022_000000002837_head.jpg,train2022_000000002837,head,0,True,center,2,0.97265625,0.5606121974702035,0810f619a471726d1d26b36e27d0289adf4f129c7149ce7d23321463a1047316
830,hyena/cropped_images/head/7153eda6-946a-4e9d-9c3d-c5c034cbc5e3/train2022_000000000032_head.jpg,train2022_000000000032,head,0,True,center,2,0.94921875,0.5785248520965582,061cd4bbeeb0d8203db720e4d21e656cb5e19ce40dec173ec421c12d9879cfff
831,hyena/cropped_images/head/7153eda6-946a-4e9d-9c3d-c5c034cbc5e3/train2022_000000000102_head.jpg,train2022_000000000102,head,0,True,box_center,2,0.86328125,0.5932544141252006,7ab42c9747289da4be4afd940801364384421d1d54d2bd3fdb3d782f94b63ca9
832,hyena/cropped_images/head/7153eda6-946a-4e9d-9c3d-c5c034cbc5e3/train2022_000000000109_head.jpg,train2022_000000000109,head,0,False,center,2,0.82421875,0.3442449534161491,
833,hyena/cropped_images/head/7153eda6-946a-4e9d-9c3d-c5c034cbc5e3/train2022_000000000203_head.jpg,train2022_000000000203,head,0,True,center,0,0.9765625,0.6437794540579654,bd5b0ec67481400e00df5947440da28c94abef618f8567a4fb9e10844eebb27d
834,hyena/cropped_images/head/7153eda6-946a-4e9d-9c3d-c5c034cbc5e3/train2022_000000000284_head.jpg,train2022_000000000284,head,0,True,center,0,0.96484375,0.6086247530173543,bd0806d86375ea3d234e634ec8eeebff90600aabee92f771aea371c2e712d350
835,hyena/cropped_images/head/7153eda6-946a-4e9d-9c3d-c5c034cbc5e3/train2022_000000000793_head.jpg,train2022_000000000793,head,0,True,center,2,0.94921875,0.587295751633987,8f540b833774c0d835eddc45a07408ea9c3d70c85f8a74e5654c956bf5f3ff0f
836,hyena/cropped_images/head/7153eda6-946a-4e9d-9c3d-c5c034cbc5e3/train2022_000000000942_head.jpg,train2022_000000000942,head,0,True,box_center,2,0.87890625,0.62179579041648,9b2427c670d5373b9e4e4958b7b9b29a288f37146975e188c89c84c6adce08b0
837,hyena/cropped_images/head/7153eda6-946a-4e9d-9c3d-c5c034cbc5e3/train2022_000000002108_head.jpg,train2022_000000002108,head,0,True,center,0,0.96484375,0.7118811459103053,447275b986429621c3fbf050c4bbe5a76a9ac56bb9eaa1752fb4d7bcf75d4ce2
838,hyena/cropped_images/head/7153eda6-946a-4e9d-9c3d-c5c034cbc5e3/train2022_000000002228_head.jpg,train2022_000000002228,head,0,True,center,0,0.98046875,0.6149981790290362,b6bc9acc8f7c0a172a568b25f72f47c78adfd416ae4ee919adc0284105e22c2a
839,hyena/cropped_images/head/7153eda6-946a-4e9d-9c3d-c5c034cbc5e3/train2022_000000002262_head.jpg,train2022_000000002262,head,0,True,center,0,0.984375,0.6420683861119195,a1946d50227514e19e22b19fc4b6f30b41f571ce3d22a79892293894df590618
840,hyena/cropped_images/head/7153eda6-946a-4e9d-9c3d-c5c034cbc5e3/train2022_000000002401_head.jpg,train2022_000000002401,head,0,False,box_center,2,0.8046875,0.6076653667502918,
841,hyena/cropped_images/head/7153eda6-946a-4e9d-9c3d-c5c034cbc5e3/train2022_000000002678_head.jpg,train2022_000000002678,head,0,True,center,0,0.94921875,0.8573257786740933,ab2fb6134b471419dbe854e9472767fd4009476dd155fd1581a4da078bd59b0f
842,hyena/cropped_images/head/7153eda6-946a-4e9d-9c3d-c5c034cbc5e3/train2022_000000003073_head.jpg,train2022_000000003073,head,0,True,box_center,0,0.8828125,0.7253626653913599,3f4f81da953e83fd32aff040c254ed0617180ff3b25b4570613c53216d0310f5
843,hyena/cropped_images/head/7201896a-1323-4e70-b147-4cc6d13b2784/train2022_000000000155_head.jpg,train2022_000000000155,head,0,True,center,0,0.98046875,0.5984065460809647,bce331519a0f01f26209bbb8f08c4a16338437d4224c8635b727d06be81142b9
844,hyena/cropped_images/head/7201896a-1323-4e70-b147-4cc6d13b2784/train2022_000000000211_head.jpg,train2022_000000000211,head,0,False,box_center,2,0.78515625,0.6693612615482638,
845,hyena/cropped_images/head/7201896a-1323-4e70-b147-4cc6d13b2784/train2022_000000000254_head.jpg,train2022_000000000254,head,0,False,box_center,2,0.7890625,0.6904522613065327,
846,hyena/cropped_images/head/7201896a-1323-4e70-b147-4cc6d13b2784/train2022_000000001019_head.jpg,train2022_000000001019,head,0,True,center,2,0.92578125,0.525193515408208,0149ea6135b1cf7b70b3195624beefb7ddee6899a45a199804872b3f69cf5802
847,hyena/cropped_images/head/7201896a-1323-4e70-b147-4cc6d13b2784/train2022_000000001766_head.jpg,train2022_000000001766,head,0,False,box_center,2,0.79296875,0.7777108433734939,
848,hyena/cropped_images/head/7201896a-1323-4e70-b147-4cc6d13b2784/train2022_000000002023_head.jpg,train2022_000000002023,head,0,True,center,0,0.94921875,0.5234020121356229,2fab724ac1d2fac082f6252862b4eebc0633904f58e06e52bc06131ac120ee05
849,hyena/cropped_images/head/7201896a-1323-4e70-b147-4cc6d13b2784/train2022_000000002038_head.jpg,train2022_000000002038,head,0,False,box_center,2,0.79296875,0.5734549581005587,
850,hyena/cropped_images/head/7201896a-1323-4e70-b147-4cc6d13b2784/train2022_000000002207_head.jpg,train2022_000000002207,head,0,True,box_center,2,0.8828125,0.5445103555120678,5441abc956d0ba52020f0ab3c5cdd422ed5981c65442fb352625575df81d422a
851,hyena/cropped_images/head/7201896a-1323-4e70-b147-4cc6d13b2784/train2022_000000002446_head.jpg,train2022_000000002446,head,0,True,center,2,0.9609375,0.5700444815123714,e1a3884819b5445adce4c4610424c7725d15af4609afcd30c1879f64de329de7
852,hyena/cropped_images/head/7201896a-1323-4e70-b147-4cc6d13b2784/train2022_000000002492_head.jpg,train2022_000000002492,head,0,True,box_center,2,0.8828125,0.525096525096525,8aa924682b578a98c9db5084e93552ab6a097c9353c727811080658524a24939
853,hyena/cropped_images/head/7201896a-1323-4e70-b147-4cc6d13b2784/train2022_000000002649_head.jpg,train2022_000000002649,head,0,True,center,0,0.95703125,0.5172243103563997,93768f4639a7c1b8dea52b86714324df4389620692c60e0f2d520b77ed7c957c
854,hyena/cropped_images/head/7201896a-1323-4e70-b147-4cc6d13b2784/train2022_000000003047_head.jpg,train2022_000000003047,head,0,True,box_center,2,0.890625,0.6589043268233773,c4f9116e6b8419821574bede487b473fc6be929e62ae6a6906d843a3bed94308
855,hyena/cropped_images/head/7250d64b-90db-40d5-8db0-db0b74f86cd3/train2022_000000002841_head.jpg,train2022_000000002841,head,0,False,center,2,0.80859375,0.8932429166356808,
856,hyena/cropped_images/head/7251cda9-d3d5-4249-baf0-4f4c1480adc9/train2022_000000000195_head.jpg,train2022_000000000195,head,0,True,box_center,0,0.93359375,0.6990074798619103,15db18fbe370302a012ad276a12dfae92913faa1f5d2f164103863e5fe0c8a68
857,hyena/cropped_images/head/7251cda9-d3d5-4249-baf0-4f4c1480adc9/train2022_000000000310_head.jpg,train2022_000000000310,head,0,True,box_center,2,0.96875,0.6424378453038674,2d71b6e4861d61056a8a8e9ea391d12577793e1e972a9e9271b2fcc4ba4b451a
858,hyena/cropped_images/head/7251cda9-d3d5-4249-baf0-4f4c1480adc9/train2022_000000000485_head.jpg,train2022_000000000485,head,0,True,center,0,0.98828125,0.795995815797796,009ffae7d9e39ca3a3b19fb8d493030b0bb6796606738b4de6b8dcb3006beefe
859,hyena/cropped_images/head/7251cda9-d3d5-4249-baf0-4f4c1480adc9/train2022_000000000527_head.jpg,train2022_000000000527,head,0,True,center,0,0.984375,0.7434802204330814,a537083649b3ab3cfcf2627fbb9885dd908af24c0dd6f31c162c0d313131b92a
860,hyena/cropped_images/head/7251cda9-d3d5-4249-baf0-4f4c1480adc9/train2022_000000000566_head.jpg,train2022_000000000566,head,0,True,center,0,0.96484375,0.7688623028969563,5c2f872f257ec3fb373521b72ce62f1e7db3257d8b8137b11935a6566552bb51
861,hyena/cropped_images/head/7251cda9-d3d5-4249-baf0-4f4c1480adc9/train2022_000000000706_head.jpg,train2022_000000000706,head,0,True,center,0,0.890625,0.4885491746105557,53767c2d6fc5d73f835b87df234259f8372917fb34f708386afad32c2efa3db0
862,hyena/cropped_images/head/7251cda9-d3d5-4249-baf0-4f4c1480adc9/train2022_000000000721_head.jpg,train2022_000000000721,head,0,True,center,0,0.98046875,0.5575847763347763,b30185bbef6372be613b4629531be90105f15e90d15c6c63b8741335dcfe9f3e
863,hyena/cropped_images/head/7251cda9-d3d5-4249-baf0-4f4c1480adc9/train2022_000000000816_head.jpg,train2022_000000000816,head,0,True,center,0,0.984375,0.5547014519760851,37d35992ab2b924f1092d4a82d521d718939c056bd3cd30880026bf3daf08bb3
864,hyena/cropped_images/head/7251cda9-d3d5-4249-baf0-4f4c1480adc9/train2022_000000000835_head.jpg,train2022_000000000835,head,0,True,center,0,0.93359375,0.5144880174291939,b9e9fc1f47a5321d9a5511243beaf432ea26d7bb06da23c2df581bf05703dfa3
865,hyena/cropped_images/head/7251cda9-d3d5-4249-baf0-4f4c1480adc9/train2022_000000000843_head.jpg,train2022_000000000843,head,0,True,box_center,0,0.9609375,0.7648611111111111,9b9b37339e15eeba39f437d169423bfef2da2d108652f2e1d0837bb9dfb8e28e
866,hyena/cropped_images/head/7251cda9-d3d5-4249-baf0-4f4c1480adc9/train2022_000000000877_head.jpg,train2022_000000000877,head,0,True,center,0,0.9765625,0.6534965034965035,17663828ffb3186dff39e51c6d198aec63c031996f681e3a830c074711e7445e
867,hyena/cropped_images/head/7251cda9-d3d5-4249-baf0-4f4c1480adc9/train2022_000000001007_head.jpg,train2022_000000001007,head,0,True,center,2,0.89453125,0.46266008999653857,58c967194e5b4fb864937a31df649a024aa2aa8975edfba2a142b8c711a565cc
868,hyena/cropped_images/head/7251cda9-d3d5-4249-baf0-4f4c1480adc9/train2022_000000001065_head.jpg,train2022_000000001065,head,0,True,center,0,0.98046875,0.5332474226804124,11f073cddab49e32d127a0e5df6a4540db635c34303cada6ac3e046b78985774
869,hyena/cropped_images/head/7251cda9-d3d5-4249-baf0-4f4c1480adc9/train2022_000000001068_head.jpg,train2022_000000001068,head,0,True,center,0,0.94140625,0.5175475687103595,403d79805eb45f3091945d1bcc56a51d1d532f08de33f5398dbfb959d8f67b3f
870,hyena/cropped_images/head/7251cda9-d3d5-4249-baf0-4f4c1480adc9/train2022_000000001093_head.jpg,train2022_000000001093,head,0,True,box_center,2,0.92578125,0.5374670879410216,0ac6f0896be9b9b0bd0493734511462c1002080c084eb6ee6d033fc597c38f06
871,hyena/cropped_images/head/7251cda9-d3d5-4249-baf0-4f4c1480adc9/train2022_000000001165_head.jpg,train2022_000000001165,head,0,True,center,0,0.96484375,0.5631410987007066,289a2c831e405520a25c3be64c6c1a5e3f59a33da3ddecb2781ba3e4749de132
872,hyena/cropped_images/head/7251cda9-d3d5-4249-baf0-4f4c1480adc9/train2022_000000001311_head.jpg,train2022_000000001311,head,0,True,box_center,2,0.9375,0.5422992056487203,22d6931878f0a540fec90d9d89ce692dec9f66824a9e11afdaa3ecc0a74af9e4
873,hyena/cropped_images/head/7251cda9-d3d5-4249-baf0-4f4c1480adc9/train2022_000000001374_head.jpg,train2022_000000001374,head,0,True,box_center,0,0.9609375,0.7651186100902105,50b9ea6c6c4953c09dcee1ad9720b50b70e5e8fbbfbfc6aedb3a9a89555c6a9c
874,hyena/cropped_images/head/7251cda9-d3d5-4249-baf0-4f4c1480adc9/train2022_000000001444_head.jpg,train2022_000000001444,head,0,True,center,0,0.9453125,0.690766118747684,4b3c4240cbc9ed506d83cadd287c80f8095d8a34cb5f4c1779b910570b279095
875,hyena/cropped_images/head/7251cda9-d3d5-4249-baf0-4f4c1480adc9/train2022_000000001514_head.jpg,train2022_000000001514,head,0,True,box_center,2,0.97265625,0.663680835051209,eb92c3228a293c0504cc8d2f3c7a93ae38a629f8b7eddb27e84c0bf203b5d6e8
876,hyena/cropped_images/head/7251cda9-d3d5-4249-baf0-4f4c1480adc9/train2022_000000001686_head.jpg,train2022_000000001686,head,0,False,box_center,2,0.69921875,0.5262343842950624,
877,hyena/cropped_images/head/7251cda9-d3d5-4249-baf0-4f4c1480adc9/train2022_000000001792_head.jpg,train2022_000000001792,head,0,True,center,2,0.94140625,0.4446770089468932,058137cf2e1c83067ab5d82e734b3041898792f72d43105307b85c5a727e06d2
878,hyena/cropped_images/head/7251cda9-d3d5-4249-baf0-4f4c1480adc9/train2022_000000001861_head.jpg,train2022_000000001861,head,0,False,center,0,0.84375,0.6174169440065393,
879,hyena/cropped_images/head/7251cda9-d3d5-4249-baf0-4f4c1480adc9/train2022_000000001954_head.jpg,train2022_000000001954,head,0,True,center,0,0.9375,0.7084984984984986,49c3ea608353f5f84fe3a01b4d672cd7ab1deb88a59a429fe092409011ff872c
880,hyena/cropped_images/head/7251cda9-d3d5-4249-baf0-4f4c1480adc9/train2022_000000002166_head.jpg,train2022_000000002166,head,0,True,center,0,0.97265625,0.7385301968635302,f0bb3244d13f4046ac9acb2a00396a627327c150472ec3029f0c026ca3f5e8fa
881,hyena/cropped_images/head/7251cda9-d3d5-4249-baf0-4f4c1480adc9/train2022_000000002324_head.jpg,train2022_000000002324,head,0,True,center,0,0.9765625,0.6027516544757924,92873562fca0fb4d9486e25e1c6e00ed3aeb511d3f783b9ee6eab10dd9bf2ff2
882,hyena/cropped_images/head/7251cda9-d3d5-4249-baf0-4f4c1480adc9/train2022_000000002354_head.jpg,train2022_000000002354,head,0,True,center,0,0.9765625,0.7644562255215857,14ff29e4a0bee8db63246acad65a2ab04cde2608b699427f9455e70846f2c459
883,hyena/cropped_images/head/7251cda9-d3d5-4249-baf0-4f4c1480adc9/train2022_000000002454_head.jpg,train2022_000000002454,head,0,True,center,0,0.984375,0.6683785002949443,75eef9a4a221427497aa9af0bddd1d417f47cda10b48968a89421fc3f4074030
884,hyena/cropped_images/head/7251cda9-d3d5-4249-baf0-4f4c1480adc9/train2022_000000002519_head.jpg,train2022_000000002519,head,0,True,box_center,0,0.92578125,0.81981314288281,4a65ca6c3779b537cefa77b6d2f6bdad49592ddfa030693548f4155bbe4e1469
885,hyena/cropped_images/head/7251cda9-d3d5-4249-baf0-4f4c1480adc9/train2022_000000002592_head.jpg,train2022_000000002592,head,0,True,center,0,0.9765625,0.7153742808915222,6830fbf5deb5d28fd2047a537567180d88ae73c7d1779d83bed96d4fd8ad9b1c
886,hyena/cropped_images/head/7251cda9-d3d5-4249-baf0-4f4c1480adc9/train2022_000000002632_head.jpg,train2022_000000002632,head,0,True,center,0,0.95703125,0.5455733511289067,cb93e5f0e19d30b4997869fe8d82314224acd37ff1bcc65aed08dbbe0933d030
887,hyena/cropped_images/head/7251cda9-d3d5-4249-baf0-4f4c1480adc9/train2022_000000002778_head.jpg,train2022_000000002778,head,0,True,center,0,0.96875,0.5044041450777202,ca16035007f4c1b758213119ad0a1180d30eb44b9e38ef5fec424aee14c1d2b6
888,hyena/cropped_images/head/7251cda9-d3d5-4249-baf0-4f4c1480adc9/train2022_000000002883_head.jpg,train2022_000000002883,head,0,True,box_center,2,0.9140625,0.485651879189576,74ead16d30f8c3f29b76c58b620bf4b9ea856a9e5d52570471f8d1262799c218
889,hyena/cropped_images/head/7251cda9-d3d5-4249-baf0-4f4c1480adc9/train2022_000000002913_head.jpg,train2022_000000002913,head,0,True,box_center,2,0.9375,0.6181422063775005,6c87ecd9fbf7254ea8e4261bca83b2c6c287bba3c383d35c5852217868dd14ae
890,hyena/cropped_images/head/7251cda9-d3d5-4249-baf0-4f4c1480adc9/train2022_000000002999_head.jpg,train2022_000000002999,head,0,True,center,2,0.96484375,0.5809487179487179,f3f271094e7af929823e1508fc2c6412d19b2134010200e6e3567f985b6c2c4a
891,hyena/cropped_images/head/736ca848-7821-430b-9aaa-f8870e80aec4/train2022_000000000637_head.jpg,train2022_000000000637,head,0,True,box_center,2,0.89453125,0.8353986182695471,123fa817259a15c88e6f96731b1398102c31b5736f79aa6d7a1e2a75b7d51393
892,hyena/cropped_images/head/736ca848-7821-430b-9aaa-f8870e80aec4/train2022_000000001579_head.jpg,train2022_000000001579,head,0,True,box_center,2,0.88671875,0.7882808716707022,acb9addbc8dfd5fff14538fc76212f057f2ca394ae1771510fcd43699c5c01dd
893,hyena/cropped_images/head/736ca848-7821-430b-9aaa-f8870e80aec4/train2022_000000001705_head.jpg,train2022_000000001705,head,0,True,box_center,2,0.92578125,0.6534335381698287,35c8b2c7354c9f0b4695cda572b5e5b3660d14d016141b239851617dc5083470
894,hyena/cropped_images/head/736ca848-7821-430b-9aaa-f8870e80aec4/train2022_000000002126_head.jpg,train2022_000000002126,head,0,False,box_center,2,0.63671875,0.5461015605086522,
895,hyena/cropped_images/head/736ca848-7821-430b-9aaa-f8870e80aec4/train2022_000000002259_head.jpg,train2022_000000002259,head,0,True,center,0,0.984375,0.6503848763774578,b9f9f73417a8ba8c1e52ee88f05e743e0e6aceead90b9f913be678b2090f1920
896,hyena/cropped_images/head/736ca848-7821-430b-9aaa-f8870e80aec4/train2022_000000002531_head.jpg,train2022_000000002531,head,0,True,box_center,0,0.92578125,0.800255608934051,e20386a30c280068aee3274d5f623738f60ee1b1cba1fe502348bffe83c8c6e0
897,hyena/cropped_images/head/736ca848-7821-430b-9aaa-f8870e80aec4/train2022_000000002744_head.jpg,train2022_000000002744,head,0,True,center,2,0.984375,0.8556774948785484,e27d0d4a20de0275ff6c1bd2fedc5e1f01691a95de69d9832b8b33e0810aef2d
898,hyena/cropped_images/head/73ccff66-e431-422c-9c79-3026cb1280a1/train2022_000000000076_head.jpg,train2022_000000000076,head,0,True,center,0,0.97265625,0.7751760923034181,d274825c5cece782ea173fe56b791c065e2bf0e518215a0d5f920162886d9329
899,hyena/cropped_images/head/73ccff66-e431-422c-9c79-3026cb1280a1/train2022_000000001965_head.jpg,train2022_000000001965,head,0,True,box_center,0,0.9453125,0.7665323701028063,a501cf0d088b28ae5028f0c3277ef9c5ac1c05e1fbd502ecef39cea7a44d0ba9
900,hyena/cropped_images/head/73ccff66-e431-422c-9c79-3026cb1280a1/train2022_000000002007_head.jpg,train2022_000000002007,head,0,True,center,0,0.97265625,0.6435822242273855,9960cf22fcb4e76c88a6bc79e57819238102d0fc61eb7ecefb7c6935c651951b
901,hyena/cropped_images/head/73ccff66-e431-422c-9c79-3026cb1280a1/train2022_000000002707_head.jpg,train2022_000000002707,head,0,False,box_center,0,0.7734375,0.8983352437094045,
902,hyena/cropped_images/head/73ccff66-e431-422c-9c79-3026cb1280a1/train2022_000000002711_head.jpg,train2022_000000002711,head,0,True,center,0,0.98828125,0.5638497456849829,56df7e7ae5d35075ff646badedd2868de9798cee8b2d7ac237921db214e2d0e0
903,hyena/cropped_images/head/73f670e9-5ee3-49f3-8db2-3ea557a428b8/train2022_000000000051_head.jpg,train2022_000000000051,head,0,True,center,2,0.984375,0.5421314637197665,dbdebcccfb584eabe0227d724eafe8d59824bb2aa4da06648b171ec94e799db6
904,hyena/cropped_images/head/73f670e9-5ee3-49f3-8db2-3ea557a428b8/train2022_000000001212_head.jpg,train2022_000000001212,head,0,False,box_center,0,0.828125,0.7886421666357255,
905,hyena/cropped_images/head/73f670e9-5ee3-49f3-8db2-3ea557a428b8/train2022_000000001611_head.jpg,train2022_000000001611,head,0,True,center,0,0.96484375,0.6298716314369571,1454e9c652bbf72bf15bb5c59c26873d607f8bd5b0393d2a2bd5fc4d70010d9f
906,hyena/cropped_images/head/73f670e9-5ee3-49f3-8db2-3ea557a428b8/train2022_000000001760_head.jpg,train2022_000000001760,head,0,True,box_center,2,0.88671875,0.4960772502964978,2d2623891ed829cb8404c4d659078f31b8675034b83d1fbcf19a83b2c40fceee
907,hyena/cropped_images/head/73f670e9-5ee3-49f3-8db2-3ea557a428b8/train2022_000000002291_head.jpg,train2022_000000002291,head,0,False,box_center,2,0.8203125,0.7492343410393203,
908,hyena/cropped_images/head/73f670e9-5ee3-49f3-8db2-3ea557a428b8/train2022_000000002623_head.jpg,train2022_000000002623,head,0,False,box_center,2,0.82421875,0.7020571678105925,
909,hyena/cropped_images/head/74b049c5-916c-4dad-96f4-d34a63ef6e26/train2022_000000000196_head.jpg,train2022_000000000196,head,0,True,center,0,0.9765625,0.5120075046904315,08ae01009276542fa3c24a1ded5ddec8f50938e1073005bdd531bc9253c3c551
910,hyena/cropped_images/head/74b049c5-916c-4dad-96f4-d34a63ef6e26/train2022_000000000328_head.jpg,train2022_000000000328,head,0,True,center,0,0.96875,0.5690575974483552,8043b7d2b5e522f82d6bddd55ecdc5c1b37a83d21d20f5c2c17834bb99288cfb
911,hyena/cropped_images/head/74b049c5-916c-4dad-96f4-d34a63ef6e26/train2022_000000000894_head.jpg,train2022_000000000894,head,0,True,center,2,0.96875,0.5470985578293336,d83527d38b42aeb8ae92b75dee8fed90137b6d971dac572d98f99e8204104923
912,hyena/cropped_images/head/74b049c5-916c-4dad-96f4-d34a63ef6e26/train2022_000000000946_head.jpg,train2022_000000000946,head,0,False,box_center,2,0.7421875,0.4679421298126334,
913,hyena/cropped_images/head/74b049c5-916c-4dad-96f4-d34a63ef6e26/train2022_000000001377_head.jpg,train2022_000000001377,head,0,True,box_center,2,0.87890625,0.5069737954353339,121726e379ccc01500c84a4c51cdc32405e85bd9c2dec55983721890f8c21e87
914,hyena/cropped_images/head/74b049c5-916c-4dad-96f4-d34a63ef6e26/train2022_000000001427_head.jpg,train2022_000000001427,head,0,True,center,2,0.9375,0.5818785006462731,20ab2244933e2bb1176280bdf47f52becb80a185fd8adbcb786d1aa08e574f4c
915,hyena/cropped_images/head/74b049c5-916c-4dad-96f4-d34a63ef6e26/train2022_000000001434_head.jpg,train2022_000000001434,head,0,False,box_center,2,0.78125,0.5648317080843033,
916,hyena/cropped_images/head/74b049c5-916c-4dad-96f4-d34a63ef6e26/train2022_000000001478_head.jpg,train2022_000000001478,head,0,False,box_center,0,0.7109375,0.6228564148299146,
917,hyena/cropped_images/head/74b049c5-916c-4dad-96f4-d34a63ef6e26/train2022_000000001595_head.jpg,train2022_000000001595,head,0,True,center,2,0.890625,0.5054289677035863,f18f952938744844812a42d4e0c76b17ee9a5f4fe71ffe6e0008707a8179327c
918,hyena/cropped_images/head/74b049c5-916c-4dad-96f4-d34a63ef6e26/train2022_000000001992_head.jpg,train2022_000000001992,head,0,True,center,2,0.96875,0.47868601986249043,a12abad10dd0519cae0496b554eb8798dcbb28cbef4af800d9479b3eed45a1df
919,hyena/cropped_images/head/74d538f0-cb3e-4982-9584-7e0f886b8397/train2022_000000000097_head.jpg,train2022_000000000097,head,0,False,center,0,0.83203125,0.6267004966529908,
920,hyena/cropped_images/head/74d538f0-cb3e-4982-9584-7e0f886b8397/train2022_000000001194_head.jpg,train2022_000000001194,head,0,True,center,2,0.96875,0.6056411074762627,707e6845a38d06500c8caf00d9ee9f328617b106d85f3452737dedad15fd3981
921,hyena/cropped_images/head/74d538f0-cb3e-4982-9584-7e0f886b8397/train2022_000000001290_head.jpg,train2022_000000001290,head,0,True,center,0,0.96484375,0.6248376438418594,6e6f742785c5e4d02ab089e6ff6f55b398e861c45b25def318b40f5b73109d94
922,hyena/cropped_images/head/74d538f0-cb3e-4982-9584-7e0f886b8397/train2022_000000001315_head.jpg,train2022_000000001315,head,0,True,center,0,0.984375,0.7073827232042242,ca856dc5b7d7679c987354dbf3335e10d51a6ba7ce4f7ff3e426fc5a6f4d0e95
923,hyena/cropped_images/head/74d538f0-cb3e-4982-9584-7e0f886b8397/train2022_000000001370_head.jpg,train2022_000000001370,head,0,False,center,2,0.765625,0.38521064692402607,
924,hyena/cropped_images/head/74d538f0-cb3e-4982-9584-7e0f886b8397/train2022_000000001582_head.jpg,train2022_000000001582,head,0,True,box_center,0,0.92578125,0.8638613861386139,2fa685042880b9ae4c677c0927ada55a6fcf6d22f919ffebaf0bb8c772bd9ac9
925,hyena/cropped_images/head/74d538f0-cb3e-4982-9584-7e0f886b8397/train2022_000000001712_head.jpg,train2022_000000001712,head,0,True,center,2,0.96484375,0.4245328130678449,0980d1ce4f130873c4067a6cd143afb869d85a48af8c7607c7e6f56202cb1af3
926,hyena/cropped_images/head/74d538f0-cb3e-4982-9584-7e0f886b8397/train2022_000000001956_head.jpg,train2022_000000001956,head,0,True,center,0,0.984375,0.6329358251967827,85bcaccbfd1824f50475ee4ddc8e18c6aa5c3916b2c516b3756590c4744e001c
927,hyena/cropped_images/head/74d538f0-cb3e-4982-9584-7e0f886b8397/train2022_000000002013_head.jpg,train2022_000000002013,head,0,True,center,0,0.98046875,0.5593104520799069,11ddc65d1fba778ad0ff34675bee592660f109fc75f8c442b119cf85b874c4cb
928,hyena/cropped_images/head/74d538f0-cb3e-4982-9584-7e0f886b8397/train2022_000000002098_head.jpg,train2022_000000002098,head,0,False,box_center,2,0.6171875,0.4318324219640009,
929,hyena/cropped_images/head/74d538f0-cb3e-4982-9584-7e0f886b8397/train2022_000000002552_head.jpg,train2022_000000002552,head,0,True,box_center,2,0.8828125,0.5560789164842833,0ec29b9a45ec4229cf8e2f35d3f27445085c1c8395d6a03418786c36b6f6f283
930,hyena/cropped_images/head/74d538f0-cb3e-4982-9584-7e0f886b8397/train2022_000000002646_head.jpg,train2022_000000002646,head,0,True,center,0,0.95703125,0.694435516271595,78fbee931d9f4c18b53692157568a8541f337b7e425155572b0a38073fcf5fc6
931,hyena/cropped_images/head/74d538f0-cb3e-4982-9584-7e0f886b8397/train2022_000000002654_head.jpg,train2022_000000002654,head,0,True,center,0,0.98046875,0.685563642441463,18acef6870844d2a11c78bb77b08d0a3529da3f9f570aec68e115ac0bc4f7726
932,hyena/cropped_images/head/74d538f0-cb3e-4982-9584-7e0f886b8397/train2022_000000002739_head.jpg,train2022_000000002739,head,0,True,box_center,2,0.94921875,0.5844643135709419,6cf1e1658f566d924babf2510f6f00ab775d54a37f3f7b6f9750a625441dc815
933,hyena/cropped_images/head/74d538f0-cb3e-4982-9584-7e0f886b8397/train2022_000000002871_head.jpg,train2022_000000002871,head,0,False,center,2,0.8359375,0.6442295334789873,
934,hyena/cropped_images/head/761abc97-f81c-4a09-823b-7cb1c528c290/train2022_000000000493_head.jpg,train2022_000000000493,head,0,True,center,0,0.96875,0.7397401299350325,5a19dfccb4a98e2a76b34f87d816325df1b1883f61846e398c2136a17f4be2f2
935,hyena/cropped_images/head/761abc97-f81c-4a09-823b-7cb1c528c290/train2022_000000000703_head.jpg,train2022_000000000703,head,0,True,center,0,0.93359375,0.8322779193117273,bcde7c2fe0726d6a9efc8da2ead29cc6978a6b4c76c67374033fdcfe7d89cdd5
936,hyena/cropped_images/head/761abc97-f81c-4a09-823b-7cb1c528c290/train2022_000000001015_head.jpg,train2022_000000001015,head,0,False,box_center,0,0.76953125,0.7025308398228045,
937,hyena/cropped_images/head/761abc97-f81c-4a09-823b-7cb1c528c290/train2022_000000001784_head.jpg,train2022_000000001784,head,0,True,center,0,0.88671875,0.41523245018924515,cefb3527b72e112155cd262a3ac53bcb71e3f51780cd622488a9f5f29e2a7b51
938,hyena/cropped_images/head/761abc97-f81c-4a09-823b-7cb1c528c290/train2022_000000001809_head.jpg,train2022_000000001809,head,0,True,center,2,0.859375,0.5997439097525001,ed9cc750e452fb277ad14f1b3b5c90b5e4d2e6af26bc8bbe7d681ec91f999d55
939,hyena/cropped_images/head/761abc97-f81c-4a09-823b-7cb1c528c290/train2022_000000002578_head.jpg,train2022_000000002578,head,0,True,box_center,2,0.9453125,0.6552376030247804,4110ea65f5f1e5b9c2441f6c252453c8bf704224e1d3999574fc4a64e7fcf962
940,hyena/cropped_images/head/761abc97-f81c-4a09-823b-7cb1c528c290/train2022_000000002613_head.jpg,train2022_000000002613,head,0,True,center,0,0.98828125,0.6265226494099734,ea7e08486e4b4e391cfbb8ec5ae55060f701ae026949983ea908a98f15253263
941,hyena/cropped_images/head/763682fe-336a-4e52-b076-e904de642832/train2022_000000000355_head.jpg,train2022_000000000355,head,0,True,box_center,2,0.92578125,0.6638006536423607,f7bc3ad1703164bd63c2fe923df5ca34c733ece31b8c76de92719ff8c859b4a7
942,hyena/cropped_images/head/763682fe-336a-4e52-b076-e904de642832/train2022_000000000960_head.jpg,train2022_000000000960,head,0,False,box_center,0,0.67578125,0.8313531587933979,
943,hyena/cropped_images/head/763682fe-336a-4e52-b076-e904de642832/train2022_000000000987_head.jpg,train2022_000000000987,head,0,True,center,2,0.98046875,0.6650756005031747,f6e4f7764afe973937abcc4208801f1d3f4ce536ee94b53f762ec9d179b826c5
944,hyena/cropped_images/head/763682fe-336a-4e52-b076-e904de642832/train2022_000000002041_head.jpg,train2022_000000002041,head,0,True,box_center,2,0.859375,0.6405784658313434,27ad0379488d14ec23b0d07e244af1a08d2865732382c5f65cc691f4969b953c
945,hyena/cropped_images/head/763682fe-336a-4e52-b076-e904de642832/train2022_000000002335_head.jpg,train2022_000000002335,head,0,True,center,2,0.90234375,0.6469629298512117,87f4017d25e58c65b28bdea45a1ceb40b06ed10ffea122b1b24d0924658143ff
946,hyena/cropped_images/head/7802d893-e75c-48c3-b822-8a9704bbbd4d/train2022_000000001076_head.jpg,train2022_000000001076,head,0,True,center,0,0.9765625,0.5328165374677003,085685b1b3fb0c2908428f86abf899822413335b324fcecfb327bfdd28b77f2e
947,hyena/cropped_images/head/7802d893-e75c-48c3-b822-8a9704bbbd4d/train2022_000000001344_head.jpg,train2022_000000001344,head,0,True,center,0,0.94921875,0.5949086452762923,aa29514a96c1995432ef8e4c70365ac17f45618b2ddd80c5c58b7dfbd2cb0888
948,hyena/cropped_images/head/7802d893-e75c-48c3-b822-8a9704bbbd4d/train2022_000000002171_head.jpg,train2022_000000002171,head,0,True,box_center,2,0.94140625,0.5401972411210286,471a352336a51710ec1af8daf4fe8f49a756266b82a74ed798139fa3e7cd33c6
949,hyena/cropped_images/head/79dafc01-fa64-4db3-b3b6-ed5236ed6a68/train2022_000000000497_head.jpg,train2022_000000000497,head,0,False,box_center,2,0.8359375,0.7533143939393939,
950,hyena/cropped_images/head/79dafc01-fa64-4db3-b3b6-ed5236ed6a68/train2022_000000001634_head.jpg,train2022_000000001634,head,0,True,center,2,0.98046875,0.6365432659550306,262d042cbfa7b8bea5e0711e876ce39e8b5da80a0518c2d57b16d308e1802083
951,hyena/cropped_images/head/79dafc01-fa64-4db3-b3b6-ed5236ed6a68/train2022_000000002829_head.jpg,train2022_000000002829,head,0,True,center,0,0.95703125,0.7190255291696107,e794abc95c5cb4a28ac9e4880c49db9e6d088f54b28ffb01b79c5ddf6364d287
952,hyena/cropped_images/head/7a0e8d37-e27f-4378-bab8-7cc37821cd8e/train2022_000000001842_head.jpg,train2022_000000001842,head,0,True,center,0,0.9765625,0.5661503928170595,62b85502298423de85571638eb4eab0468cf2c4d5e651f9b01b7d61d594e2196
953,hyena/cropped_images/head/7a0e8d37-e27f-4378-bab8-7cc37821cd8e/train2022_000000001866_head.jpg,train2022_000000001866,head,0,True,center,0,0.96484375,0.6989084761742211,9d1c15657c1f5cf384aa0fbc3ca7329a71a7c251b02f83e5e2e9e355042e1acd
954,hyena/cropped_images/head/7a2a6f84-a929-4b78-999b-a299daa575da/train2022_000000000150_head.jpg,train2022_000000000150,head,0,True,center,0,0.98046875,0.5155217679813047,3a017bed06fa0b91eb8648bebe14587fad9e63817cef1a6a9893b84e7ef599e0
955,hyena/cropped_images/head/7a2a6f84-a929-4b78-999b-a299daa575da/train2022_000000000239_head.jpg,train2022_000000000239,head,0,True,center,0,0.98046875,0.5543873517786562,12786b4ef36c0ae6e7e1e59384f6d8e7991d6ad66b2372e7121642aab3dee421
956,hyena/cropped_images/head/7a2a6f84-a929-4b78-999b-a299daa575da/train2022_000000001152_head.jpg,train2022_000000001152,head,0,True,center,0,0.984375,0.4813290317795825,063c926a17d73a1cd03c4f5266c6540da3fd2832352a83fec6ae1193ed6d3aec
957,hyena/cropped_images/head/7a2a6f84-a929-4b78-999b-a299daa575da/train2022_000000002780_head.jpg,train2022_000000002780,head,0,True,center,0,0.98828125,0.45729436272962565,1a12d9ae1dafd50ad002d341694744a5fccd41b9c072b8d57b214714c5ef3356
958,hyena/cropped_images/head/7a2a6f84-a929-4b78-999b-a299daa575da/train2022_000000002852_head.jpg,train2022_000000002852,head,0,False,box_center,0,0.8359375,0.8930194395354708,
959,hyena/cropped_images/head/7b38f393-27e8-45e1-9769-fa9af9f591f9/train2022_000000000014_head.jpg,train2022_000000000014,head,0,True,center,0,0.98828125,0.477485549132948,677579a97e1dc973fea99fe6478711882826f0cf6cb9e66cd993d48a04e79139
960,hyena/cropped_images/head/7b38f393-27e8-45e1-9769-fa9af9f591f9/train2022_000000000315_head.jpg,train2022_000000000315,head,0,True,center,0,0.98046875,0.7447321012893954,7fcbc82c4cd1b0bd68c8c8973053cde55af4120a82e0d2090075947bb62b7e09
961,hyena/cropped_images/head/7b38f393-27e8-45e1-9769-fa9af9f591f9/train2022_000000000427_head.jpg,train2022_000000000427,head,0,True,center,0,0.98046875,0.48802083333333335,90f1f9727c11577e5d6e4318d166f7500045777d8af433707f0913cf2d26b413
962,hyena/cropped_images/head/7b38f393-27e8-45e1-9769-fa9af9f591f9/train2022_000000000548_head.jpg,train2022_000000000548,head,0,True,center,0,0.95703125,0.5508452868852459,5f70f05f042cffe335f820f6dcb3b197812df8a7ceaea490469e0bc49b661bbb
963,hyena/cropped_images/head/7b38f393-27e8-45e1-9769-fa9af9f591f9/train2022_000000000619_head.jpg,train2022_000000000619,head,0,True,center,0,0.984375,0.5247959824231011,9271174b0dfadb15f2fc0955c32053d4993c167ad47297236916cbf9fb2d46dd
964,hyena/cropped_images/head/7b38f393-27e8-45e1-9769-fa9af9f591f9/train2022_000000000676_head.jpg,train2022_000000000676,head,0,True,box_center,0,0.9375,0.568752036493972,9b4d6300358b2f642486086e4518755e4f9dda0427ae0f36f9dc5a4f07781e88
965,hyena/cropped_images/head/7b38f393-27e8-45e1-9769-fa9af9f591f9/train2022_000000000699_head.jpg,train2022_000000000699,head,0,False,box_center,0,0.84375,0.7370505471599792,
966,hyena/cropped_images/head/7b38f393-27e8-45e1-9769-fa9af9f591f9/train2022_000000000720_head.jpg,train2022_000000000720,head,0,True,center,0,0.984375,0.6857734503966225,b989f5f7efd97ab45741f09bf27f50ae00e32cfb978f56662a3f1df2744a8832
967,hyena/cropped_images/head/7b38f393-27e8-45e1-9769-fa9af9f591f9/train2022_000000000740_head.jpg,train2022_000000000740,head,0,True,center,0,0.98828125,0.5269283384194465,7891bbd03b07d8d71a72a8c603b3917c48e6f3f87e742b023df23e60308b9a57
968,hyena/cropped_images/head/7b38f393-27e8-45e1-9769-fa9af9f591f9/train2022_000000000837_head.jpg,train2022_000000000837,head,0,True,center,0,0.984375,0.6635384822873583,f1302b6f38142b45662b15c6b506cafdafc8e3081099eef2844cd5878e10c3c5
969,hyena/cropped_images/head/7b38f393-27e8-45e1-9769-fa9af9f591f9/train2022_000000000880_head.jpg,train2022_000000000880,head,0,True,center,0,0.98828125,0.5245211409594971,504260f57d61bf18e918bfed7b07d70cc10f06afb560087130aa5a4842708a19
970,hyena/cropped_images/head/7b38f393-27e8-45e1-9769-fa9af9f591f9/train2022_000000001005_head.jpg,train2022_000000001005,head,0,False,box_center,0,0.828125,0.5625974658869396,
971,hyena/cropped_images/head/7b38f393-27e8-45e1-9769-fa9af9f591f9/train2022_000000001148_head.jpg,train2022_000000001148,head,0,True,center,0,0.96484375,0.5111978440665366,38e95a4366a6d026564816a5f15564e4111a5bc95f27c18b668c179b9da419e3
972,hyena/cropped_images/head/7b38f393-27e8-45e1-9769-fa9af9f591f9/train2022_000000001178_head.jpg,train2022_000000001178,head,0,False,box_center,0,0.80859375,0.6735201014610808,
973,hyena/cropped_images/head/7b38f393-27e8-45e1-9769-fa9af9f591f9/train2022_000000001255_head.jpg,train2022_000000001255,head,0,True,center,0,0.984375,0.6808134180818248,402a6edcd43c1405ea4eb3637c7f9f5d72217a945eead47c7f70855283fe81f2
974,hyena/cropped_images/head/7b38f393-27e8-45e1-9769-fa9af9f591f9/train2022_000000001356_head.jpg,train2022_000000001356,head,0,True,center,0,0.984375,0.5595772572767665,0ae521c82881e2039e2da97bca8ada20e88566f4d748aaee0ee8c70fd65c0f74
975,hyena/cropped_images/head/7b38f393-27e8-45e1-9769-fa9af9f591f9/train2022_000000001438_head.jpg,train2022_000000001438,head,0,True,box_center,0,0.8515625,0.6812147582471252,9483c0bb00230efc86a45ee147a69e170bf79a1733f778d88b205d24607ad444
976,hyena/cropped_images/head/7b38f393-27e8-45e1-9769-fa9af9f591f9/train2022_000000001628_head.jpg,train2022_000000001628,head,0,True,center,0,0.984375,0.6287937704394991,a7c1799fb0909cc5aca9941520888b61954ba81a8a831e6f1180f0d6c7cddfd3
977,hyena/cropped_images/head/7b38f393-27e8-45e1-9769-fa9af9f591f9/train2022_000000001692_head.jpg,train2022_000000001692,head,0,True,center,0,0.97265625,0.5620858039762818,425563d56fb1402c91333dd9e44397989589217b942a1138f41de26b0a51aec3
978,hyena/cropped_images/head/7b38f393-27e8-45e1-9769-fa9af9f591f9/train2022_000000001990_head.jpg,train2022_000000001990,head,0,True,center,0,0.95703125,0.69139775568347,093c68d2fb9d01073ed426bf9867853fc66a4234c34b4e86047d2f61e3dea84b
979,hyena/cropped_images/head/7b38f393-27e8-45e1-9769-fa9af9f591f9/train2022_000000002002_head.jpg,train2022_000000002002,head,0,True,center,0,0.94921875,0.5571914219257215,3658a529fcd5a24206241a583f497bbeb7e01a26623795f74c3ba808767e51e7
980,hyena/cropped_images/head/7b38f393-27e8-45e1-9769-fa9af9f591f9/train2022_000000002253_head.jpg,train2022_000000002253,head,0,True,center,0,0.9375,0.5289512400168138,4078e66f49079840b6b83f6a7f97dfb684aca0fd1c4d5b7aee3ebb8752bf2a94
981,hyena/cropped_images/head/7b38f393-27e8-45e1-9769-fa9af9f591f9/train2022_000000002303_head.jpg,train2022_000000002303,head,0,False,box_center,0,0.82421875,0.7489274011013142,
982,hyena/cropped_images/head/7b38f393-27e8-45e1-9769-fa9af9f591f9/train2022_000000002387_head.jpg,train2022_000000002387,head,0,True,center,0,0.98828125,0.5137301366044048,91563a999eb87d0fba175b919b4a4fee4bd4e5a16fc4435f91e7f43a6cf2ae19
983,hyena/cropped_images/head/7b38f393-27e8-45e1-9769-fa9af9f591f9/train2022_000000002615_head.jpg,train2022_000000002615,head,0,True,center,0,0.97265625,0.6493213624982993,8a3bf8b0d077dd0ba569c5d5c3a9696101fd38b171c0bbd078359eb4f9b68d82
984,hyena/cropped_images/head/7b38f393-27e8-45e1-9769-fa9af9f591f9/train2022_000000002659_head.jpg,train2022_000000002659,head,0,True,center,0,0.98046875,0.49987391249527174,8b012216f7a214c49b28f9d56d70295586d81b22130f63e2d50ae4bc8e6fba07
985,hyena/cropped_images/head/7b38f393-27e8-45e1-9769-fa9af9f591f9/train2022_000000002902_head.jpg,train2022_000000002902,head,0,True,center,0,0.98828125,0.5171962290502793,42cabce034abcd44488196468eb245e70f4fbb45bc04a15e8178c02aa246dd2f
986,hyena/cropped_images/head/7b38f393-27e8-45e1-9769-fa9af9f591f9/train2022_000000003035_head.jpg,train2022_000000003035,head,0,True,center,0,0.9765625,0.701652027776897,39348563e3ebe5f06cf5328c456f958b6b1985dfcd60efdc92bc0a050006098b
987,hyena/cropped_images/head/7b38f393-27e8-45e1-9769-fa9af9f591f9/train2022_000000003075_head.jpg,train2022_000000003075,head,0,True,center,0,0.98828125,0.5219105031300719,1f8078391e0fd028b1c4244e2d82affafedf3cdeeafd7d12ee23a9001d063553
988,hyena/cropped_images/head/7b9a9e8d-86d5-4c6c-8b10-8a129f8a10c4/train2022_000000000168_head.jpg,train2022_000000000168,head,0,True,box_center,0,0.86328125,0.6886918701906992,d0fac2428aa2f6337b739bc0a1209813de16ade03d634d93d753648575f259b0
989,hyena/cropped_images/head/7b9a9e8d-86d5-4c6c-8b10-8a129f8a10c4/train2022_000000000269_head.jpg,train2022_000000000269,head,0,True,center,0,0.86328125,0.6007499378653786,f88614ac6d2c0884f7a3cdcef0a0fcd7bdc317d28fb7d255fe78cdfb306d7d25
990,hyena/cropped_images/head/7b9a9e8d-86d5-4c6c-8b10-8a129f8a10c4/train2022_000000000581_head.jpg,train2022_000000000581,head,0,True,center,0,0.95703125,0.5131599419147391,fbacc72b51da902c3eaf47184519df552f0095ee60c739ab8b9f708e4c6be292
991,hyena/cropped_images/head/7b9a9e8d-86d5-4c6c-8b10-8a129f8a10c4/train2022_000000000600_head.jpg,train2022_000000000600,head,0,True,center,2,0.9296875,0.4467655721610123,b5f9c99d529344ca18b20cbf28d63e7a7548dde24bce2d625833dd41c3bdb540
992,hyena/cropped_images/head/7b9a9e8d-86d5-4c6c-8b10-8a129f8a10c4/train2022_000000000973_head.jpg,train2022_000000000973,head,0,True,center,0,0.9765625,0.4967156208277704,30db3a80473e515e6fa9e682dd926207e5191d164fba3281399f91553521cd88
993,hyena/cropped_images/head/7b9a9e8d-86d5-4c6c-8b10-8a129f8a10c4/train2022_000000002075_head.jpg,train2022_000000002075,head,0,True,center,0,0.98046875,0.6190231842142091,5566f5ca3df0e4820b09c9f45cb75738385684d1ba067cd4f53eaf420af0603a
994,hyena/cropped_images/head/7b9a9e8d-86d5-4c6c-8b10-8a129f8a10c4/train2022_000000002076_head.jpg,train2022_000000002076,head,0,True,center,0,0.9453125,0.5211785668830342,dfe706ceda6d7a06b1e457d4290e1a1d8103cacd02214bc097ff16c81824ffc5
995,hyena/cropped_images/head/7b9a9e8d-86d5-4c6c-8b10-8a129f8a10c4/train2022_000000002233_head.jpg,train2022_000000002233,head,0,True,center,0,0.91015625,0.6478845178584366,af298f96f7839943df4a1ccfe9858bfb2d1debab89482184ccf06874d77b6ca3
996,hyena/cropped_images/head/7b9a9e8d-86d5-4c6c-8b10-8a129f8a10c4/train2022_000000002257_head.jpg,train2022_000000002257,head,0,True,center,0,0.94921875,0.5785728724479483,36e2de48331a709cd6bd4d7021689ce653da65101fb6dd946c777399e1be5e2c
997,hyena/cropped_images/head/7b9a9e8d-86d5-4c6c-8b10-8a129f8a10c4/train2022_000000002286_head.jpg,train2022_000000002286,head,0,False,box_center,2,0.82421875,0.7346820809248555,
998,hyena/cropped_images/head/7b9a9e8d-86d5-4c6c-8b10-8a129f8a10c4/train2022_000000002497_head.jpg,train2022_000000002497,head,0,True,center,0,0.89453125,0.5486786812195054,5372212cf565ee28128b92fa34f0c07ebc7e1299076a6d7e52490976238183ff
999,hyena/cropped_images/head/7b9a9e8d-86d5-4c6c-8b10-8a129f8a10c4/train2022_000000003022_head.jpg,train2022_000000003022,head,0,True,center,0,0.97265625,0.544235006119951,07c038176e18595b97ba93234337a11d47ba861ba3473bf5abf4b4b9f0bf2593
1000,hyena/cropped_images/head/7dd17d2d-1eb3-4ccd-afc3-527226c935e6/train2022_000000001819_head.jpg,train2022_000000001819,head,0,True,center,0,0.9609375,0.690978085570629,bc317975c58cf31c28c8734fdc3a7ed5392e88245eccf27a3bdce63b223fe2b4
1001,hyena/cropped_images/head/7e67fb5a-4323-46b1-9686-68f84d2ee169/train2022_000000000318_head.jpg,train2022_000000000318,head,0,True,box_center,2,0.91796875,0.5354928080150766,c4fc3fa9c8705841a234e7e2d799afd6c0b59a2319d478e1b7fbd1c552f001fe
1002,hyena/cropped_images/head/7e67fb5a-4323-46b1-9686-68f84d2ee169/train2022_000000000520_head.jpg,train2022_000000000520,head,0,True,center,0,0.98046875,0.7139358630645494,9446f40c61e0142f40e3699d2e98e6a2327c9568e5676c54a611794ceff35f4e
1003,hyena/cropped_images/head/7e67fb5a-4323-46b1-9686-68f84d2ee169/train2022_000000001031_head.jpg,train2022_000000001031,head,0,True,center,0,0.87890625,0.5423893083044277,131e7f20bd5026001e6cbc070be9efc0dec67ab4bcb9dad949f028014601c414
1004,hyena/cropped_images/head/7e67fb5a-4323-46b1-9686-68f84d2ee169/train2022_000000001355_head.jpg,train2022_000000001355,head,0,True,box_center,2,0.9453125,0.6048007246376812,340def2e958b6867de6728f5ecadc91f404d28ff317f84dc9fabdd45261e9925
1005,hyena/cropped_images/head/7e67fb5a-4323-46b1-9686-68f84d2ee169/train2022_000000002268_head.jpg,train2022_000000002268,head,0,True,box_center,2,0.8828125,0.48108459003295717,16907094ecf01973d39fddb469e84cc8af8cd942faacdb1ac3f85420c8fd8eec
1006,hyena/cropped_images/head/7e67fb5a-4323-46b1-9686-68f84d2ee169/train2022_000000002483_head.jpg,train2022_000000002483,head,0,True,box_center,2,0.9609375,0.6131794941817243,b5ff4db4ba88011a81c1a29aa0fd7aa70ca4243d1d51026185ab9c09d381cb35
1007,hyena/cropped_images/head/7e67fb5a-4323-46b1-9686-68f84d2ee169/train2022_000000002827_head.jpg,train2022_000000002827,head,0,True,center,0,0.94140625,0.5746353419416547,d2b33e03c10dc32aba852f7b28604c17205ef1f5d83d0132115ab934f72790e9
1008,hyena/cropped_images/head/7e9d299f-be22-497a-9d79-a1e9d909c013/train2022_000000001258_head.jpg,train2022_000000001258,head,0,True,center,0,0.92578125,0.7754810440083826,5f1c0fd36c50c66176e64e5275d219f794240b0ab46698955b2885d86f1b4732
1009,hyena/cropped_images/head/7e9d299f-be22-497a-9d79-a1e9d909c013/train2022_000000002582_head.jpg,train2022_000000002582,head,0,False,box_center,2,0.8203125,0.7580400110495631,
1010,hyena/cropped_images/head/7f9b060d-6457-4c82-bd00-37dfaec1d1d0/train2022_000000000537_head.jpg,train2022_000000000537,head,0,True,box_center,2,0.96484375,0.5496751412429378,79e88549d3f332f89009683b8ea963a05be9bbb044523873bc959f01abf35f07
1011,hyena/cropped_images/head/7f9b060d-6457-4c82-bd00-37dfaec1d1d0/train2022_000000000551_head.jpg,train2022_000000000551,head,0,True,center,0,0.95703125,0.6535145216105112,5314ddd2b084d9114b219eb36b70bb4296e39b0e644498995dea168e86bbf338
1012,hyena/cropped_images/head/7f9b060d-6457-4c82-bd00-37dfaec1d1d0/train2022_000000000589_head.jpg,train2022_000000000589,head,0,True,box_center,2,0.91796875,0.48222843615187283,7f426267098bbb6f9ae87094e917b96a84e3b8b9243084e28eee55d9d4a4baa0
1013,hyena/cropped_images/head/7f9b060d-6457-4c82-bd00-37dfaec1d1d0/train2022_000000000709_head.jpg,train2022_000000000709,head,0,True,center,2,0.93359375,0.3314726108702635,d6df9b8ad39f1963fff6bd8f5912547332b11270d3cd76d21610c48fcff45665
1014,hyena/cropped_images/head/7f9b060d-6457-4c82-bd00-37dfaec1d1d0/train2022_000000001467_head.jpg,train2022_000000001467,head,0,True,center,2,0.8828125,0.3119556381372663,0b1f8aa39391308c1ccb3ead601cbf9131153acb2400cfaa3698a602ac6902b8
1015,hyena/cropped_images/head/7f9b060d-6457-4c82-bd00-37dfaec1d1d0/train2022_000000002353_head.jpg,train2022_000000002353,head,0,True,box_center,2,0.90234375,0.5428433781374958,7d2edabe55d8516bbd92c005d9407f5e37ed6d59373874e9ee1b2394c271819a
1016,hyena/cropped_images/head/7f9b060d-6457-4c82-bd00-37dfaec1d1d0/train2022_000000002781_head.jpg,train2022_000000002781,head,0,True,box_center,0,0.8515625,0.5464969896004379,240495daeff46428fcdefeefe7cea3ffc9b197b3c63448711c027f6e64ae00ba
1017,hyena/cropped_images/head/81725e48-3c1f-4c7c-89d6-334c10234cf9/train2022_000000000125_head.jpg,train2022_000000000125,head,0,True,center,0,0.91796875,0.6038833727344366,944bb9906b0b7350ac01541436d736da15f671b107d5f7a567f3784f90a58899
1018,hyena/cropped_images/head/81725e48-3c1f-4c7c-89d6-334c10234cf9/train2022_000000000289_head.jpg,train2022_000000000289,head,0,True,center,0,0.921875,0.6154257955784673,dfbdbb12488cd58ee590b4a86889f4e96405d6fdd2c5e09bee9fefd43b23e85a
1019,hyena/cropped_images/head/81725e48-3c1f-4c7c-89d6-334c10234cf9/train2022_000000000399_head.jpg,train2022_000000000399,head,0,True,center,0,0.921875,0.5337832611386139,3c206bbbc50ab61d4d407c945bbad534a9b71c531d4f0b98149ab484e70ab298
1020,hyena/cropped_images/head/81725e48-3c1f-4c7c-89d6-334c10234cf9/train2022_000000000448_head.jpg,train2022_000000000448,head,0,True,box_center,2,0.921875,0.5322427486187845,df4a133001baf02067b223f52d3716aa3e8455385f5899905ef211a7133c1013
1021,hyena/cropped_images/head/81725e48-3c1f-4c7c-89d6-334c10234cf9/train2022_000000000550_head.jpg,train2022_000000000550,head,0,True,center,0,0.90234375,0.5357254168614617,28403021638cc89488754da207d6a0b9b324a511a22a127fa4d7db5f82f91bc5
1022,hyena/cropped_images/head/81725e48-3c1f-4c7c-89d6-334c10234cf9/train2022_000000000601_head.jpg,train2022_000000000601,head,0,True,center,0,0.94921875,0.5925360244675997,df6139bcb6795361a258d0730b27b536f957e06a628cb965779e6779b688238a
1023,hyena/cropped_images/head/81725e48-3c1f-4c7c-89d6-334c10234cf9/train2022_000000000707_head.jpg,train2022_000000000707,head,0,True,center,0,0.921875,0.7374710743801652,10380b6cec8d361a12310fc43d3d3f548afb031bf7db52e99ddca639ce8fd76c
1024,hyena/cropped_images/head/81725e48-3c1f-4c7c-89d6-334c10234cf9/train2022_000000000945_head.jpg,train2022_000000000945,head,0,True,box_center,0,0.87109375,0.8740048459674628,c72867545a15b7ba49a10c71035a21f434a11aa728fb819c945dd2fca5c3aa7f
1025,hyena/cropped_images/head/81725e48-3c1f-4c7c-89d6-334c10234cf9/train2022_000000001274_head.jpg,train2022_000000001274,head,0,False,box_center,2,0.8203125,0.49645796267862513,
1026,hyena/cropped_images/head/81725e48-3c1f-4c7c-89d6-334c10234cf9/train2022_000000001486_head.jpg,train2022_000000001486,head,0,True,center,0,0.95703125,0.6849509109558931,69701958008ad8f77a74413de234864fb000dfe0c8e6d4f6cb3a2257d7d2bb4e
1027,hyena/cropped_images/head/81725e48-3c1f-4c7c-89d6-334c10234cf9/train2022_000000001782_head.jpg,train2022_000000001782,head,0,True,center,0,0.96484375,0.59347335468841,9b0aaf251967dffc3d483515f3a3c24fb4e166b1af6e2adc83abebfe68c5769f
1028,hyena/cropped_images/head/81725e48-3c1f-4c7c-89d6-334c10234cf9/train2022_000000002735_head.jpg,train2022_000000002735,head,0,False,box_center,2,0.83203125,0.5772679632001864,
1029,hyena/cropped_images/head/81725e48-3c1f-4c7c-89d6-334c10234cf9/train2022_000000002875_head.jpg,train2022_000000002875,head,0,True,box_center,2,0.9765625,0.619702116540371,ff527bbde19e2e6849143cc328f325bacf86b144d755395d4694807ea7cd19d4
1030,hyena/cropped_images/head/81725e48-3c1f-4c7c-89d6-334c10234cf9/train2022_000000002971_head.jpg,train2022_000000002971,head,0,True,box_center,0,0.98046875,0.8734211789633995,7e5c58cb47d340f5967e5b41b243944f238b630366443f85659d80f02c0fe0e4
1031,hyena/cropped_images/head/831e0a81-f0e5-435c-a1f3-6cd854e9ef3a/train2022_000000000161_head.jpg,train2022_000000000161,head,0,True,center,0,0.98046875,0.6096095659257535,16e7e5396e3e4328e1e2f737e4670990dba8ab3b9f5411afe4eb9283026f4a90
1032,hyena/cropped_images/head/831e0a81-f0e5-435c-a1f3-6cd854e9ef3a/train2022_000000000240_head.jpg,train2022_000000000240,head,0,True,box_center,0,0.9453125,0.7783540291920533,58595e97fea956c77c835dbef961994980f10ac92f8958432133c0765c18ecb0
1033,hyena/cropped_images/head/831e0a81-f0e5-435c-a1f3-6cd854e9ef3a/train2022_000000001717_head.jpg,train2022_000000001717,head,0,True,box_center,2,0.87109375,0.852911545436228,7d892a1d8341e3af9550d79330b3d4e4e7d619b8ac343753ae7c7828ed696eed
1034,hyena/cropped_images/head/83207e09-61eb-4594-80f5-6a452cdd1dcf/train2022_000000000060_head.jpg,train2022_000000000060,head,0,True,box_center,0,0.8671875,0.6986139480595273,e601d00434d3bc6038000a34076ff156ba5bd345fa87d5a683e50a4cb67b5650
1035,hyena/cropped_images/head/83207e09-61eb-4594-80f5-6a452cdd1dcf/train2022_000000000062_head.jpg,train2022_000000000062,head,0,True,box_center,0,0.8984375,0.8403342238390269,e71de19a58ad6df89a80805b7ae5743e7624b031789aa589aa9bf1760ce1086c
1036,hyena/cropped_images/head/83207e09-61eb-4594-80f5-6a452cdd1dcf/train2022_000000000079_head.jpg,train2022_000000000079,head,0,True,center,2,0.98046875,0.6563711608248164,fefccc5519be1f835eaa88fc0c909a788b1aa68167365d16b5109c0bbb8be78a
1037,hyena/cropped_images/head/83207e09-61eb-4594-80f5-6a452cdd1dcf/train2022_000000000390_head.jpg,train2022_000000000390,head,0,True,center,0,0.97265625,0.630844925843333,e59315a45c8dc4389aa62c645cd500a7483ff408cba50653e70ffc4dcec1a75a
1038,hyena/cropped_images/head/83207e09-61eb-4594-80f5-6a452cdd1dcf/train2022_000000000545_head.jpg,train2022_000000000545,head,0,False,box_center,0,0.8125,0.8271690203759062,
1039,hyena/cropped_images/head/83207e09-61eb-4594-80f5-6a452cdd1dcf/train2022_000000000669_head.jpg,train2022_000000000669,head,0,False,box_center,2,0.68359375,0.5700478117613351,
1040,hyena/cropped_images/head/83207e09-61eb-4594-80f5-6a452cdd1dcf/train2022_000000001619_head.jpg,train2022_000000001619,head,0,True,center,2,0.98828125,0.6732102097599174,8782ada4e9a1aabe5d192582d9fe8451e9f9c1d2fd369db82282cd922deebac3
1041,hyena/cropped_images/head/83207e09-61eb-4594-80f5-6a452cdd1dcf/train2022_000000001777_head.jpg,train2022_000000001777,head,0,False,box_center,2,0.66796875,0.5333919879257376,
1042,hyena/cropped_images/head/83207e09-61eb-4594-80f5-6a452cdd1dcf/train2022_000000001999_head.jpg,train2022_000000001999,head,0,False,box_center,2,0.75390625,0.5772906365011629,
1043,hyena/cropped_images/head/83207e09-61eb-4594-80f5-6a452cdd1dcf/train2022_000000002105_head.jpg,train2022_000000002105,head,0,True,center,0,0.97265625,0.6927039908411006,c4ed8e7ee8a9cb081544d8e625e9d4fa824715b1173de49781520f6a5f42fefc
1044,hyena/cropped_images/head/837298c0-13cb-470f-8a28-f513694ee20e/train2022_000000000100_head.jpg,train2022_000000000100,head,0,True,center,2,0.9765625,0.6718746677063765,6d442ddb7eadf2bd639c1210b47f75f9a91e7932fca452832525b1e7dbb0008d
1045,hyena/cropped_images/head/837298c0-13cb-470f-8a28-f513694ee20e/train2022_000000000885_head.jpg,train2022_000000000885,head,0,True,center,0,0.9765625,0.5728083188908145,bebceec82f792b141fd634df591bc0b9f5f463f99f000c72de6a7af2dac1090a
1046,hyena/cropped_images/head/837298c0-13cb-470f-8a28-f513694ee20e/train2022_000000001304_head.jpg,train2022_000000001304,head,0,True,box_center,2,0.9140625,0.6891556827851254,424612fa26e7a7358e98c4277547065c7f383d79ed4eba12effc0e0614bd0920
1047,hyena/cropped_images/head/837298c0-13cb-470f-8a28-f513694ee20e/train2022_000000001403_head.jpg,train2022_000000001403,head,0,False,box_center,2,0.8359375,0.575096251266464,
1048,hyena/cropped_images/head/837298c0-13cb-470f-8a28-f513694ee20e/train2022_000000001604_head.jpg,train2022_000000001604,head,0,True,center,2,0.9375,0.6564931728086918,c35c76a603694d2c79a937c1dffbd0c08f906a252e6d906e5b2e62e60e4f790a
1049,hyena/cropped_images/head/837298c0-13cb-470f-8a28-f513694ee20e/train2022_000000002974_head.jpg,train2022_000000002974,head,0,True,center,0,0.9765625,0.6722919434347794,5e7faaedfd7bea37825f931eeb26cc14318de7569dca0e579a0492644e220207
1050,hyena/cropped_images/head/83c4c239-d588-4d69-b848-dadb4810487c/train2022_000000000130_head.jpg,train2022_000000000130,head,0,True,box_center,2,0.91796875,0.49647929347177466,0f58070a3dc65e8e1c740d009f4c1ed64e48d49e99e2b754e0d5b368f371fc10
1051,hyena/cropped_images/head/83c4c239-d588-4d69-b848-dadb4810487c/train2022_000000000523_head.jpg,train2022_000000000523,head,0,False,box_center,2,0.70703125,0.6039065614286854,
1052,hyena/cropped_images/head/83c4c239-d588-4d69-b848-dadb4810487c/train2022_000000000544_head.jpg,train2022_000000000544,head,0,False,box_center,0,0.74609375,0.7590981768450268,
1053,hyena/cropped_images/head/83c4c239-d588-4d69-b848-dadb4810487c/train2022_000000000999_head.jpg,train2022_000000000999,head,0,True,center,2,0.93359375,0.46962634793176117,31f8890bc2fd12fd21b4242e4cda82732e776c5c8d74820042cae98aaabee3c8
1054,hyena/cropped_images/head/83c4c239-d588-4d69-b848-dadb4810487c/train2022_000000001217_head.jpg,train2022_000000001217,head,0,True,center,0,0.9296875,0.637952345741687,921eb7c15d4f37da2a0c7c390920301c889f523508314f6dff1d7f0b504c2eee
1055,hyena/cropped_images/head/83c4c239-d588-4d69-b848-dadb4810487c/train2022_000000001797_head.jpg,train2022_000000001797,head,0,True,center,2,0.94921875,0.5309535951045385,99c70eeeecdac94e8a682f4cd92da8d146f3f0ffbc2281d277bba7385dbcba84
1056,hyena/cropped_images/head/83c4c239-d588-4d69-b848-dadb4810487c/train2022_000000001825_head.jpg,train2022_000000001825,head,0,True,box_center,2,0.9296875,0.5226608561907203,063bfb6bb7a3b380e43c39179b59e8ec60e59c4d27ac17f3051c683b95b10500
1057,hyena/cropped_images/head/83c4c239-d588-4d69-b848-dadb4810487c/train2022_000000002032_head.jpg,train2022_000000002032,head,0,True,center,2,0.96875,0.48926211453744495,272a760ac6af6b8ae60826ddb1a2eff061abc58e2167ed621edf345b99524f36
1058,hyena/cropped_images/head/83c4c239-d588-4d69-b848-dadb4810487c/train2022_000000002104_head.jpg,train2022_000000002104,head,0,True,center,0,0.984375,0.4838142699833413,66bbf1d845ad9ea6aa08277181b1e50ab0b7d85e873e5e214179734505a791e4
1059,hyena/cropped_images/head/83c4c239-d588-4d69-b848-dadb4810487c/train2022_000000002227_head.jpg,train2022_000000002227,head,0,False,box_center,2,0.83203125,0.5134573036457059,
1060,hyena/cropped_images/head/83c4c239-d588-4d69-b848-dadb4810487c/train2022_000000002928_head.jpg,train2022_000000002928,head,0,True,center,2,0.9765625,0.501315585822628,d686a0b45bed53e6fac7d5169c762b351f44300c0b53cee5470f9fecb6b2029c
1061,hyena/cropped_images/head/84040874-ad2a-4c44-9f3d-50d044367062/train2022_000000000879_head.jpg,train2022_000000000879,head,0,True,center,0,0.9765625,0.7021514692079994,c78d02717cc775dc5c9c3f368b3a84812dfa32500b8ca15417270e10ffe4aa3c
1062,hyena/cropped_images/head/84040874-ad2a-4c44-9f3d-50d044367062/train2022_000000001100_head.jpg,train2022_000000001100,head,0,True,center,2,0.93359375,0.6268374949657672,2c2d96e00e6d8fbad9eab6212b0f9a83a6cdc143a5aa590c37f6e082712e36aa
1063,hyena/cropped_images/head/84040874-ad2a-4c44-9f3d-50d044367062/train2022_000000001262_head.jpg,train2022_000000001262,head,0,False,box_center,2,0.75390625,0.553122508636726,
1064,hyena/cropped_images/head/84040874-ad2a-4c44-9f3d-50d044367062/train2022_000000001713_head.jpg,train2022_000000001713,head,0,True,box_center,2,0.890625,0.8091891985101394,d1ccc6d9eb1e1db1e9d09941144bf159d7c7031ce8a24ede142cedd2e2d959f3
1065,hyena/cropped_images/head/84040874-ad2a-4c44-9f3d-50d044367062/train2022_000000002381_head.jpg,train2022_000000002381,head,0,True,center,2,0.92578125,0.6226394469615301,40af3d8149c99dbee037010f3d6aff701e6e67e4b04fbbc5fc88b0fb49664b1a
1066,hyena/cropped_images/head/84040874-ad2a-4c44-9f3d-50d044367062/train2022_000000002682_head.jpg,train2022_000000002682,head,0,True,center,0,0.95703125,0.5115672153635117,63e31fe2d27858d3dd65b5d640b4ca605686c28731c645c1b69602ed1c9a1aad
1067,hyena/cropped_images/head/844640ea-498e-4d2e-a578-3783c217fb3c/train2022_000000000292_head.jpg,train2022_000000000292,head,0,True,center,2,0.90234375,0.5463156102337066,d788ff9474005e75f69786fbfd4cad4234962efb309365ce48d790b0eb2c6aff
1068,hyena/cropped_images/head/844640ea-498e-4d2e-a578-3783c217fb3c/train2022_000000000311_head.jpg,train2022_000000000311,head,0,True,box_center,2,0.8671875,0.5744910504946532,157c5d5785dd51e7b154b4be9eb407814a3e5a58139f6fd925062062882c4f81
1069,hyena/cropped_images/head/844640ea-498e-4d2e-a578-3783c217fb3c/train2022_000000000722_head.jpg,train2022_000000000722,head,0,True,center,0,0.9609375,0.584737052475304,4581188314cb58c8fd7344243dc2726c7eeb59f763aeaf5d07c6337642db3b29
1070,hyena/cropped_images/head/844640ea-498e-4d2e-a578-3783c217fb3c/train2022_000000000955_head.jpg,train2022_000000000955,head,0,True,center,2,0.8984375,0.5776267406112484,0b3ed314a62c14ee2d6401dbb25a61689a050cdddca420b32a45b38c0945f889
1071,hyena/cropped_images/head/844640ea-498e-4d2e-a578-3783c217fb3c/train2022_000000001023_head.jpg,train2022_000000001023,head,0,True,center,2,0.86328125,0.49988826815642456,e4227fff96d3f61d33c40827fbd852e9f352499caf0ab9f88cae99f498daac8d
1072,hyena/cropped_images/head/844640ea-498e-4d2e-a578-3783c217fb3c/train2022_000000001386_head.jpg,train2022_000000001386,head,0,False,center,2,0.8203125,0.5994537072123279,
1073,hyena/cropped_images/head/844640ea-498e-4d2e-a578-3783c217fb3c/train2022_000000002797_head.jpg,train2022_000000002797,head,0,True,center,0,0.9296875,0.5435454545454546,5c87d42db8a60d65d638f7c1eecdb0ac266f897524565c4b2e3c47e484d134eb
1074,hyena/cropped_images/head/844cb3cc-89dc-4609-b33a-3ffc2bb85fd7/train2022_000000000012_head.jpg,train2022_000000000012,head,0,True,center,0,0.9609375,0.46214033316506814,895a5aad5c533fdd914543946ec636b0233865b21993deba2f3a5c85380f0adf
1075,hyena/cropped_images/head/844cb3cc-89dc-4609-b33a-3ffc2bb85fd7/train2022_000000000210_head.jpg,train2022_000000000210,head,0,True,center,0,0.9765625,0.6050550991131977,a4be65a4c9ced61195fafdb1f913bc5e30c87d387af4e20b515f45151b93254d
1076,hyena/cropped_images/head/844cb3cc-89dc-4609-b33a-3ffc2bb85fd7/train2022_000000001771_head.jpg,train2022_000000001771,head,0,True,center,2,0.97265625,0.5666109253065775,259928de692491b4aee5e2978ad3421e63015204e06d44a0b0ca29e5f2745863
1077,hyena/cropped_images/head/844cb3cc-89dc-4609-b33a-3ffc2bb85fd7/train2022_000000002080_head.jpg,train2022_000000002080,head,0,True,box_center,2,0.953125,0.5538819875776397,34823bb1ec29ac049ec132296457c1b79e3394caac174a2edc82fa200a5db0e2
1078,hyena/cropped_images/head/844cb3cc-89dc-4609-b33a-3ffc2bb85fd7/train2022_000000002616_head.jpg,train2022_000000002616,head,0,True,center,0,0.96484375,0.5715557590557591,ac5f1145f25513db220d6d263f1e09ccd8fca09ff1d7402425a00b36530aeee2
1079,hyena/cropped_images/head/844cb3cc-89dc-4609-b33a-3ffc2bb85fd7/train2022_000000002910_head.jpg,train2022_000000002910,head,0,True,box_center,2,0.9609375,0.543891878651653,788a0c0e0e752ec0963067338478e7af53c0503bcd051cf7fe3cd39f66b05d68
1080,hyena/cropped_images/head/85527fa6-6c14-45eb-91eb-32106f41f728/train2022_000000000246_head.jpg,train2022_000000000246,head,0,True,box_center,2,0.8515625,0.5502343383846274,366fdda448b54abbb1bf4660e1c565e73d45dd694c3cc4b7cc5368ef5c090a55
1081,hyena/cropped_images/head/85527fa6-6c14-45eb-91eb-32106f41f728/train2022_000000001069_head.jpg,train2022_000000001069,head,0,False,box_center,2,0.6015625,0.28243222010788915,
1082,hyena/cropped_images/head/85527fa6-6c14-45eb-91eb-32106f41f728/train2022_000000001308_head.jpg,train2022_000000001308,head,0,True,center,0,0.984375,0.5634567600910497,952c07e675e3c23540e6353bf2ff82a7b37f5b9f310339ee2b2ad863ff9485f6
1083,hyena/cropped_images/head/85527fa6-6c14-45eb-91eb-32106f41f728/train2022_000000001557_head.jpg,train2022_000000001557,head,0,True,center,0,0.88671875,0.7438549440298508,ae2e029b3ab8c9a868f087ddfe9f509328a701919c87092f1316001f01c2ae4f
1084,hyena/cropped_images/head/85527fa6-6c14-45eb-91eb-32106f41f728/train2022_000000001904_head.jpg,train2022_000000001904,head,0,True,center,0,0.94140625,0.5543243788506603,cc4d22853619ae899d81fb0bf507b98cc92ebe42ea56de5d4cdc69f2b552cc24
1085,hyena/cropped_images/head/85527fa6-6c14-45eb-91eb-32106f41f728/train2022_000000001968_head.jpg,train2022_000000001968,head,0,True,box_center,2,0.94140625,0.45081321504750826,9f693b28c770e112fb5bbce4be7c3d24603bb77cdea417607793f0eff7fa6874
1086,hyena/cropped_images/head/85527fa6-6c14-45eb-91eb-32106f41f728/train2022_000000001988_head.jpg,train2022_000000001988,head,0,True,center,0,0.98046875,0.5717131843285518,e3bc4daf20eb2e643b674db228f6cea4b1d9abee249f8921c4a3b9e3ff716858
1087,hyena/cropped_images/head/85527fa6-6c14-45eb-91eb-32106f41f728/train2022_000000002460_head.jpg,train2022_000000002460,head,0,True,center,0,0.8515625,0.5414255729521216,f02bf8866e172ba7fa720dfe80987b551f752dc16337d83fcfcfac4f7ca64f5d
1088,hyena/cropped_images/head/85527fa6-6c14-45eb-91eb-32106f41f728/train2022_000000002747_head.jpg,train2022_000000002747,head,0,True,center,0,0.984375,0.5246839398163726,03d8b29b7b7ed65be9362975eae64fb9659f37dad06d3628fde30c45b8db7963
1089,hyena/cropped_images/head/85527fa6-6c14-45eb-91eb-32106f41f728/train2022_000000003044_head.jpg,train2022_000000003044,head,0,False,box_center,2,0.84375,0.5576368697803897,
1090,hyena/cropped_images/head/85527fa6-6c14-45eb-91eb-32106f41f728/train2022_000000003068_head.jpg,train2022_000000003068,head,0,True,center,0,0.95703125,0.5579437370263656,6181b2fd0a9fc53517a3d2c968e3ab1c2a9df869c1d3a472e38dceb6670f5d5c
1091,hyena/cropped_images/head/88db538e-05ee-4e9f-8163-e1bb7e4743fc/train2022_000000000547_head.jpg,train2022_000000000547,head,0,True,center,0,0.94921875,0.6028465114224828,d6122abb0741ae8ac1bc308d6b9c23ee2110ff2fc09ab479feefb9e1069de3e8
1092,hyena/cropped_images/head/88db538e-05ee-4e9f-8163-e1bb7e4743fc/train2022_000000001922_head.jpg,train2022_000000001922,head,0,True,box_center,2,0.953125,0.6936064682701454,d2297737f321ec4eff6b72bdb422cb9ecb515c93df074435dce38d189d29e25a
1093,hyena/cropped_images/head/89390731-0ff1-454f-a2ac-8017c49d8da6/train2022_000000000849_head.jpg,train2022_000000000849,head,0,False,box_center,2,0.78515625,0.6580294021948118,
1094,hyena/cropped_images/head/89390731-0ff1-454f-a2ac-8017c49d8da6/train2022_000000001017_head.jpg,train2022_000000001017,head,0,True,center,0,0.90625,0.6005124122162339,c10ad5736dd84eb49d12fc39e8a8f4808d442108e8c4ea9c2e8dcd41e8fa6293
1095,hyena/cropped_images/head/89390731-0ff1-454f-a2ac-8017c49d8da6/train2022_000000001751_head.jpg,train2022_000000001751,head,0,True,box_center,0,0.94921875,0.5850530213768725,10f710799a67b7fd037695c54d27127acffad1d64031b5f672c80364e86d5450
1096,hyena/cropped_images/head/89390731-0ff1-454f-a2ac-8017c49d8da6/train2022_000000001934_head.jpg,train2022_000000001934,head,0,True,box_center,2,0.9375,0.5776006886115315,475fea842acdec6bc8e7b9c2482fa2bfa8ce1a74113e150baa6d554bea661bcd
1097,hyena/cropped_images/head/89390731-0ff1-454f-a2ac-8017c49d8da6/train2022_000000001944_head.jpg,train2022_000000001944,head,0,True,center,2,0.96875,0.5410500151791136,f1ece6e9c04725fa4947769a26d710e82bd32f6f2c33c2b3290723ee9c447302
1098,hyena/cropped_images/head/89390731-0ff1-454f-a2ac-8017c49d8da6/train2022_000000002082_head.jpg,train2022_000000002082,head,0,True,center,0,0.98046875,0.5353435424854316,17da29de51edbfcbe425fd1dca8113b0dd95422e42a32b8cce7330b2bf6059da
1099,hyena/cropped_images/head/89d1463d-4e1c-4edd-88a1-19f30914d459/train2022_000000000226_head.jpg,train2022_000000000226,head,0,True,box_center,2,0.890625,0.5641567734590991,57e2c4e93f926b48b5b09b8e38a0908e8e796b7c66a94a3d2ed2da23f033dfd2
1100,hyena/cropped_images/head/89d1463d-4e1c-4edd-88a1-19f30914d459/train2022_000000001143_head.jpg,train2022_000000001143,head,0,True,center,0,0.984375,0.46019139839746315,28648e1ffdfeea42b3c6dd9637622ed1158e3022fe6f96efc61b81b4a4b1cd26
1101,hyena/cropped_images/head/89d1463d-4e1c-4edd-88a1-19f30914d459/train2022_000000001530_head.jpg,train2022_000000001530,head,0,True,center,0,0.953125,0.5068705112983904,0ad8e3ffe18fecafad6d2d62fb8c83d1fa93176a6347b478e08c63964241dbf4
1102,hyena/cropped_images/head/89d1463d-4e1c-4edd-88a1-19f30914d459/train2022_000000001821_head.jpg,train2022_000000001821,head,0,False,box_center,2,0.7578125,0.5674481658692185,
1103,hyena/cropped_images/head/89d1463d-4e1c-4edd-88a1-19f30914d459/train2022_000000001902_head.jpg,train2022_000000001902,head,0,False,box_center,2,0.796875,0.5399896800825593,
1104,hyena/cropped_images/head/89d1463d-4e1c-4edd-88a1-19f30914d459/train2022_000000002320_head.jpg,train2022_000000002320,head,0,True,box_center,2,0.9140625,0.5751683728448276,ede1c99139c35f11279e45e6ce1a98b527a93359bd930cc3b41b3f5fa51e03ae
1105,hyena/cropped_images/head/89d1463d-4e1c-4edd-88a1-19f30914d459/train2022_000000002433_head.jpg,train2022_000000002433,head,0,True,center,0,0.9609375,0.4939787707394822,534ce4ebec425fccbac7390b0d7efcc995ff0e94bc862dcd1ace668159e21802
1106,hyena/cropped_images/head/89d1463d-4e1c-4edd-88a1-19f30914d459/train2022_000000002830_head.jpg,train2022_000000002830,head,0,True,center,2,0.95703125,0.4840823641027443,ea6e97e2813d04e7c2c876b25cac89c963ff99fe20831cbd16951ddd91b78cb4
1107,hyena/cropped_images/head/8a8944da-f6b6-46a5-8b6c-2952d7a1733c/train2022_000000002284_head.jpg,train2022_000000002284,head,0,True,box_center,2,0.91015625,0.5415528986221165,6a20b91ab2d46d0b696f10ee2e8afc76ddf7335739cfdae15815f0b94984c6f1
1108,hyena/cropped_images/head/8a8944da-f6b6-46a5-8b6c-2952d7a1733c/train2022_000000002715_head.jpg,train2022_000000002715,head,0,True,box_center,0,0.89453125,0.6575794621026895,74d2d6f6a312099af534daae9a8c637fa61571376a1021997fd2364268295f7a
1109,hyena/cropped_images/head/8a8f6936-9ca2-49d1-a7b5-e6733beaebdf/train2022_000000000270_head.jpg,train2022_000000000270,head,0,True,center,0,0.984375,0.5538557173765621,d471a14cef93240793f7d2d12d971092d6d7e959e5f1687fa273672da40829d0
1110,hyena/cropped_images/head/8a8f6936-9ca2-49d1-a7b5-e6733beaebdf/train2022_000000000552_head.jpg,train2022_000000000552,head,0,True,center,0,0.97265625,0.46482471776589424,04a3f98f41b218ccb7ec49304bc625c267bfde7b22fb015dcbbe64b7e85a4a84
1111,hyena/cropped_images/head/8a8f6936-9ca2-49d1-a7b5-e6733beaebdf/train2022_000000001338_head.jpg,train2022_000000001338,head,0,True,center,0,0.94140625,0.48079716893276214,2d0fb392ffe51597cf69d973b3dad9f083f9141d754a2f0b7884a54180a63c7e
1112,hyena/cropped_images/head/8a8f6936-9ca2-49d1-a7b5-e6733beaebdf/train2022_000000002998_head.jpg,train2022_000000002998,head,0,True,center,2,0.97265625,0.5433148568069203,2d8d29b290e6f0367c33b4448be042497da309f3f20974bfc7b3e79c7fec220b
1113,hyena/cropped_images/head/8aa6f9e4-e249-494f-a762-11e847296544/train2022_000000000861_head.jpg,train2022_000000000861,head,0,True,center,0,0.98828125,0.5703589758334651,0adde61ee20b6cc597d92da3e56b6cfa5470d34087cd7db5a7f9e1fee3783fae
1114,hyena/cropped_images/head/8aa6f9e4-e249-494f-a762-11e847296544/train2022_000000001271_head.jpg,train2022_000000001271,head,0,True,box_center,2,0.9140625,0.5155769806841002,d9a7adb72494a71f51a44aac729d58c0b68456513470b9c1abc854c24ab888b2
1115,hyena/cropped_images/head/8aa6f9e4-e249-494f-a762-11e847296544/train2022_000000001392_head.jpg,train2022_000000001392,head,0,True,center,0,0.97265625,0.5715975896531452,bcef7cdd20a00ee624475bf85b08354019d770ff5528f802fb79b3e565c28e0a
1116,hyena/cropped_images/head/8aa6f9e4-e249-494f-a762-11e847296544/train2022_000000001822_head.jpg,train2022_000000001822,head,0,True,center,0,0.94140625,0.5552047096601552,e84636af220c8c16e8d2417ef492fe953ab76792aae612ea063a84c61584f0f3
1117,hyena/cropped_images/head/8b046377-529a-460d-8114-887322c52cde/train2022_000000000034_head.jpg,train2022_000000000034,head,0,True,box_center,0,0.94140625,0.5487807486631016,81bfbab3c299ec1ed7b95de386def02178e61a3fe151a45e7ecb148897c9d2fd
1118,hyena/cropped_images/head/8b046377-529a-460d-8114-887322c52cde/train2022_000000000374_head.jpg,train2022_000000000374,head,0,False,box_center,2,0.640625,0.5570732324830685,
1119,hyena/cropped_images/head/8b046377-529a-460d-8114-887322c52cde/train2022_000000000438_head.jpg,train2022_000000000438,head,0,False,box_center,2,0.8203125,0.5630954614630892,
1120,hyena/cropped_images/head/8b046377-529a-460d-8114-887322c52cde/train2022_000000000441_head.jpg,train2022_000000000441,head,0,True,box_center,0,0.85546875,0.89205933819936,b16260eb5109d6554d7bf6710286d303fa724f957c9c64031f40ffbe344a2eff
1121,hyena/cropped_images/head/8b046377-529a-460d-8114-887322c52cde/train2022_000000000690_head.jpg,train2022_000000000690,head,0,True,box_center,2,0.85546875,0.5754102771051923,f1adedb672da549605c4970ca824c85a74b0a46283f1418701918b8b753329ea
1122,hyena/cropped_images/head/8b046377-529a-460d-8114-887322c52cde/train2022_000000000693_head.jpg,train2022_000000000693,head,0,True,box_center,2,0.85546875,0.8117731696995345,e7e878b66b1697216f19352b0da29200c1ad168eb74d1305d07fa4ace03f5e63
1123,hyena/cropped_images/head/8b046377-529a-460d-8114-887322c52cde/train2022_000000000742_head.jpg,train2022_000000000742,head,0,True,center,0,0.91796875,0.392686170212766,1e2e696e5bf85e099a048c9c32afed842ab26cd1ad5bd80ee1a4a06e2d704df5
1124,hyena/cropped_images/head/8b046377-529a-460d-8114-887322c52cde/train2022_000000000818_head.jpg,train2022_000000000818,head,0,True,center,0,0.98046875,0.5319838056680162,6a35fee58ed2e5f1de06459e334ae2581c4532310bc88c414e08255f8d8a4776
1125,hyena/cropped_images/head/8b046377-529a-460d-8114-887322c52cde/train2022_000000001006_head.jpg,train2022_000000001006,head,0,True,center,0,0.97265625,0.6579750827945119,381a91b0c28e9991ccb0a4d510ef8d8a064c994a2da674bd3126f40ff18a6ac2
1126,hyena/cropped_images/head/8b046377-529a-460d-8114-887322c52cde/train2022_000000001123_head.jpg,train2022_000000001123,head,0,False,box_center,2,0.71875,0.6250193384696309,
1127,hyena/cropped_images/head/8b046377-529a-460d-8114-887322c52cde/train2022_000000001277_head.jpg,train2022_000000001277,head,0,True,center,0,0.8671875,0.4349589583533844,f3333fbd327a47242ff4fb0bf926cd101dc47efe5847572e882dc8dcdd4eaf05
1128,hyena/cropped_images/head/8b046377-529a-460d-8114-887322c52cde/train2022_000000001648_head.jpg,train2022_000000001648,head,0,True,center,0,0.90625,0.5127218215703752,ce4f155a3a723012a73bd8b9360b46770c8ec17e71923d0d5d8a39eadd7e1691
1129,hyena/cropped_images/head/8b046377-529a-460d-8114-887322c52cde/train2022_000000002066_head.jpg,train2022_000000002066,head,0,False,box_center,0,0.84765625,0.6589597902097902,
1130,hyena/cropped_images/head/8b046377-529a-460d-8114-887322c52cde/train2022_000000002115_head.jpg,train2022_000000002115,head,0,True,center,0,0.98046875,0.6141875823735029,28d016db98bf814e087f89300d69942a6439306342363719c6d4133abb75f228
1131,hyena/cropped_images/head/8b046377-529a-460d-8114-887322c52cde/train2022_000000002229_head.jpg,train2022_000000002229,head,0,False,box_center,2,0.77734375,0.5634463722397476,
1132,hyena/cropped_images/head/8b046377-529a-460d-8114-887322c52cde/train2022_000000002230_head.jpg,train2022_000000002230,head,0,True,center,0,0.91015625,0.5596393529567754,9f6107f0189df81793a5ed8331046e8be2522e04eddfa48681d0d481b446dfc3
1133,hyena/cropped_images/head/8b046377-529a-460d-8114-887322c52cde/train2022_000000002576_head.jpg,train2022_000000002576,head,0,True,center,0,0.9453125,0.599785722485109,a94c441301c1771672ac138d50a24830217928d3beb376989d8802e9b99ef23a
1134,hyena/cropped_images/head/8b046377-529a-460d-8114-887322c52cde/train2022_000000002785_head.jpg,train2022_000000002785,head,0,False,box_center,2,0.79296875,0.5389201134999454,
1135,hyena/cropped_images/head/8b046377-529a-460d-8114-887322c52cde/train2022_000000002912_head.jpg,train2022_000000002912,head,0,False,box_center,2,0.77734375,0.6532379248658319,
1136,hyena/cropped_images/head/8b046377-529a-460d-8114-887322c52cde/train2022_000000003053_head.jpg,train2022_000000003053,head,0,True,center,0,0.9765625,0.7214262619730833,c464f52119c7144ef75aa6fea8e5bbd6dc571fffef3b5ae679e3b5e996604970
1137,hyena/cropped_images/head/8b530229-7b7d-4744-a09d-d489933fc659/train2022_000000000715_head.jpg,train2022_000000000715,head,0,True,center,0,0.97265625,0.6940172897861161,e9da74584415e21d849aeaa61f45c379a7fc4d5210565ec16ae36b1683acbe0c
1138,hyena/cropped_images/head/8b530229-7b7d-4744-a09d-d489933fc659/train2022_000000001127_head.jpg,train2022_000000001127,head,0,True,center,2,0.984375,0.6567442768527201,d9c745128ce484e7b23f457c249c649f11e0a293f564093bcb1a25e05bb574e8
1139,hyena/cropped_images/head/8b530229-7b7d-4744-a09d-d489933fc659/train2022_000000001663_head.jpg,train2022_000000001663,head,0,True,center,2,0.9609375,0.6385568447562511,6f68c0f1380f564029ae7944dd4d237af2bda86f463b77f36f4136f3533c751c
1140,hyena/cropped_images/head/8b7d4bbc-67e2-4588-9156-9748edce3fb5/train2022_000000002147_head.jpg,train2022_000000002147,head,0,True,center,0,0.9765625,0.6000189785418704,97eda0e159edb3be62905a9e73f4d80a1fe1071494ebe0fea889b998c03707c2
1141,hyena/cropped_images/head/8b7d4bbc-67e2-4588-9156-9748edce3fb5/train2022_000000002225_head.jpg,train2022_000000002225,head,0,True,center,2,0.9765625,0.555013912555812,02b05a7163c1a1178bfcb1cf8b4cdd0b129f56f21762f5ee95e0d824dc38fe6d
1142,hyena/cropped_images/head/8b7d4bbc-67e2-4588-9156-9748edce3fb5/train2022_000000002698_head.jpg,train2022_000000002698,head,0,False,box_center,2,0.7578125,0.566380056637272,
1143,hyena/cropped_images/head/8c3be170-b41e-411e-9940-1f5960cfa850/train2022_000000000092_head.jpg,train2022_000000000092,head,0,True,center,0,0.96875,0.49520842286205413,2b956bbc44d60e68294e00e0c84f59a075d460cefcbb4843c50d16993e7e17da
1144,hyena/cropped_images/head/8c3be170-b41e-411e-9940-1f5960cfa850/train2022_000000000517_head.jpg,train2022_000000000517,head,0,True,center,2,0.94921875,0.4887339436519764,9718336ba9bed8661940801cfd4fef65cc6b2b59adfa46e66834c89b60c1cb3a
1145,hyena/cropped_images/head/8c3be170-b41e-411e-9940-1f5960cfa850/train2022_000000001323_head.jpg,train2022_000000001323,head,0,True,center,0,0.98046875,0.4426179151803409,bab6a66d5e7b80b965f8b72c72351abc5445a3743760c3a819306da9db153703
1146,hyena/cropped_images/head/8c3be170-b41e-411e-9940-1f5960cfa850/train2022_000000001912_head.jpg,train2022_000000001912,head,0,True,center,0,0.984375,0.5237199168069724,f7502ff74649698b427415de8bc7e648c898ab32788b3c5ac398771a936abbc0
1147,hyena/cropped_images/head/8c3be170-b41e-411e-9940-1f5960cfa850/train2022_000000003091_head.jpg,train2022_000000003091,head,0,False,box_center,2,0.76171875,0.5206432748538011,
1148,hyena/cropped_images/head/8c5534ba-2153-455d-b8e5-468a1c35b511/train2022_000000000866_head.jpg,train2022_000000000866,head,0,True,box_center,2,0.859375,0.6051787774834403,1dd9e3238d842b641102de659a6ceacde4070278dbc8007cc2e1a3e8b3fd4b24
1149,hyena/cropped_images/head/8c5534ba-2153-455d-b8e5-468a1c35b511/train2022_000000002176_head.jpg,train2022_000000002176,head,0,False,box_center,2,0.71484375,0.5249331387590781,
1150,hyena/cropped_images/head/8c5534ba-2153-455d-b8e5-468a1c35b511/train2022_000000002784_head.jpg,train2022_000000002784,head,0,True,box_center,2,0.91015625,0.5411698607903115,02fb02c96f566cd02648e8cf10d5accc11739d02519ba2bd244063fb3a9424e9
1151,hyena/cropped_images/head/8c755bf5-a137-4d36-b924-def3665fc42e/train2022_000000000104_head.jpg,train2022_000000000104,head,0,True,center,0,0.96484375,0.5962701612903226,81fb665c3c14734879e4ae6f1462aa41832a135bef82271a70927ef4c36e4bac
1152,hyena/cropped_images/head/8c755bf5-a137-4d36-b924-def3665fc42e/train2022_000000001142_head.jpg,train2022_000000001142,head,0,True,center,2,0.94140625,0.5122204493072968,8e46afd9175aff92d7020fd1346d22d8d4f47b11c5c0a4f5309f15196f48abbf
1153,hyena/cropped_images/head/8c755bf5-a137-4d36-b924-def3665fc42e/train2022_000000001470_head.jpg,train2022_000000001470,head,0,True,center,0,0.96484375,0.5961191335740073,124f60a821656d4b08186508a3a9645965b02fc89eff0e28f0836aa45777b996
1154,hyena/cropped_images/head/8c755bf5-a137-4d36-b924-def3665fc42e/train2022_000000001554_head.jpg,train2022_000000001554,head,0,True,center,0,0.96484375,0.5694871892295806,dfd4be4e9f958b7fc294ef8d7d7aa84d198736bbbae1980b66620bc35e298de9
1155,hyena/cropped_images/head/8c755bf5-a137-4d36-b924-def3665fc42e/train2022_000000002964_head.jpg,train2022_000000002964,head,0,True,center,2,0.95703125,0.49664999929175463,67b9f8b1e350584af78cf2fc49f2e5a3796a119758413aa058a6b67852f1fb9e
1156,hyena/cropped_images/head/8d704d6e-76b3-4fef-b7e7-5522bc453d98/train2022_000000000760_head.jpg,train2022_000000000760,head,0,True,center,2,0.98046875,0.5977641543454743,308ab42b2f3dc3aedd11e668f36afdfba8abb65110fd0438062790895cbdf43f
1157,hyena/cropped_images/head/8d704d6e-76b3-4fef-b7e7-5522bc453d98/train2022_000000001125_head.jpg,train2022_000000001125,head,0,True,center,0,0.97265625,0.4651161882444835,53f30583ba37bd40d1d627e0cd460f49c574ec26e2498c29e7ad73b1478169d1
1158,hyena/cropped_images/head/8d704d6e-76b3-4fef-b7e7-5522bc453d98/train2022_000000001901_head.jpg,train2022_000000001901,head,0,True,center,0,0.95703125,0.5735426008968609,814360884edb71e9536afad20d70d8ae8438e93ad04d1bf86f0aab7e24ede6a7
1159,hyena/cropped_images/head/8d704d6e-76b3-4fef-b7e7-5522bc453d98/train2022_000000002626_head.jpg,train2022_000000002626,head,0,True,center,0,0.9765625,0.5526592797783934,df097766246ffd6f3fdbd82c5c0a81f4345cce3ed045eb661171b9fc77b1d378
1160,hyena/cropped_images/head/8d704d6e-76b3-4fef-b7e7-5522bc453d98/train2022_000000002845_head.jpg,train2022_000000002845,head,0,True,center,0,0.96875,0.5443285398009454,f6ea14737cc9169299acbf0586fb78f52ffec07886c120a56937ff3b87648e1a
1161,hyena/cropped_images/head/8d704d6e-76b3-4fef-b7e7-5522bc453d98/train2022_000000002926_head.jpg,train2022_000000002926,head,0,True,center,0,0.96875,0.5635930047694754,ac7eaa32b863e57c3c5e081333810f7bd849613f7692a452837e6d42d65110a6
1162,hyena/cropped_images/head/8e52a7f7-8046-4567-b92a-e5941b184745/train2022_000000001776_head.jpg,train2022_000000001776,head,0,True,center,2,0.95703125,0.6975308641975309,039c01efc38037686711fa70f1e98e54349cfe8d31b3a04098637c4cc95dad20
1163,hyena/cropped_images/head/8e52a7f7-8046-4567-b92a-e5941b184745/train2022_000000002611_head.jpg,train2022_000000002611,head,0,True,center,2,0.9765625,0.6395690460572088,1aaeddec92d88b97b88de942423ce7ba83a0659e14c17a8c598a999546988d49
1164,hyena/cropped_images/head/8e52a7f7-8046-4567-b92a-e5941b184745/train2022_000000003101_head.jpg,train2022_000000003101,head,0,True,center,0,0.97265625,0.5451454964575788,dda55fd61f215e1bf4c47cf0c295fe6fcca5256a1d4e2d03f013845f39f1826f
1165,hyena/cropped_images/head/8e9cd5f5-095b-4295-8bbc-a3a67cffd935/train2022_000000000267_head.jpg,train2022_000000000267,head,0,False,box_center,0,0.76953125,0.8981788079470199,
1166,hyena/cropped_images/head/8e9cd5f5-095b-4295-8bbc-a3a67cffd935/train2022_000000000471_head.jpg,train2022_000000000471,head,0,True,center,2,0.9609375,0.5791890318825583,cca0e8cfc113bcaee76823bf7a5018ce1784181639fd533550d89591a98af6f9
1167,hyena/cropped_images/head/8e9cd5f5-095b-4295-8bbc-a3a67cffd935/train2022_000000000595_head.jpg,train2022_000000000595,head,0,True,center,0,0.96875,0.4931832961724266,cb89fe4e73d26ad6b4e9cb9a3eb6602d02dfcb20ea590156a463d3d4af84383c
1168,hyena/cropped_images/head/8e9cd5f5-095b-4295-8bbc-a3a67cffd935/train2022_000000001117_head.jpg,train2022_000000001117,head,0,True,center,0,0.92578125,0.5158730158730159,3d0680b51eee3443a8526193b354a45a3e3ec61dde762a6459295ff049cd2874
1169,hyena/cropped_images/head/8e9cd5f5-095b-4295-8bbc-a3a67cffd935/train2022_000000001709_head.jpg,train2022_000000001709,head,0,True,center,0,0.9765625,0.528758561841286,c4b998cfa2d8c933c985c051ed29a3f71cd4a9814265a1969c13ad39ef62e142
1170,hyena/cropped_images/head/8e9cd5f5-095b-4295-8bbc-a3a67cffd935/train2022_000000001903_head.jpg,train2022_000000001903,head,0,False,box_center,2,0.83203125,0.6963423876191616,
1171,hyena/cropped_images/head/8e9cd5f5-095b-4295-8bbc-a3a67cffd935/train2022_000000001914_head.jpg,train2022_000000001914,head,0,True,center,2,0.95703125,0.5018153272495339,2161bc81721eb7f03eed5e0001f8be7c3e5218f5233356f08ee12f9aed47488e
1172,hyena/cropped_images/head/8e9cd5f5-095b-4295-8bbc-a3a67cffd935/train2022_000000002472_head.jpg,train2022_000000002472,head,0,True,center,2,0.9140625,0.5014275559077508,b48f8c024eb54fdedcb531b83d8dfaed8d7f6570c48ef0b718cdcc83c17d9d7e
1173,hyena/cropped_images/head/8e9cd5f5-095b-4295-8bbc-a3a67cffd935/train2022_000000002708_head.jpg,train2022_000000002708,head,0,False,center,0,0.765625,0.7937031107762815,
1174,hyena/cropped_images/head/9003c31f-6d6f-4ad9-b535-4e5c5698659b/train2022_000000000272_head.jpg,train2022_000000000272,head,0,True,box_center,2,0.9453125,0.5873169191919192,a6d700f95f215423b31140a31b4a34377c1c52c67e3cd317ddae432da97889de
1175,hyena/cropped_images/head/9003c31f-6d6f-4ad9-b535-4e5c5698659b/train2022_000000000635_head.jpg,train2022_000000000635,head,0,True,center,2,0.94140625,0.43138009049773757,e095224ca563fc1ebac413bacbc09f75936ec8f12e580487f4fbf5d03d06ff45
1176,hyena/cropped_images/head/9003c31f-6d6f-4ad9-b535-4e5c5698659b/train2022_000000000646_head.jpg,train2022_000000000646,head,0,True,center,0,0.94921875,0.5479736179814284,dea5d1cc5ce48626a5a1d0c4251b05dc6b45df6c48db1dd458e098b0f1dedc24
1177,hyena/cropped_images/head/9003c31f-6d6f-4ad9-b535-4e5c5698659b/train2022_000000000656_head.jpg,train2022_000000000656,head,0,True,center,2,0.90625,0.47574446607542,3e5e31bf0ecb8f485caebbcd36524089a20b2bdb558266e9af3ba8aa080db75f
1178,hyena/cropped_images/head/9003c31f-6d6f-4ad9-b535-4e5c5698659b/train2022_000000000673_head.jpg,train2022_000000000673,head,0,True,center,2,0.859375,0.5295148669796557,56d3c9fae6e94b9142f17ca3721e042e4ddd0c7b6c7fda7314a7e23a1049da99
1179,hyena/cropped_images/head/9003c31f-6d6f-4ad9-b535-4e5c5698659b/train2022_000000000770_head.jpg,train2022_000000000770,head,0,True,box_center,2,0.90234375,0.6371180598683394,af461e49d6362e31c1ad372bdc5514abd91eb301a1fb0c8d5321d90142cd7a90
1180,hyena/cropped_images/head/9003c31f-6d6f-4ad9-b535-4e5c5698659b/train2022_000000000985_head.jpg,train2022_000000000985,head,0,True,center,0,0.96484375,0.6543260903794678,01b890940df99f469de5ea76ab1482102c932c8aaf6dd47e7af64a2e956c0bc0
1181,hyena/cropped_images/head/9003c31f-6d6f-4ad9-b535-4e5c5698659b/train2022_000000001141_head.jpg,train2022_000000001141,head,0,True,center,0,0.95703125,0.5182598187311178,023702f908ca31917ff7e71e256f6a801889e5094f1fdd301f745c4c19cfb335
1182,hyena/cropped_images/head/9003c31f-6d6f-4ad9-b535-4e5c5698659b/train2022_000000001690_head.jpg,train2022_000000001690,head,0,False,center,0,0.81640625,0.5689091458322227,
1183,hyena/cropped_images/head/9003c31f-6d6f-4ad9-b535-4e5c5698659b/train2022_000000001995_head.jpg,train2022_000000001995,head,0,True,center,0,0.9140625,0.5466930359660317,9095f48960c0c0b2a20cd6c398969d7d7caa863862c8b843c9a54a5c145f055d
1184,hyena/cropped_images/head/9003c31f-6d6f-4ad9-b535-4e5c5698659b/train2022_000000002063_head.jpg,train2022_000000002063,head,0,False,box_center,2,0.83984375,0.6096079415137615,
1185,hyena/cropped_images/head/9003c31f-6d6f-4ad9-b535-4e5c5698659b/train2022_000000002157_head.jpg,train2022_000000002157,head,0,True,center,0,0.984375,0.6402148549288953,5d6a472b6def59e5b127688bf4fdfe0eb6b2146e7e5b33fe9478ca29db536375
1186,hyena/cropped_images/head/9003c31f-6d6f-4ad9-b535-4e5c5698659b/train2022_000000002216_head.jpg,train2022_000000002216,head,0,False,box_center,2,0.75390625,0.7830744964814366,
1187,hyena/cropped_images/head/9003c31f-6d6f-4ad9-b535-4e5c5698659b/train2022_000000002302_head.jpg,train2022_000000002302,head,0,True,center,0,0.90625,0.8487630654990113,f7bd34705ea21b9e074fcfd83d9a0fafcaaa61fa1b8d2a3f02279a605dae7eaa
1188,hyena/cropped_images/head/9003c31f-6d6f-4ad9-b535-4e5c5698659b/train2022_000000002603_head.jpg,train2022_000000002603,head,0,False,box_center,2,0.74609375,0.4639461845344198,
1189,hyena/cropped_images/head/9003c31f-6d6f-4ad9-b535-4e5c5698659b/train2022_000000002826_head.jpg,train2022_000000002826,head,0,True,box_center,2,0.9296875,0.6147836078130984,74209a0c8c737ecb8f2072a913959bc80c1af1422597b5455c33cd3a30bcafb1
1190,hyena/cropped_images/head/9003c31f-6d6f-4ad9-b535-4e5c5698659b/train2022_000000002854_head.jpg,train2022_000000002854,head,0,False,box_center,2,0.6796875,0.48069159206599965,
1191,hyena/cropped_images/head/9003c31f-6d6f-4ad9-b535-4e5c5698659b/train2022_000000002954_head.jpg,train2022_000000002954,head,0,True,center,0,0.984375,0.5512289896244051,536c816dd78b6ad802530610755bb1956722ac50511a39c222560adcba6a405c
1192,hyena/cropped_images/head/9110686e-9241-4260-ab50-18cf4ae4a49f/train2022_000000000562_head.jpg,train2022_000000000562,head,0,False,box_center,2,0.8203125,0.49281949458483754,
1193,hyena/cropped_images/head/9110686e-9241-4260-ab50-18cf4ae4a49f/train2022_000000000780_head.jpg,train2022_000000000780,head,0,False,box_center,0,0.83984375,0.5826467775865366,
1194,hyena/cropped_images/head/9110686e-9241-4260-ab50-18cf4ae4a49f/train2022_000000001763_head.jpg,train2022_000000001763,head,0,True,center,2,0.85546875,0.46544541459795696,e9d5c81a728d268ac7e3d219a981b9b4b2324411feaa42fffe4b66ed02f1a547
1195,hyena/cropped_images/head/9110686e-9241-4260-ab50-18cf4ae4a49f/train2022_000000002360_head.jpg,train2022_000000002360,head,0,True,box_center,0,0.97265625,0.7598605524269241,75f8a71647bb8a10bb85e351f36608456047fd8ef5116adaf5a120a12c25ddf2
1196,hyena/cropped_images/head/9110686e-9241-4260-ab50-18cf4ae4a49f/train2022_000000002761_head.jpg,train2022_000000002761,head,0,True,box_center,0,0.92578125,0.7184969461634915,fe35427b784444d7deff3c77f2bb607e68d868c66f5458ea7b85f187d43e305c
1197,hyena/cropped_images/head/9110686e-9241-4260-ab50-18cf4ae4a49f/train2022_000000002945_head.jpg,train2022_000000002945,head,0,True,center,0,0.98046875,0.5383452462663606,6e80ea9697f6f91f93dd1b19b3f100aaf7fd9eaeeda7c7049004bce7c00eadc5
1198,hyena/cropped_images/head/91be8644-a55d-45bf-9b4e-34c56c607690/train2022_000000000016_head.jpg,train2022_000000000016,head,0,True,center,2,0.94921875,0.6244774833010127,3c125063dd84905bd859484f0f45b6505abe68d23db5d066cc6b778f28afb06a
1199,hyena/cropped_images/head/91be8644-a55d-45bf-9b4e-34c56c607690/train2022_000000001281_head.jpg,train2022_000000001281,head,0,True,center,2,0.91796875,0.4470243561152652,f5f18e52c941b212c80dafac89eaefc86db6c4dcace82f12f36ac6657fa19f5b
1200,hyena/cropped_images/head/91be8644-a55d-45bf-9b4e-34c56c607690/train2022_000000001718_head.jpg,train2022_000000001718,head,0,True,box_center,0,0.86328125,0.7048981614199006,f5f8258641d6d0e0eb0e2c2b0fcf7575743afb6e4af0eb862025c11bc4015dc6
1201,hyena/cropped_images/head/91be8644-a55d-45bf-9b4e-34c56c607690/train2022_000000001881_head.jpg,train2022_000000001881,head,0,True,box_center,2,0.89453125,0.5479569211276528,fc11ec2554acc36796f20ba29d443fe404d09c0cccf59c958da0a791cd993a12
1202,hyena/cropped_images/head/91be8644-a55d-45bf-9b4e-34c56c607690/train2022_000000002294_head.jpg,train2022_000000002294,head,0,True,center,2,0.94140625,0.6178435761769095,bfc6b6471776ede1355032f545450db8265989481cedddc0c4988aeb5880dae2
1203,hyena/cropped_images/head/91be8644-a55d-45bf-9b4e-34c56c607690/train2022_000000002779_head.jpg,train2022_000000002779,head,0,False,box_center,2,0.83984375,0.48786436644854253,
1204,hyena/cropped_images/head/91be8644-a55d-45bf-9b4e-34c56c607690/train2022_000000002796_head.jpg,train2022_000000002796,head,0,True,center,2,0.9296875,0.6485758439312095,cd5c7be102c900b3f1515cb2453d56fc43c1481a7eca09b5f5be4840b9615ed2
1205,hyena/cropped_images/head/91be8644-a55d-45bf-9b4e-34c56c607690/train2022_000000002997_head.jpg,train2022_000000002997,head,0,True,center,0,0.89453125,0.6145925628853095,bde9615186d90660f06f2643a70f8b986877945e378f907bdd63e6aeac2f1167
1206,hyena/cropped_images/head/91be8644-a55d-45bf-9b4e-34c56c607690/train2022_000000003050_head.jpg,train2022_000000003050,head,0,True,center,2,0.94921875,0.5812832595724857,386cfa57a3e8039eb4a5708da99a79f17919a1da25b42d229e179d05e4d0ff3a
1207,hyena/cropped_images/head/95a161f7-5a75-4e56-9b3e-ae37f1d61a31/train2022_000000001785_head.jpg,train2022_000000001785,head,0,True,center,0,0.98046875,0.6478696384235609,19a34201beb7d979e9874db40d2c5751c981ab4c8d6d8b8206ec5b5f014ffb0e
1208,hyena/cropped_images/head/95a161f7-5a75-4e56-9b3e-ae37f1d61a31/train2022_000000002777_head.jpg,train2022_000000002777,head,0,True,box_center,2,0.953125,0.49968361105252057,51c3ab73b993a487458ea0829ed1938eb43ea4eca34d9b37dc77280859a2ffa7
1209,hyena/cropped_images/head/96229e46-d462-4f06-a46b-8661b61fb0ec/train2022_000000000107_head.jpg,train2022_000000000107,head,0,True,center,0,0.95703125,0.5761009982384028,e84f969ae22cb3c4b0651bd0eae1170ae72caad8ce81aa674286673736775d83
1210,hyena/cropped_images/head/96229e46-d462-4f06-a46b-8661b61fb0ec/train2022_000000000998_head.jpg,train2022_000000000998,head,0,True,center,2,0.96875,0.5335003509791106,dd343152084a7da10e9ac27e79a266a2a92afbf2d09dfaaf36e91df1cc613306
1211,hyena/cropped_images/head/96229e46-d462-4f06-a46b-8661b61fb0ec/train2022_000000001345_head.jpg,train2022_000000001345,head,0,True,center,0,0.95703125,0.5335640729820963,7c9ad5eec332d7bdecdfe89be864347df4e46fda368c771e8ee8fe67dd65d067
1212,hyena/cropped_images/head/96229e46-d462-4f06-a46b-8661b61fb0ec/train2022_000000001839_head.jpg,train2022_000000001839,head,0,True,box_center,0,0.875,0.7066326530612245,3b81e366ba82a2d7ac630509de828b71a31afbb38002287380f47017b705e63d
1213,hyena/cropped_images/head/970a8e69-2ce2-4515-bb96-de91d7afcb00/train2022_000000002258_head.jpg,train2022_000000002258,head,0,True,box_center,2,0.95703125,0.5891675296024492,e50759ce8740b6d072281e212891d6e5fcd8f20ef8fed63b0385486a00348f1b
1214,hyena/cropped_images/head/970a8e69-2ce2-4515-bb96-de91d7afcb00/train2022_000000002464_head.jpg,train2022_000000002464,head,0,True,center,2,0.9375,0.46206092757816897,66b2aaed8bc095567a7fcd0ea643ef17a8061c9f2f5b5e1160a02feef2d4903d
1215,hyena/cropped_images/head/981331f5-85cc-41d1-bbf6-6733aa8e2c42/train2022_000000000027_head.jpg,train2022_000000000027,head,0,True,box_center,0,0.9375,0.7254239901325933,e9f7ffe6224216c88ffbc83b82dca57868663350735ff8457d8f200f53ab6cb2
1216,hyena/cropped_images/head/981331f5-85cc-41d1-bbf6-6733aa8e2c42/train2022_000000000391_head.jpg,train2022_000000000391,head,0,True,center,0,0.96875,0.53485216211279,9e15efed416840d71151539b7fc3dba6ce1dc6a78cd6d15998851c6429840f95
1217,hyena/cropped_images/head/981331f5-85cc-41d1-bbf6-6733aa8e2c42/train2022_000000000530_head.jpg,train2022_000000000530,head,0,True,center,0,0.96875,0.5464009287925696,765b0943eaf982af7980f511c86c282edbfd0508029ac4e8b52336b644d136d0
1218,hyena/cropped_images/head/981331f5-85cc-41d1-bbf6-6733aa8e2c42/train2022_000000001947_head.jpg,train2022_000000001947,head,0,True,center,0,0.9765625,0.5334994005044031,8cf3195c99485b008c1894d872158b2408c5711eae7e07ad5cdb6c264be2174f
1219,hyena/cropped_images/head/981331f5-85cc-41d1-bbf6-6733aa8e2c42/train2022_000000003019_head.jpg,train2022_000000003019,head,0,True,box_center,0,0.953125,0.5132739856297549,2d73a42ca90fe5f2487ddef0e155206d513757bac79b94db16718e11791f9080
1220,hyena/cropped_images/head/992f8369-b55b-43c6-b0ce-a9a51a54320c/train2022_000000000755_head.jpg,train2022_000000000755,head,0,True,center,0,0.953125,0.6860043509789703,f639446680667dd303160edb32319a8bde069e89592514561e02984610c5e004
1221,hyena/cropped_images/head/992f8369-b55b-43c6-b0ce-a9a51a54320c/train2022_000000000927_head.jpg,train2022_000000000927,head,0,True,box_center,2,0.9453125,0.48257485793921073,323375a6eaf06534f4011f8f137e370c05ea95b52dae9240726954d956b82c6d
1222,hyena/cropped_images/head/992f8369-b55b-43c6-b0ce-a9a51a54320c/train2022_000000000964_head.jpg,train2022_000000000964,head,0,False,box_center,2,0.76171875,0.6509465791940019,
1223,hyena/cropped_images/head/992f8369-b55b-43c6-b0ce-a9a51a54320c/train2022_000000001854_head.jpg,train2022_000000001854,head,0,False,box_center,2,0.78125,0.650126351868168,
1224,hyena/cropped_images/head/992f8369-b55b-43c6-b0ce-a9a51a54320c/train2022_000000001889_head.jpg,train2022_000000001889,head,0,True,box_center,2,0.90625,0.5978417717548152,e2ed0c41aff327c63426cea241a4805e9f62bac081eace8586283923d4a64330
1225,hyena/cropped_images/head/992f8369-b55b-43c6-b0ce-a9a51a54320c/train2022_000000001976_head.jpg,train2022_000000001976,head,0,False,box_center,2,0.8203125,0.7133748062893249,
1226,hyena/cropped_images/head/992f8369-b55b-43c6-b0ce-a9a51a54320c/train2022_000000002866_head.jpg,train2022_000000002866,head,0,True,box_center,2,0.89453125,0.7803687061244251,007d67a1e5820e382ad5156d9d2addbaae30a16efb4382ab00c448be18760049
1227,hyena/cropped_images/head/9aeef74b-58bf-4133-abd3-e611b7ba11f7/train2022_000000001343_head.jpg,train2022_000000001343,head,0,True,box_center,2,0.9453125,0.6272012000113208,c80fa14662f2d3de1dc79b12cd791599fc17bf02a9e7443b692003d0c40d1ca3
1228,hyena/cropped_images/head/9aeef74b-58bf-4133-abd3-e611b7ba11f7/train2022_000000001594_head.jpg,train2022_000000001594,head,0,True,center,2,0.88671875,0.7243400772040028,997f87f99f465d174795203efad140aaa7892d649c0a3b4fb75e0ee39162a757
1229,hyena/cropped_images/head/9aeef74b-58bf-4133-abd3-e611b7ba11f7/train2022_000000001706_head.jpg,train2022_000000001706,head,0,True,center,2,0.91796875,0.6332152908067542,7bf935fc3426dc8d7733a8bff3781aa9f8de2367ad29d42e7cad31f04f71cfe8
1230,hyena/cropped_images/head/9aeef74b-58bf-4133-abd3-e611b7ba11f7/train2022_000000001923_head.jpg,train2022_000000001923,head,0,True,center,2,0.96484375,0.5502829611501988,807465323d5aa07b29e9e8237985c3f917fb6a00fe4b3755756a0c16b0a62148
1231,hyena/cropped_images/head/9aeef74b-58bf-4133-abd3-e611b7ba11f7/train2022_000000002981_head.jpg,train2022_000000002981,head,0,True,center,0,0.95703125,0.6191015113232267,caf0ed21d2bb527c7e07e7c5b381a6a9bcf976bae795f2d848bef2c945713c03
1232,hyena/cropped_images/head/9d4d0203-ff17-4318-bd95-f1871e4aba4b/train2022_000000001372_head.jpg,train2022_000000001372,head,0,False,box_center,2,0.8203125,0.6426601186822182,
1233,hyena/cropped_images/head/9d4d0203-ff17-4318-bd95-f1871e4aba4b/train2022_000000003016_head.jpg,train2022_000000003016,head,0,True,center,2,0.97265625,0.21503302226319312,f01b574e6f7499d7e7bab864a35f249ff61ecee3f9edf7e7b9efcf870877dc83
1234,hyena/cropped_images/head/a052575c-682f-488a-8034-ce8b0d68e6dd/train2022_000000002180_head.jpg,train2022_000000002180,head,0,True,box_center,0,0.85546875,0.8014225394591334,cc9b02b557f27d301d27c4f0cd3f9f214886053b7e44d5078553bc210344d465
1235,hyena/cropped_images/head/a052575c-682f-488a-8034-ce8b0d68e6dd/train2022_000000002487_head.jpg,train2022_000000002487,head,0,True,center,2,0.94921875,0.7116207330437959,f993f0d5eae160290881b9ec19b36bdc796604e23710444da7e797476f0fd3cc
1236,hyena/cropped_images/head/a052575c-682f-488a-8034-ce8b0d68e6dd/train2022_000000002925_head.jpg,train2022_000000002925,head,0,True,center,2,0.91015625,0.5216249065071055,191032ccbef27bd271dbbd562dce03cdea5eac5df94220f0da7ad9bc4796c42d
1237,hyena/cropped_images/head/a0539b15-8bd3-4931-9e63-8d956755d9a6/train2022_000000000863_head.jpg,train2022_000000000863,head,0,True,center,2,0.98046875,0.7667531769751454,d20ddeac6b77335f8c34ff5b3a2b03c0c2bb1075bc1fdf4b984182b779f13fc9
1238,hyena/cropped_images/head/a0539b15-8bd3-4931-9e63-8d956755d9a6/train2022_000000002097_head.jpg,train2022_000000002097,head,0,True,center,0,0.96875,0.8510497602909571,83587deeaeede8a30342ca8e7eb65985ae8c4fc7a05b26ccbf4566d08cc764a6
1239,hyena/cropped_images/head/a0539b15-8bd3-4931-9e63-8d956755d9a6/train2022_000000002474_head.jpg,train2022_000000002474,head,0,True,center,2,0.96484375,0.5974546508456083,6c00d81631d9f383075c70175642c3dab95add7c132349f10792e6d254a24f1b
1240,hyena/cropped_images/head/a06366b7-a0e0-471e-9595-8eb50b6d499f/train2022_000000000263_head.jpg,train2022_000000000263,head,0,False,box_center,2,0.765625,0.8236835255614298,
1241,hyena/cropped_images/head/a06366b7-a0e0-471e-9595-8eb50b6d499f/train2022_000000000554_head.jpg,train2022_000000000554,head,0,True,center,2,0.96484375,0.7392826199965344,37fd2e3ebd70772a2009fa1d1a9b39356ae4cb468504f68296d15103e9d25dee
1242,hyena/cropped_images/head/a06366b7-a0e0-471e-9595-8eb50b6d499f/train2022_000000000586_head.jpg,train2022_000000000586,head,0,True,box_center,0,0.96484375,0.7559211280069849,9e291d53f673dd0e5c68c219414153de36c9eb1d185f032c044b9de9704ea93a
1243,hyena/cropped_images/head/a06366b7-a0e0-471e-9595-8eb50b6d499f/train2022_000000000708_head.jpg,train2022_000000000708,head,0,True,center,0,0.98828125,0.6006477201923166,514ba476cf788c1506974c2f8715114dc4dc6ff37f32953b7c8b1929bb01c8fc
1244,hyena/cropped_images/head/a06366b7-a0e0-471e-9595-8eb50b6d499f/train2022_000000001202_head.jpg,train2022_000000001202,head,0,False,box_center,2,0.7578125,0.6166390048898883,
1245,hyena/cropped_images/head/a06366b7-a0e0-471e-9595-8eb50b6d499f/train2022_000000001659_head.jpg,train2022_000000001659,head,0,True,center,0,0.9765625,0.5575150966183575,b02a75e52150a30e94691273be12ee5cf3a7431311c148adb4d560ce334bf7bf
1246,hyena/cropped_images/head/a06366b7-a0e0-471e-9595-8eb50b6d499f/train2022_000000002153_head.jpg,train2022_000000002153,head,0,True,box_center,2,0.85546875,0.651435468895079,587129912fb0b84316bb17448dad3f17f8cfb803f390248ed43e51ab857dc4a1
1247,hyena/cropped_images/head/a06366b7-a0e0-471e-9595-8eb50b6d499f/train2022_000000002820_head.jpg,train2022_000000002820,head,0,True,box_center,2,0.86328125,0.49110921636163074,4630367a666ddc16d7e166027172eddee8c60417e7804bdae6eb8bea20f6ffdb
1248,hyena/cropped_images/head/a06366b7-a0e0-471e-9595-8eb50b6d499f/train2022_000000002891_head.jpg,train2022_000000002891,head,0,False,box_center,2,0.84375,0.5494916805231618,
1249,hyena/cropped_images/head/a06366b7-a0e0-471e-9595-8eb50b6d499f/train2022_000000002948_head.jpg,train2022_000000002948,head,0,True,center,0,0.984375,0.5871476822734685,d040c6dcba9f8d0b0aa31ef4568fa044e653861262880bf3ea756a0a23c95458
1250,hyena/cropped_images/head/a539ecd4-d1a5-49d8-aa11-e4a6d9bf3c70/train2022_000000001935_head.jpg,train2022_000000001935,head,0,True,center,2,0.94921875,0.5744274809160306,8565e0ae82307bd4f3423561f6e7cdf149e1dd57b1d530b5956c59e2d8dd65c3
1251,hyena/cropped_images/head/a539ecd4-d1a5-49d8-aa11-e4a6d9bf3c70/train2022_000000002421_head.jpg,train2022_000000002421,head,0,False,box_center,2,0.80859375,0.6588554453500933,
1252,hyena/cropped_images/head/a539ecd4-d1a5-49d8-aa11-e4a6d9bf3c70/train2022_000000002620_head.jpg,train2022_000000002620,head,0,False,box_center,2,0.84765625,0.606964505654462,
1253,hyena/cropped_images/head/a5e8a2bf-014f-41eb-b33b-7249b2ea3637/train2022_000000000124_head.jpg,train2022_000000000124,head,0,False,box_center,2,0.8359375,0.696837179809553,
1254,hyena/cropped_images/head/a5e8a2bf-014f-41eb-b33b-7249b2ea3637/train2022_000000001600_head.jpg,train2022_000000001600,head,0,True,box_center,2,0.97265625,0.6474327966277382,d1da7dd813b11f0a57b24b93256aa047c04b643d9c441f12ffcd5a0d79c078d0
1255,hyena/cropped_images/head/a5e8a2bf-014f-41eb-b33b-7249b2ea3637/train2022_000000002953_head.jpg,train2022_000000002953,head,0,True,center,0,0.9296875,0.5526079358990751,e9c560a563bb33dfcba4668ee1368cfa0b8af20cf12856e0cfeea77596beb1c5
1256,hyena/cropped_images/head/a5f6a30d-faa1-4d73-aebd-5dff073c6191/train2022_000000000082_head.jpg,train2022_000000000082,head,0,True,center,0,0.953125,0.6187463330320473,9b66bbf36cdc288707906279e809ac0a7468513da91ba0940722a9cc40bd38d0
1257,hyena/cropped_images/head/a5f6a30d-faa1-4d73-aebd-5dff073c6191/train2022_000000000143_head.jpg,train2022_000000000143,head,0,False,box_center,2,0.8203125,0.6506933473758119,
1258,hyena/cropped_images/head/a5f6a30d-faa1-4d73-aebd-5dff073c6191/train2022_000000000332_head.jpg,train2022_000000000332,head,0,True,center,0,0.87890625,0.569097058360862,fb41eea5431d1c4dd5df1e3fdfd43bda341ccd5ae0aabcf6f1f5be670d965cb3
1259,hyena/cropped_images/head/a5f6a30d-faa1-4d73-aebd-5dff073c6191/train2022_000000000658_head.jpg,train2022_000000000658,head,0,True,box_center,2,0.85546875,0.7356984478935699,f6217a26a2423d09d44c4c3d4b6472da480ea664d4b39e63eb158ac570984562
1260,hyena/cropped_images/head/a5f6a30d-faa1-4d73-aebd-5dff073c6191/train2022_000000000777_head.jpg,train2022_000000000777,head,0,True,center,0,0.94921875,0.7236255286428297,97c75ae93c7743127e58a567c087c2886498b19e951a71f1a82e1046ea9ca3cf
1261,hyena/cropped_images/head/a5f6a30d-faa1-4d73-aebd-5dff073c6191/train2022_000000001001_head.jpg,train2022_000000001001,head,0,True,box_center,2,0.890625,0.6591711229946524,2b8cf27b07b847fcf781ab72c6fc8a4e427939d29e79cf1a93a74a3438e0889f
1262,hyena/cropped_images/head/a5f6a30d-faa1-4d73-aebd-5dff073c6191/train2022_000000001099_head.jpg,train2022_000000001099,head,0,True,center,0,0.95703125,0.8449397590361446,7b79afed4dc32c33d713c2968d116110aedf7d753637766243201ce4b162162a
1263,hyena/cropped_images/head/a5f6a30d-faa1-4d73-aebd-5dff073c6191/train2022_000000001975_head.jpg,train2022_000000001975,head,0,True,center,2,0.8984375,0.48425526569239147,da3ff2185e6ee6bb86210b9ac77c2dcbe32c89f9804eac0e3b548f40005feb5c
1264,hyena/cropped_images/head/a5f6a30d-faa1-4d73-aebd-5dff073c6191/train2022_000000002016_head.jpg,train2022_000000002016,head,0,True,center,0,0.94921875,0.549235483667151,5ca09a14956002aba7d29a8f870ee502aedc93e9d2d6ab2796a623003cf11bf7
1265,hyena/cropped_images/head/a5f6a30d-faa1-4d73-aebd-5dff073c6191/train2022_000000002720_head.jpg,train2022_000000002720,head,0,True,box_center,0,0.9609375,0.6260668623283743,e138808eadcf4801b6704ec0e0ac3a9baa11648758bf430d0e367398e4ebd67e
1266,hyena/cropped_images/head/a5f6a30d-faa1-4d73-aebd-5dff073c6191/train2022_000000002792_head.jpg,train2022_000000002792,head,0,True,box_center,2,0.91015625,0.5417478902820922,a9255ff82c90c1dbe3e65d55103f402a2bca68986a14f8dbd9eb6dd5d3e1fdc4
1267,hyena/cropped_images/head/a5f6a30d-faa1-4d73-aebd-5dff073c6191/train2022_000000003042_head.jpg,train2022_000000003042,head,0,False,center,0,0.796875,0.861595946673165,
1268,hyena/cropped_images/head/a6d6607a-edd0-45a9-a9bf-7bac78c1db29/train2022_000000001120_head.jpg,train2022_000000001120,head,0,True,box_center,2,0.9375,0.6432259136212625,f2308c406bee82825ff7da21f4f480d4daa65285dbb388e24a5e8c28b73c9caa
1269,hyena/cropped_images/head/a6d6607a-edd0-45a9-a9bf-7bac78c1db29/train2022_000000002506_head.jpg,train2022_000000002506,head,0,True,box_center,0,0.875,0.8070092111085401,47b1ca799242f24fc84a59d8d60322468e14a953c7f7993f660ac2900e756034
1270,hyena/cropped_images/head/a6d6607a-edd0-45a9-a9bf-7bac78c1db29/train2022_000000003095_head.jpg,train2022_000000003095,head,0,True,center,2,0.96875,0.6238062163570064,bcf083e029fc1adc4f9e9a0c3a725d931316d7cb2044415b53745478c03cedb7
1271,hyena/cropped_images/head/a6eae8cd-910e-44a2-a5f4-4766b66fc7b2/train2022_000000001534_head.jpg,train2022_000000001534,head,0,True,center,0,0.87890625,0.590911460660768,d75334cc20cd258744e9972c89cf1abf772518a454837a1124a988e2c3841ea3
1272,hyena/cropped_images/head/a6eae8cd-910e-44a2-a5f4-4766b66fc7b2/train2022_000000001983_head.jpg,train2022_000000001983,head,0,False,box_center,2,0.7890625,0.5960465005327523,
1273,hyena/cropped_images/head/a6eae8cd-910e-44a2-a5f4-4766b66fc7b2/train2022_000000002292_head.jpg,train2022_000000002292,head,0,True,center,0,0.953125,0.583566323215446,af12db186e601fdc3458f4f26888331e37b178ce71a523cea691a625f61257db
1274,hyena/cropped_images/head/a6eae8cd-910e-44a2-a5f4-4766b66fc7b2/train2022_000000002604_head.jpg,train2022_000000002604,head,0,True,center,2,0.9296875,0.4888053467000835,b1e7669623862c3988827d807d3f092828bc132f9a3646ad8b8b4b1ea2ddc959
1275,hyena/cropped_images/head/a7288960-d2a0-41fe-9617-3c45ee3fb409/train2022_000000000695_head.jpg,train2022_000000000695,head,0,True,center,2,0.90234375,0.5236694677871149,d11f883c082cbe74a9f32dee367bedeee9f2344366f274e786488b8c66782730
1276,hyena/cropped_images/head/a7288960-d2a0-41fe-9617-3c45ee3fb409/train2022_000000001641_head.jpg,train2022_000000001641,head,0,True,box_center,2,0.9453125,0.5309052966312233,030ac97827316ebc59c991f1ec80b11a2cbed485d4c74d359b3579a2600f7f8b
1277,hyena/cropped_images/head/aa5f5b18-31cf-4278-b92a-d22d3fc5ddf9/train2022_000000000219_head.jpg,train2022_000000000219,head,0,True,center,0,0.95703125,0.5677414953611061,e96b0387f9e2622b1f130f438c27b2c3c3b3b0b21a4ee05a61d4c69b0552dda1
1278,hyena/cropped_images/head/aa5f5b18-31cf-4278-b92a-d22d3fc5ddf9/train2022_000000000599_head.jpg,train2022_000000000599,head,0,True,center,0,0.98046875,0.787359900373599,326967592edb988fd57f1f6403fdf0410f580c420fc52d00efed57d94a5a46a2
1279,hyena/cropped_images/head/aa5f5b18-31cf-4278-b92a-d22d3fc5ddf9/train2022_000000001213_head.jpg,train2022_000000001213,head,0,True,box_center,2,0.875,0.7852443414573592,7c04e677be3d199b6eda51874a8de5547f7e2e9f9e7e4441c3ca8d16280172da
1280,hyena/cropped_images/head/aa5f5b18-31cf-4278-b92a-d22d3fc5ddf9/train2022_000000001306_head.jpg,train2022_000000001306,head,0,True,center,2,0.94140625,0.5781155260924047,d1b1c5a4577cce5168ef4bf56d747fca4a7c2a4cffe05d8f2700afdca970cbb2
1281,hyena/cropped_images/head/aa5f5b18-31cf-4278-b92a-d22d3fc5ddf9/train2022_000000001326_head.jpg,train2022_000000001326,head,0,True,center,2,0.9609375,0.5540508806262231,4702cb481eae927c9736b4ca945ef111e51969244a235383999faa80e4d6149f
1282,hyena/cropped_images/head/aa5f5b18-31cf-4278-b92a-d22d3fc5ddf9/train2022_000000001887_head.jpg,train2022_000000001887,head,0,True,center,2,0.9765625,0.5891648576171625,afe8d954864780d0bdf240233b03fecdce6a03ec475b5da4d8be10268b7258a9
1283,hyena/cropped_images/head/aa5f5b18-31cf-4278-b92a-d22d3fc5ddf9/train2022_000000002114_head.jpg,train2022_000000002114,head,0,True,box_center,2,0.9296875,0.6298491379310345,a9b1755c2f82d48495ee44a902c0ee3b26f37d2f598657cf7fce26594dbd8fe7
1284,hyena/cropped_images/head/aa5f5b18-31cf-4278-b92a-d22d3fc5ddf9/train2022_000000002362_head.jpg,train2022_000000002362,head,0,True,center,0,0.9765625,0.5818045899678552,04b6051d59ae55a2b223912eae644b3a6a5b5ecee7b4ee9dcc6a800701eddc82
1285,hyena/cropped_images/head/aa5f5b18-31cf-4278-b92a-d22d3fc5ddf9/train2022_000000002621_head.jpg,train2022_000000002621,head,0,True,center,0,0.984375,0.5665366227674544,094df71537b1e97b4a37e7d633d197c0942090cce6826fefb11645f095e32270
1286,hyena/cropped_images/head/aa99b035-19c0-4cfb-9c06-a58914422fc5/train2022_000000000990_head.jpg,train2022_000000000990,head,0,True,center,2,0.98046875,0.6591970203018168,86da4389b7e39514658c906a97e7a094e786d9cce276000e6039e62aed6f5f58
1287,hyena/cropped_images/head/aa99b035-19c0-4cfb-9c06-a58914422fc5/train2022_000000001431_head.jpg,train2022_000000001431,head,0,True,box_center,2,0.9140625,0.5927629532280695,c2a4dc08b83d5cb3630b0d9cf852204e2e3b494e4941c87b27462e0bc5c531fb
1288,hyena/cropped_images/head/aa99b035-19c0-4cfb-9c06-a58914422fc5/train2022_000000002637_head.jpg,train2022_000000002637,head,0,True,box_center,2,0.96875,0.6425205686224857,b4052e0479fe6d4067910dffcf2d985c88263c70bd6e1bd3ad0331b1114a853f
1289,hyena/cropped_images/head/ac7a3ba9-58c0-47e0-8814-1c5ba150c70d/train2022_000000001347_head.jpg,train2022_000000001347,head,0,False,box_center,2,0.79296875,0.7503018476736386,
1290,hyena/cropped_images/head/ac7a3ba9-58c0-47e0-8814-1c5ba150c70d/train2022_000000001477_head.jpg,train2022_000000001477,head,0,True,box_center,2,0.859375,0.6768718156796981,97d587092db1fb93905660158426da798381157001d7e26cbb6827cdc3b27594
1291,hyena/cropped_images/head/ace33278-b65f-43d4-9c12-530e420ddef5/train2022_000000000001_head.jpg,train2022_000000000001,head,0,True,box_center,0,0.90234375,0.744484179900594,d5407eb01f04ecb9530974630d855923306e2f156acbd9fc486c8e4c9b6b5d4b
1292,hyena/cropped_images/head/ace33278-b65f-43d4-9c12-530e420ddef5/train2022_000000000675_head.jpg,train2022_000000000675,head,0,True,center,0,0.9296875,0.5976950354609929,7af06d2468fdee1094cb529709f3b3cf27151594d9ccc78a1a46038dcc3b11e6
1293,hyena/cropped_images/head/ace33278-b65f-43d4-9c12-530e420ddef5/train2022_000000000989_head.jpg,train2022_000000000989,head,0,True,center,2,0.9296875,0.5203110555223232,6bfa38de3f0df443400efc552201d994b49cc8fd939bb55aa07631a458cea9d7
1294,hyena/cropped_images/head/ace33278-b65f-43d4-9c12-530e420ddef5/train2022_000000001145_head.jpg,train2022_000000001145,head,0,False,box_center,2,0.7734375,0.7062493189495478,
1295,hyena/cropped_images/head/ace33278-b65f-43d4-9c12-530e420ddef5/train2022_000000001221_head.jpg,train2022_000000001221,head,0,True,center,2,0.86328125,0.6445098945098945,0fbf252d27d7035e7ef3189016c69c4490dbbb68f1e7c3c2349150e69dbabcce
1296,hyena/cropped_images/head/ace33278-b65f-43d4-9c12-530e420ddef5/train2022_000000001273_head.jpg,train2022_000000001273,head,0,True,center,0,0.92578125,0.6729256854256854,71c82a4682c964fea1595b27ef79efdf2c33a6cbdc6fbcdc514c606fd37f551a
1297,hyena/cropped_images/head/ace33278-b65f-43d4-9c12-530e420ddef5/train2022_000000001341_head.jpg,train2022_000000001341,head,0,True,center,0,0.90625,0.7034555168487343,5fc686f2dc2b1faa657059dc5a2330d916d65ddc7a752f66682ac0e971e339c5
1298,hyena/cropped_images/head/ace33278-b65f-43d4-9c12-530e420ddef5/train2022_000000001529_head.jpg,train2022_000000001529,head,0,True,center,2,0.91796875,0.5598438719750195,e538aab0fd4ae9b1a23cfcf6630597587ddc1e1ad2455f778952baaa2a4f825c
1299,hyena/cropped_images/head/ace33278-b65f-43d4-9c12-530e420ddef5/train2022_000000001544_head.jpg,train2022_000000001544,head,0,True,center,0,0.90625,0.7775117370892018,6932b2cb48ef49ef48c060569f8da5a3f382fc506dbe1c3684e91347d62d40dc
1300,hyena/cropped_images/head/ace33278-b65f-43d4-9c12-530e420ddef5/train2022_000000001643_head.jpg,train2022_000000001643,head,0,True,center,0,0.94140625,0.5248128607503607,ee3a6cb6c35a4d9d03c3d7d868e35df0985af6cbba209faf5b66338f4782ed9d
1301,hyena/cropped_images/head/ace33278-b65f-43d4-9c12-530e420ddef5/train2022_000000002068_head.jpg,train2022_000000002068,head,0,True,center,0,0.890625,0.6312490911734768,13e0b60399380fbcd6abd7ef2af9212257a79fbf3b87a9d2b1ee3648a6c6326b
1302,hyena/cropped_images/head/ace33278-b65f-43d4-9c12-530e420ddef5/train2022_000000002386_head.jpg,train2022_000000002386,head,0,True,center,2,0.96875,0.7097123470603097,810f5fda8643f499a59f07104bfc97d193f6dab3e46cf7571e79f1258b53232d
1303,hyena/cropped_images/head/ace33278-b65f-43d4-9c12-530e420ddef5/train2022_000000002597_head.jpg,train2022_000000002597,head,0,True,center,0,0.9296875,0.856786696481353,50723023d22c022f8b729499d57f8f809a4229d73ed9deaa417957d12bbd4acb
1304,hyena/cropped_images/head/ace33278-b65f-43d4-9c12-530e420ddef5/train2022_000000002909_head.jpg,train2022_000000002909,head,0,True,center,0,0.9609375,0.5498038055495001,62c18ac845ca0f4d463136d1cca9c003b92c63078c4a4aac52042aab324c4b1c
1305,hyena/cropped_images/head/ace33278-b65f-43d4-9c12-530e420ddef5/train2022_000000002961_head.jpg,train2022_000000002961,head,0,True,box_center,2,0.875,0.6959340292673626,f081ead06962c373aa67980d111b69e1d9f8df82a4389d39b71f4259e84301ba
1306,hyena/cropped_images/head/ace33278-b65f-43d4-9c12-530e420ddef5/train2022_000000003085_head.jpg,train2022_000000003085,head,0,True,box_center,0,0.89453125,0.7559378300890297,c15a0736fd82e89744ceaaf45cc63d9d7e30d6875cb67cec0e370350407bf37d
1307,hyena/cropped_images/head/aed03e34-d258-4795-bd37-d63eb4c49802/train2022_000000000496_head.jpg,train2022_000000000496,head,0,True,center,0,0.92578125,0.5530226274907126,f6ed08de190601bc7cbd7c1f8e6752d051b3ad70291a807d7d59ebb964f4961b
1308,hyena/cropped_images/head/aed03e34-d258-4795-bd37-d63eb4c49802/train2022_000000000611_head.jpg,train2022_000000000611,head,0,True,center,0,0.9453125,0.8101547978064526,c0722dd761c375ba1b6082fa8edd645f4c6a32246f3ae2fc8ff1e13a99c0d24c
1309,hyena/cropped_images/head/aed03e34-d258-4795-bd37-d63eb4c49802/train2022_000000001114_head.jpg,train2022_000000001114,head,0,True,box_center,0,0.86328125,0.8409246125558182,62eeef5eb09434fced130a8fa213680fde52842e56b90235161c225e32167626
1310,hyena/cropped_images/head/aed03e34-d258-4795-bd37-d63eb4c49802/train2022_000000001173_head.jpg,train2022_000000001173,head,0,True,center,2,0.96875,0.47938292476754013,0f0703b58c675f04b8c8d94bdeb0f36f9969eb8dd2595114356417459a42ac7d
1311,hyena/cropped_images/head/aed03e34-d258-4795-bd37-d63eb4c49802/train2022_000000001259_head.jpg,train2022_000000001259,head,0,True,center,2,0.90625,0.5592877931860982,b2c5f9a525a032c4206b6a537fd59bd6cf2c7271fda690ca3c5e16ccfc9a48bc
1312,hyena/cropped_images/head/aed03e34-d258-4795-bd37-d63eb4c49802/train2022_000000001280_head.jpg,train2022_000000001280,head,0,True,center,0,0.96875,0.6239484978540772,93fe156ead0a90432abcb42a72417d6babebb4d2fe95665624bf88732a93a106
1313,hyena/cropped_images/head/aed03e34-d258-4795-bd37-d63eb4c49802/train2022_000000001454_head.jpg,train2022_000000001454,head,0,True,box_center,2,0.88671875,0.5216666666666666,6887fa3849e6162d4fe02649d3425074a407abffbca61cdf1fd102b5ac37dbab
1314,hyena/cropped_images/head/aed03e34-d258-4795-bd37-d63eb4c49802/train2022_000000001874_head.jpg,train2022_000000001874,head,0,False,box_center,2,0.8203125,0.7388560157790927,
1315,hyena/cropped_images/head/aed03e34-d258-4795-bd37-d63eb4c49802/train2022_000000001969_head.jpg,train2022_000000001969,head,0,True,center,2,0.953125,0.7051903517548888,32bcbf77a5c02c1e6563c41ff61f4c898acb6b599ddf14b2c7ee402b38197151
1316,hyena/cropped_images/head/aed03e34-d258-4795-bd37-d63eb4c49802/train2022_000000001971_head.jpg,train2022_000000001971,head,0,True,center,2,0.86328125,0.44489258846076835,b79109d9e97efb96a5bba9d08b3bec5a5617dcc9712407788314c317c393dd09
1317,hyena/cropped_images/head/aed03e34-d258-4795-bd37-d63eb4c49802/train2022_000000002052_head.jpg,train2022_000000002052,head,0,True,center,2,0.95703125,0.6723468531468532,a408b9ab84d1430a909aa9b4bf8649007e19228d6f67d8c1dfe147740f7fcf72
1318,hyena/cropped_images/head/aed03e34-d258-4795-bd37-d63eb4c49802/train2022_000000002094_head.jpg,train2022_000000002094,head,0,False,box_center,2,0.62890625,0.49143518270538955,
1319,hyena/cropped_images/head/aed03e34-d258-4795-bd37-d63eb4c49802/train2022_000000002095_head.jpg,train2022_000000002095,head,0,False,box_center,2,0.73828125,0.630544912007053,
1320,hyena/cropped_images/head/aed03e34-d258-4795-bd37-d63eb4c49802/train2022_000000002132_head.jpg,train2022_000000002132,head,0,True,center,0,0.94140625,0.7180703436443457,d75242abbc10123feba20ad57e6e29d2e1277ddc69f8294e32485dee1d7e1ea1
1321,hyena/cropped_images/head/aed03e34-d258-4795-bd37-d63eb4c49802/train2022_000000002490_head.jpg,train2022_000000002490,head,0,True,box_center,0,0.9765625,0.8496973118174916,98179d24b431cbb6efacf21447342dde9972d84aa16b5b42ea1c16b58e0087e0
1322,hyena/cropped_images/head/aed03e34-d258-4795-bd37-d63eb4c49802/train2022_000000002750_head.jpg,train2022_000000002750,head,0,False,center,2,0.765625,0.3998449886690087,
1323,hyena/cropped_images/head/aed03e34-d258-4795-bd37-d63eb4c49802/train2022_000000003013_head.jpg,train2022_000000003013,head,0,False,box_center,2,0.8125,0.6961110431698667,
1324,hyena/cropped_images/head/aeea8cca-a56f-4662-8f86-3a7f8f7237a0/train2022_000000000622_head.jpg,train2022_000000000622,head,0,True,box_center,2,0.85546875,0.7859653461636464,ed7417abd5e50920ae9a6f5511b5a991412f1cac430b9d1e7ca2d4920567d034
1325,hyena/cropped_images/head/aeea8cca-a56f-4662-8f86-3a7f8f7237a0/train2022_000000001135_head.jpg,train2022_000000001135,head,0,True,center,2,0.9453125,0.5482912422397686,70763763e7f7c5f1055471249e243c3d2554d4ded0e8577c3e2fb34923bd79c6
1326,hyena/cropped_images/head/aeea8cca-a56f-4662-8f86-3a7f8f7237a0/train2022_000000001287_head.jpg,train2022_000000001287,head,0,True,box_center,2,0.9453125,0.657780434349472,6b6b22adf52c025bfe9b86a24f47d1983e1505a6350cf67a8947252639e594fe
1327,hyena/cropped_images/head/aeea8cca-a56f-4662-8f86-3a7f8f7237a0/train2022_000000001298_head.jpg,train2022_000000001298,head,0,False,box_center,0,0.8125,0.8225870907717189,
1328,hyena/cropped_images/head/b07dd6f4-8c65-4c6c-b4eb-a65188e81c2c/train2022_000000000242_head.jpg,train2022_000000000242,head,0,False,box_center,2,0.83984375,0.6028046811945117,
1329,hyena/cropped_images/head/b07dd6f4-8c65-4c6c-b4eb-a65188e81c2c/train2022_000000000446_head.jpg,train2022_000000000446,head,0,True,box_center,2,0.8671875,0.5540406372662203,32767895c335722862d502ccba73a13e5ab288e80fe7ccb7734a0f3603606f49
1330,hyena/cropped_images/head/b07dd6f4-8c65-4c6c-b4eb-a65188e81c2c/train2022_000000000487_head.jpg,train2022_000000000487,head,0,True,center,2,0.9375,0.6382943874208342,198b20ea28ec80a2f1179b37b717324977dfff7abb0feb2924cf24bbc1d40258
1331,hyena/cropped_images/head/b07dd6f4-8c65-4c6c-b4eb-a65188e81c2c/train2022_000000000518_head.jpg,train2022_000000000518,head,0,True,box_center,0,0.875,0.8763671512936628,73345faacfa561ee41ebc3641811b325874ddf7f8252255778944806de346fe8
1332,hyena/cropped_images/head/b07dd6f4-8c65-4c6c-b4eb-a65188e81c2c/train2022_000000000746_head.jpg,train2022_000000000746,head,0,True,center,0,0.93359375,0.6908787318638393,b43110127475b8e066ef38f768292e533a55edc15e7a952c0ac1c1f5e3eb8fc9
1333,hyena/cropped_images/head/b07dd6f4-8c65-4c6c-b4eb-a65188e81c2c/train2022_000000000997_head.jpg,train2022_000000000997,head,0,True,center,0,0.859375,0.6183525704574423,3d4ccbcc55ac5a74657907ba2ccdeb714fa76fb5481a43bf89c86e4e20196d39
1334,hyena/cropped_images/head/b07dd6f4-8c65-4c6c-b4eb-a65188e81c2c/train2022_000000001502_head.jpg,train2022_000000001502,head,0,True,center,0,0.94921875,0.720906190926276,f06bb6210a2d93558b08cf33e36ede7ac0dee499248bd36a2b1139d1782a731c
1335,hyena/cropped_images/head/b07dd6f4-8c65-4c6c-b4eb-a65188e81c2c/train2022_000000002110_head.jpg,train2022_000000002110,head,0,True,box_center,2,0.91796875,0.5768900343642611,5db66c2a389471a604bd21875ea3d85372ab100800f9176add9b95d9f403c24b
1336,hyena/cropped_images/head/b07dd6f4-8c65-4c6c-b4eb-a65188e81c2c/train2022_000000002293_head.jpg,train2022_000000002293,head,0,True,center,0,0.88671875,0.8207373271889401,6bcc7c2cf159fac0d7c2be5b41a1f3174824f4d9f1b7c1fe45cf964c4d718b2e
1337,hyena/cropped_images/head/b0d09afd-0469-48b6-9718-02f644ba1969/train2022_000000000754_head.jpg,train2022_000000000754,head,0,False,box_center,0,0.7890625,0.6152738972144611,
1338,hyena/cropped_images/head/b0d09afd-0469-48b6-9718-02f644ba1969/train2022_000000000906_head.jpg,train2022_000000000906,head,0,True,center,0,0.96875,0.5122671093894116,8896d7f1db565fbe8bc209ccd4ca492c2f2ade6ca76ba42fab1a7cfebe058739
1339,hyena/cropped_images/head/b0d09afd-0469-48b6-9718-02f644ba1969/train2022_000000001834_head.jpg,train2022_000000001834,head,0,True,center,0,0.94921875,0.6485434851193606,a107099a548ad42b63ae54768b0b3729204dc0098b6bc37cfe2b6f155de624c8
1340,hyena/cropped_images/head/b0d09afd-0469-48b6-9718-02f644ba1969/train2022_000000002355_head.jpg,train2022_000000002355,head,0,True,center,0,0.984375,0.5149376908475696,aa16e39a677a9b0fa4a42e07272b1f9c0b99c3fa5095d6e0d843d85ef87ec82d
1341,hyena/cropped_images/head/b0d09afd-0469-48b6-9718-02f644ba1969/train2022_000000002518_head.jpg,train2022_000000002518,head,0,True,center,0,0.984375,0.5942670087587366,e5366a479de874ef52c842ee5589ee617ecd82470cd4d2db10f15cea72df60c4
1342,hyena/cropped_images/head/b0fb2cd7-62b2-46ff-9893-f23def9d9b8f/train2022_000000000081_head.jpg,train2022_000000000081,head,0,True,box_center,2,0.96484375,0.5513687425019086,bd93fa7772d1ef2cd40a8cebbca80008b71aa90a52d4269b366e2b2195f521ec
1343,hyena/cropped_images/head/b0fb2cd7-62b2-46ff-9893-f23def9d9b8f/train2022_000000000326_head.jpg,train2022_000000000326,head,0,True,center,2,0.97265625,0.5578318584070796,fac127fa01ac708933bdbd61b91a44b5b2bc331dcc5b7ebc5776859f9cec4779
1344,hyena/cropped_images/head/b0fb2cd7-62b2-46ff-9893-f23def9d9b8f/train2022_000000000360_head.jpg,train2022_000000000360,head,0,True,center,0,0.921875,0.5540828816226613,2786c7659e75d0a653056c9adcba5fb5d88e90c9f66b0dd3614af4b072fa713c
1345,hyena/cropped_images/head/b0fb2cd7-62b2-46ff-9893-f23def9d9b8f/train2022_000000000543_head.jpg,train2022_000000000543,head,0,True,box_center,2,0.94921875,0.58015655874753,bc968b05cf0470fc839ec0eaa03f3bc956ace3ea73add933e8eeed666ea0003b
1346,hyena/cropped_images/head/b0fb2cd7-62b2-46ff-9893-f23def9d9b8f/train2022_000000000795_head.jpg,train2022_000000000795,head,0,True,box_center,2,0.87890625,0.4984619047619048,86e297581da0ac31641d58662a1a93df70d785c7592255ee625c8ddf733050b0
1347,hyena/cropped_images/head/b0fb2cd7-62b2-46ff-9893-f23def9d9b8f/train2022_000000001409_head.jpg,train2022_000000001409,head,0,True,center,0,0.98046875,0.7471970024499207,96bd4b0d02559b3c0faf9ab83c665dc90b72e1a86d528c3969eb227a47d47581
1348,hyena/cropped_images/head/b0fb2cd7-62b2-46ff-9893-f23def9d9b8f/train2022_000000002409_head.jpg,train2022_000000002409,head,0,True,box_center,2,0.95703125,0.5700534415040885,ee064029db8b2afb82edeea8de4fca4854eeb7d9be28730c903305edaf4bc469
1349,hyena/cropped_images/head/b0fb2cd7-62b2-46ff-9893-f23def9d9b8f/train2022_000000002476_head.jpg,train2022_000000002476,head,0,True,center,0,0.98046875,0.5637798739064562,660a424c73327755af67aecbec1ce1995778667578af58a99fb4da4144917029
1350,hyena/cropped_images/head/b0fb2cd7-62b2-46ff-9893-f23def9d9b8f/train2022_000000002685_head.jpg,train2022_000000002685,head,0,True,box_center,2,0.92578125,0.5093755820310857,18897547cd0ab8f364abbd8fccc2d35ee7fddb691e31a4271a0b9bfffef7d738
1351,hyena/cropped_images/head/b0fb2cd7-62b2-46ff-9893-f23def9d9b8f/train2022_000000002840_head.jpg,train2022_000000002840,head,0,True,center,0,0.984375,0.648749345892203,95f9e103553cbde9cc3f405970b0e62730c6bd66493a6a0b241c9fb3689629af
1352,hyena/cropped_images/head/b257ec4e-0b36-4e80-85be-b75c8df39b01/train2022_000000000575_head.jpg,train2022_000000000575,head,0,True,center,2,0.97265625,0.5109673370588411,83fa308d2d45feebec602356c948b19567bfbefb3c2609bda40daff5d367460f
1353,hyena/cropped_images/head/b257ec4e-0b36-4e80-85be-b75c8df39b01/train2022_000000000783_head.jpg,train2022_000000000783,head,0,True,center,2,0.95703125,0.5193978494623656,0f0e91ce365e76ec9e034799ad58890540b4f77d9ba44d97b2c67c38ef5bc03f
1354,hyena/cropped_images/head/b257ec4e-0b36-4e80-85be-b75c8df39b01/train2022_000000000859_head.jpg,train2022_000000000859,head,0,True,box_center,0,0.8984375,0.6590848214285714,8bee82704a4d0f10f885b899fffb662077e8097d76a8600bc6548f0f94a0527b
1355,hyena/cropped_images/head/b257ec4e-0b36-4e80-85be-b75c8df39b01/train2022_000000001730_head.jpg,train2022_000000001730,head,0,True,box_center,2,0.92578125,0.5821727748691099,e4382156fad10c406cc2fb03d6d128bc09e188f4fba6f750c9f356d590124486
1356,hyena/cropped_images/head/b38b7f3d-5275-467d-a9fa-7a66af3d5b3e/train2022_000000000468_head.jpg,train2022_000000000468,head,0,True,center,0,0.8984375,0.6573617004421427,1a58a6bbfe38955ff18dfca721abd5238429e5f618d98598c3e7785d7c4f32c2
1357,hyena/cropped_images/head/b38b7f3d-5275-467d-a9fa-7a66af3d5b3e/train2022_000000000769_head.jpg,train2022_000000000769,head,0,True,box_center,0,0.90234375,0.7839102897796286,a54fd0440de799649f15d90906d21b694f2af0ab245c859e156a5dc0ea7acef6
1358,hyena/cropped_images/head/b38b7f3d-5275-467d-a9fa-7a66af3d5b3e/train2022_000000001436_head.jpg,train2022_000000001436,head,0,True,center,0,0.9765625,0.5951842748497,7a1b0302b568b6eb7a645968ea08df21ac70ca2160f30e5b77b9d0e3a48aadad
1359,hyena/cropped_images/head/b38b7f3d-5275-467d-a9fa-7a66af3d5b3e/train2022_000000002714_head.jpg,train2022_000000002714,head,0,False,box_center,2,0.828125,0.74484745489391,
1360,hyena/cropped_images/head/b422e55f-0afc-4b34-922e-9da329a2f53e/train2022_000000000408_head.jpg,train2022_000000000408,head,0,True,box_center,0,0.8984375,0.8222512403315768,f43f8d2f3076b03cffb350a720573264ea9aec93d2bca28368890740ccb26827
1361,hyena/cropped_images/head/b422e55f-0afc-4b34-922e-9da329a2f53e/train2022_000000000811_head.jpg,train2022_000000000811,head,0,True,center,0,0.98828125,0.591145662633228,0be53dc2ebc1c240fdc3af597ba08aeed8e2e97daa53a1a866d07eb2b71fc168
1362,hyena/cropped_images/head/b422e55f-0afc-4b34-922e-9da329a2f53e/train2022_000000001688_head.jpg,train2022_000000001688,head,0,False,box_center,2,0.7109375,0.5740255782727524,
1363,hyena/cropped_images/head/b422e55f-0afc-4b34-922e-9da329a2f53e/train2022_000000002482_head.jpg,train2022_000000002482,head,0,True,box_center,0,0.89453125,0.8342461040971482,5b44b8ce4d189b1b89e5383c046bd5501dd6ff9481e81a7f4fe5fffbd04fcb27
1364,hyena/cropped_images/head/b422e55f-0afc-4b34-922e-9da329a2f53e/train2022_000000002838_head.jpg,train2022_000000002838,head,0,True,center,2,0.98828125,0.6606890921484394,f316e64474f85bc5d1d3db6f760a4c3deeffe5be9c5d1d3c1c4c17bbdc1a0309
1365,hyena/cropped_images/head/b422e55f-0afc-4b34-922e-9da329a2f53e/train2022_000000002983_head.jpg,train2022_000000002983,head,0,False,box_center,2,0.8125,0.3511080075179592,
1366,hyena/cropped_images/head/b4f217b9-8188-4f1e-a9a6-a1e67e809c8a/train2022_000000000234_head.jpg,train2022_000000000234,head,0,True,center,0,0.88671875,0.8974816922185344,d7ec3520dc7c55b7c8121cdc060a909324f381a4d09976d86b572a731e7d6f6f
1367,hyena/cropped_images/head/b4f217b9-8188-4f1e-a9a6-a1e67e809c8a/train2022_000000001288_head.jpg,train2022_000000001288,head,0,False,box_center,0,0.8125,0.8431646269356453,
1368,hyena/cropped_images/head/b4f217b9-8188-4f1e-a9a6-a1e67e809c8a/train2022_000000001484_head.jpg,train2022_000000001484,head,0,True,center,0,0.95703125,0.6281368024137313,e54b95696fa6b9d4690ab7414ffa31785fa0e26fb9aa9a193e6107d087b88666
1369,hyena/cropped_images/head/b5c37454-cf12-49c5-96c0-aff806c293c2/train2022_000000001272_head.jpg,train2022_000000001272,head,0,True,center,0,0.9296875,0.5713513367393831,c978ff88e9b7c1afefda6759fdb9c7e9c206b4830661bdbeedebd92875c045a7
1370,hyena/cropped_images/head/b5c37454-cf12-49c5-96c0-aff806c293c2/train2022_000000001453_head.jpg,train2022_000000001453,head,0,True,center,0,0.9765625,0.6487261146496816,dd875d4c102b0da385970c72b611fb84657747f4d326a2d219d0ff7862450d24
1371,hyena/cropped_images/head/b5c37454-cf12-49c5-96c0-aff806c293c2/train2022_000000002033_head.jpg,train2022_000000002033,head,0,True,center,2,0.86328125,0.49854362504964916,854366393b4c4bae9ba0ce9a82af9b6aa7a88f1781e51258cb09705820f15b63
1372,hyena/cropped_images/head/b734856c-cfc6-4b40-abff-48e7b29496c6/train2022_000000000179_head.jpg,train2022_000000000179,head,0,True,center,0,0.92578125,0.6306878306878307,9a1c6dbdea514a3a769e43b7e210b31efc05b070b674de2f70e391dadb50eb67
1373,hyena/cropped_images/head/b734856c-cfc6-4b40-abff-48e7b29496c6/train2022_000000000281_head.jpg,train2022_000000000281,head,0,True,center,0,0.94921875,0.7286395582329317,0ea6a1d28a325fa7b8bf70373e71e6dac047a14817ed85eb104002544d4ec87d
1374,hyena/cropped_images/head/b734856c-cfc6-4b40-abff-48e7b29496c6/train2022_000000000507_head.jpg,train2022_000000000507,head,0,True,center,0,0.9765625,0.55046875,b1a4a29b8cdd7e4ce3baa0985bc5636ae98bcd073929621d3463ba827c89ca91
1375,hyena/cropped_images/head/b734856c-cfc6-4b40-abff-48e7b29496c6/train2022_000000000714_head.jpg,train2022_000000000714,head,0,True,center,0,0.96875,0.6392628205128205,5680867de9b18ff5177d5f50fd72d68c7b1ee28df2c14a7437442e422ee0292e
1376,hyena/cropped_images/head/b734856c-cfc6-4b40-abff-48e7b29496c6/train2022_000000002341_head.jpg,train2022_000000002341,head,0,True,box_center,2,0.95703125,0.563690169840453,d88c07c3b2204f9065f1a404adcf3cfe62b3033e2315711a78d027bdc4cce55f
1377,hyena/cropped_images/head/b881438e-7b28-4d49-a263-9cbca96e62ba/train2022_000000000503_head.jpg,train2022_000000000503,head,0,True,box_center,2,0.921875,0.6668717132242968,817692767baad2dab5f80706a068a2c188c53b6ec3aa661c948ef32fb5757f93
1378,hyena/cropped_images/head/b881438e-7b28-4d49-a263-9cbca96e62ba/train2022_000000000867_head.jpg,train2022_000000000867,head,0,True,center,0,0.96875,0.6425814474594962,8575c63a7884c375c4bcff29888bbaaca1f1006c7f38eb7e80e074c3184a587f
1379,hyena/cropped_images/head/b881438e-7b28-4d49-a263-9cbca96e62ba/train2022_000000001824_head.jpg,train2022_000000001824,head,0,True,center,0,0.96875,0.5430243383428648,fe03164f3bb97aff0425e32518f6392c24003da4a0a9d55021cee543a958d92f
1380,hyena/cropped_images/head/b881438e-7b28-4d49-a263-9cbca96e62ba/train2022_000000002957_head.jpg,train2022_000000002957,head,0,True,center,0,0.96875,0.6788056234423017,241ebc77f2c257b41c534f4cd59556bf6532ac78dd1a67d2359a3910c1e93ef0
1381,hyena/cropped_images/head/b8f52f8c-3f36-4970-8813-0093fedc6081/train2022_000000000369_head.jpg,train2022_000000000369,head,0,False,box_center,2,0.7578125,0.5919787370733426,
1382,hyena/cropped_images/head/b8f52f8c-3f36-4970-8813-0093fedc6081/train2022_000000001040_head.jpg,train2022_000000001040,head,0,False,box_center,2,0.84375,0.6487314193633255,
1383,hyena/cropped_images/head/b8f52f8c-3f36-4970-8813-0093fedc6081/train2022_000000001108_head.jpg,train2022_000000001108,head,0,False,box_center,2,0.84375,0.6670824653001037,
1384,hyena/cropped_images/head/b8f52f8c-3f36-4970-8813-0093fedc6081/train2022_000000001707_head.jpg,train2022_000000001707,head,0,False,box_center,2,0.7578125,0.6049253302176943,
1385,hyena/cropped_images/head/b8f52f8c-3f36-4970-8813-0093fedc6081/train2022_000000003029_head.jpg,train2022_000000003029,head,0,True,center,0,0.953125,0.6655368627128102,ab904a1a0cdce7238519959f66808ad5b734b24d8cf930a43ea542a208a41d2d
1386,hyena/cropped_images/head/bb7b8783-ecf2-466b-956a-b07381a49e31/train2022_000000000023_head.jpg,train2022_000000000023,head,0,True,center,2,0.96875,0.4799377378069872,302fd301d4831b87f2ccb82c001df82a30396ccbe9e3682fe7ede9f7e93683ce
1387,hyena/cropped_images/head/bb7b8783-ecf2-466b-956a-b07381a49e31/train2022_000000000957_head.jpg,train2022_000000000957,head,0,True,center,0,0.97265625,0.726906898073246,5bebc7ca062329a5a09841e8b1f00acc035f94b0dee5c462cd17f6ecd92cc016
1388,hyena/cropped_images/head/bb7b8783-ecf2-466b-956a-b07381a49e31/train2022_000000001342_head.jpg,train2022_000000001342,head,0,False,box_center,2,0.7734375,0.5145173745173746,
1389,hyena/cropped_images/head/bb7b8783-ecf2-466b-956a-b07381a49e31/train2022_000000001406_head.jpg,train2022_000000001406,head,0,False,box_center,2,0.828125,0.6719950890116636,
1390,hyena/cropped_images/head/bb7b8783-ecf2-466b-956a-b07381a49e31/train2022_000000001563_head.jpg,train2022_000000001563,head,0,True,center,2,0.9609375,0.6370583321047717,9aab30ba0d350ae112a0d39b8704c0c445807734a8e8609d971da1e2d87a7841
1391,hyena/cropped_images/head/bb7b8783-ecf2-466b-956a-b07381a49e31/train2022_000000003067_head.jpg,train2022_000000003067,head,0,True,center,0,0.984375,0.5859557384309859,f70e5071be1d1381b8863c99a85def0d6f65f14804c12b0d7f9ced354e69f68b
1392,hyena/cropped_images/head/bbbaafbc-3889-4d6f-843b-d58fb94fb07c/train2022_000000000046_head.jpg,train2022_000000000046,head,0,False,box_center,2,0.828125,0.4493140083022585,
1393,hyena/cropped_images/head/bbbaafbc-3889-4d6f-843b-d58fb94fb07c/train2022_000000000218_head.jpg,train2022_000000000218,head,0,True,center,0,0.94140625,0.689537474268357,7405f1bc2c9a53001c61d8e60a3560ed06afbf5cef0e5f2d37159bf528449dbf
1394,hyena/cropped_images/head/bbbaafbc-3889-4d6f-843b-d58fb94fb07c/train2022_000000000224_head.jpg,train2022_000000000224,head,0,True,center,0,0.98828125,0.7220427016632635,2342916a3b2f1646f736dc150fd9f08bf85cb508998cf6ee693713632be3f105
1395,hyena/cropped_images/head/bbbaafbc-3889-4d6f-843b-d58fb94fb07c/train2022_000000000276_head.jpg,train2022_000000000276,head,0,True,center,0,0.95703125,0.5257579356473305,c8543a671919955ecf0eff76c9a65112f664f5728fedf9fbeedcc7ef13a6f982
1396,hyena/cropped_images/head/bbbaafbc-3889-4d6f-843b-d58fb94fb07c/train2022_000000000321_head.jpg,train2022_000000000321,head,0,True,center,0,0.984375,0.5747630522088354,83f8b12365c7ac317818c400a6e016c86a0841e049b5ff494bf2a44732957b52
1397,hyena/cropped_images/head/bbbaafbc-3889-4d6f-843b-d58fb94fb07c/train2022_000000000397_head.jpg,train2022_000000000397,head,0,True,center,0,0.98046875,0.5570703601953602,e921f69e729ca3d0d2cef78951fc46b4a74f371a7d07189021ebdcabb166e997
1398,hyena/cropped_images/head/bbbaafbc-3889-4d6f-843b-d58fb94fb07c/train2022_000000000401_head.jpg,train2022_000000000401,head,0,True,center,0,0.98046875,0.664837376460018,5214c2aa8bbd6b6fdec99198601884587c20a0a1ba1530d4a6f00e3d6bb77e91
1399,hyena/cropped_images/head/bbbaafbc-3889-4d6f-843b-d58fb94fb07c/train2022_000000000515_head.jpg,train2022_000000000515,head,0,True,center,0,0.98046875,0.5904866575812195,2939a08e3d86ba868c12b3c5e1c775a7a157c03275531c36892eb7ca807d3c6a
1400,hyena/cropped_images/head/bbbaafbc-3889-4d6f-843b-d58fb94fb07c/train2022_000000000573_head.jpg,train2022_000000000573,head,0,True,center,0,0.984375,0.7134071212279419,f7c82a060b4c15b64653d4efc67e939bc942f71ba8f711211c819b867ab2bec8
1401,hyena/cropped_images/head/bbbaafbc-3889-4d6f-843b-d58fb94fb07c/train2022_000000000745_head.jpg,train2022_000000000745,head,0,True,box_center,2,0.96484375,0.6130102749236324,51231c3e461612e83d78db5035043a2f34fb455217a0612fa68472ce77fac260
1402,hyena/cropped_images/head/bbbaafbc-3889-4d6f-843b-d58fb94fb07c/train2022_000000000750_head.jpg,train2022_000000000750,head,0,True,center,0,0.98046875,0.6749626183751454,58996c2534ca48a77c9a44da8896a688572739ab0584853b523ac9d9af38df64
1403,hyena/cropped_images/head/bbbaafbc-3889-4d6f-843b-d58fb94fb07c/train2022_000000001000_head.jpg,train2022_000000001000,head,0,True,center,0,0.96875,0.5970606010940157,9e952f8535b4ed50aeec7ce5215356b7e956fdf8fe29406772fa539a0826e94d
1404,hyena/cropped_images/head/bbbaafbc-3889-4d6f-843b-d58fb94fb07c/train2022_000000001264_head.jpg,train2022_000000001264,head,0,True,center,0,0.9765625,0.5139364128885087,fe2caf332b05a76716eb868943b9d544d26689800575473e10fc3c070c144b43
1405,hyena/cropped_images/head/bbbaafbc-3889-4d6f-843b-d58fb94fb07c/train2022_000000001299_head.jpg,train2022_000000001299,head,0,True,box_center,2,0.8828125,0.5339037524818947,44d304b59212504cb30e0e4dbe576e9939a5f435d917ff40d62a63a53123bb83
1406,hyena/cropped_images/head/bbbaafbc-3889-4d6f-843b-d58fb94fb07c/train2022_000000001359_head.jpg,train2022_000000001359,head,0,False,box_center,0,0.73828125,0.6809930371352785,
1407,hyena/cropped_images/head/bbbaafbc-3889-4d6f-843b-d58fb94fb07c/train2022_000000001389_head.jpg,train2022_000000001389,head,0,True,center,0,0.9296875,0.6555112626674992,e822db9c1c3eb0b1587ac45072e0b03b2e715cfa6ff3ac0064ae5ebacd25e97d
1408,hyena/cropped_images/head/bbbaafbc-3889-4d6f-843b-d58fb94fb07c/train2022_000000001520_head.jpg,train2022_000000001520,head,0,True,box_center,2,0.859375,0.5591272378516624,48b6ad91e569c3e5d3e8cc0b9047a7192df0831a61bf40fac3c6a534c662f3b0
1409,hyena/cropped_images/head/bbbaafbc-3889-4d6f-843b-d58fb94fb07c/train2022_000000001631_head.jpg,train2022_000000001631,head,0,True,center,0,0.98828125,0.5984692856315118,4f305569381b694149faacf572c2f03cb73bc2e5ecded37e56a8ce301f07afc8
1410,hyena/cropped_images/head/bbbaafbc-3889-4d6f-843b-d58fb94fb07c/train2022_000000001669_head.jpg,train2022_000000001669,head,0,True,center,0,0.9375,0.7663163534841748,342f77fadae874a87fa4a51b5b8f9ec312a9f21a67f281d43ca81730aea7e2d5
1411,hyena/cropped_images/head/bbbaafbc-3889-4d6f-843b-d58fb94fb07c/train2022_000000001673_head.jpg,train2022_000000001673,head,0,True,box_center,0,0.92578125,0.8005545198145226,0fef8ad85588d34c9fa6a5d1f5fe3a0e68622f4922d49a4e0d4fed3f09672891
1412,hyena/cropped_images/head/bbbaafbc-3889-4d6f-843b-d58fb94fb07c/train2022_000000001701_head.jpg,train2022_000000001701,head,0,True,center,2,0.953125,0.570212201591512,67201786be73dada2b1beaf6c47ca93b514a60c541f2a8b2011542f4e4b68474
1413,hyena/cropped_images/head/bbbaafbc-3889-4d6f-843b-d58fb94fb07c/train2022_000000001719_head.jpg,train2022_000000001719,head,0,True,center,0,0.953125,0.6605815250478827,ce1275368a23ef0b9d6429146d0345d184da0f49701b449d67bf4d360f5ff75f
1414,hyena/cropped_images/head/bbbaafbc-3889-4d6f-843b-d58fb94fb07c/train2022_000000001725_head.jpg,train2022_000000001725,head,0,True,center,0,0.98828125,0.5743950393224441,f3c5aba57bb4714bcbf8d2925525db0608d5556a7bc6f09852f734e6d531409e
1415,hyena/cropped_images/head/bbbaafbc-3889-4d6f-843b-d58fb94fb07c/train2022_000000001733_head.jpg,train2022_000000001733,head,0,True,box_center,0,0.9296875,0.7846675392108482,5119f20c175ea81b0bad73c0468446aee39f38eac9bfd5d6152daf2555058761
1416,hyena/cropped_images/head/bbbaafbc-3889-4d6f-843b-d58fb94fb07c/train2022_000000001744_head.jpg,train2022_000000001744,head,0,True,box_center,0,0.859375,0.7699159274808759,249d369cacd05b0c81b0592afea014020fb5b5b2f9ee6be38e85e561460932c9
1417,hyena/cropped_images/head/bbbaafbc-3889-4d6f-843b-d58fb94fb07c/train2022_000000001852_head.jpg,train2022_000000001852,head,0,True,box_center,0,0.9375,0.7707603660603322,3da66d9234c00075b511d74d0b16d8f35bea14a52f8e5c909ac06dab3d3c547c
1418,hyena/cropped_images/head/bbbaafbc-3889-4d6f-843b-d58fb94fb07c/train2022_000000001970_head.jpg,train2022_000000001970,head,0,True,center,0,0.9609375,0.6738706396218512,d43f36cc493ac2db4d7539cea6fe431e8a2144d19e959ad994d210d989a10b96
1419,hyena/cropped_images/head/bbbaafbc-3889-4d6f-843b-d58fb94fb07c/train2022_000000002617_head.jpg,train2022_000000002617,head,0,True,center,0,0.97265625,0.6715767790262173,f9c0db26d09a008efbd67a9d13e19f447c5a3252f2fae8c6ec2dc5dff48bb7ab
1420,hyena/cropped_images/head/bbbaafbc-3889-4d6f-843b-d58fb94fb07c/train2022_000000002824_head.jpg,train2022_000000002824,head,0,True,box_center,0,0.93359375,0.6720772549825355,2851b95b01cdd369226a3ab66467af3db246a3411a53734483286f76091ec94e
1421,hyena/cropped_images/head/bbbaafbc-3889-4d6f-843b-d58fb94fb07c/train2022_000000002855_head.jpg,train2022_000000002855,head,0,True,center,0,0.94921875,0.6379915909283955,6615a02ae845791d8264962ca1f0102f6831eaf26fb7348e18437dd8a56ac7d3
1422,hyena/cropped_images/head/bbbaafbc-3889-4d6f-843b-d58fb94fb07c/train2022_000000002932_head.jpg,train2022_000000002932,head,0,False,box_center,2,0.76953125,0.6239816293929712,
1423,hyena/cropped_images/head/bbbaafbc-3889-4d6f-843b-d58fb94fb07c/train2022_000000002986_head.jpg,train2022_000000002986,head,0,True,center,0,0.9921875,0.5349832984018863,8bb7d7fd6a79443cc9021637bfef14464deccccae54f7401cea6f500e89f9c60
1424,hyena/cropped_images/head/bc95fccf-3431-4dee-b23f-c0a10f19b05c/train2022_000000002120_head.jpg,train2022_000000002120,head,0,True,center,0,0.94921875,0.5018272758541619,26c107d5ccf2bda755360bfbcc32e0ba3ed76de8f0674af50b9f29a5ac763c30
1425,hyena/cropped_images/head/bc95fccf-3431-4dee-b23f-c0a10f19b05c/train2022_000000002159_head.jpg,train2022_000000002159,head,0,True,center,0,0.98046875,0.6331717266807876,d237613b03d505a5cadd9a0a75da7f95ea45a55a9da5d17264bbf524eab15357
1426,hyena/cropped_images/head/bc95fccf-3431-4dee-b23f-c0a10f19b05c/train2022_000000002327_head.jpg,train2022_000000002327,head,0,True,box_center,2,0.9609375,0.6033408127648965,3951c220caa9ab529c882daa04affea0ebb974d5a2a91170c16e854c29e23b91
1427,hyena/cropped_images/head/bfa8b15b-15b7-4f41-b44e-fdec1e1bb74c/train2022_000000000974_head.jpg,train2022_000000000974,head,0,False,box_center,0,0.7734375,0.8985057616816513,
1428,hyena/cropped_images/head/bfa8b15b-15b7-4f41-b44e-fdec1e1bb74c/train2022_000000001016_head.jpg,train2022_000000001016,head,0,True,center,0,0.94921875,0.7142565294023394,643fa98fdca48d72525eca6d911e0e0d623b2f162562312e3bf6576d3ab9edfe
1429,hyena/cropped_images/head/bfa8b15b-15b7-4f41-b44e-fdec1e1bb74c/train2022_000000001856_head.jpg,train2022_000000001856,head,0,False,box_center,2,0.8359375,0.4928979115319756,
1430,hyena/cropped_images/head/bfab3e8b-c8a4-40d7-9a55-ad0e9c744283/train2022_000000000719_head.jpg,train2022_000000000719,head,0,True,center,2,0.9453125,0.5602912676698586,00fc80d71702d5d620fb5c051fcd0589a22758490c56e49dc852f9754159d7b9
1431,hyena/cropped_images/head/bfab3e8b-c8a4-40d7-9a55-ad0e9c744283/train2022_000000000970_head.jpg,train2022_000000000970,head,0,False,center,0,0.83984375,0.8951966394740046,
1432,hyena/cropped_images/head/bfab3e8b-c8a4-40d7-9a55-ad0e9c744283/train2022_000000003023_head.jpg,train2022_000000003023,head,0,True,center,0,0.9140625,0.4713288456743954,92c0a391e50b1e447a09c215b7fad8e9662344b426ca755078e8a29a8fb6c740
1433,hyena/cropped_images/head/bff16f45-9acf-4eac-8d62-52b1fefb9e0f/train2022_000000000534_head.jpg,train2022_000000000534,head,0,True,box_center,2,0.94921875,0.6105280946345585,057766f0527870b952f27b8873fddf8de78db9d96f4e15cc4967d4f17ae805d9
1434,hyena/cropped_images/head/bff16f45-9acf-4eac-8d62-52b1fefb9e0f/train2022_000000000689_head.jpg,train2022_000000000689,head,0,True,center,0,0.9765625,0.5354753083006139,f8e15afcf873cb166552472ade5bbbb54f6fccdf3dacd9dc9e1531907244c2a7
1435,hyena/cropped_images/head/bff16f45-9acf-4eac-8d62-52b1fefb9e0f/train2022_000000000773_head.jpg,train2022_000000000773,head,0,True,box_center,2,0.93359375,0.655180121948592,bd91d2479adff8934d21e6cfb617bcbbdb912097014319f4349acc0dd7f32a8d
1436,hyena/cropped_images/head/bff16f45-9acf-4eac-8d62-52b1fefb9e0f/train2022_000000000908_head.jpg,train2022_000000000908,head,0,True,center,2,0.95703125,0.8573949724517906,8060956400844f80d7e4d194f7fedd7c4d758ea69daa899f2406e411ee712bff
1437,hyena/cropped_images/head/bff16f45-9acf-4eac-8d62-52b1fefb9e0f/train2022_000000001672_head.jpg,train2022_000000001672,head,0,True,center,2,0.94140625,0.49129121892813843,7081ff8657d8446ce1a8a0d926d29bf4fc07bac4636b7e086754776f03bfcf68
1438,hyena/cropped_images/head/bff16f45-9acf-4eac-8d62-52b1fefb9e0f/train2022_000000001759_head.jpg,train2022_000000001759,head,0,True,center,0,0.984375,0.6236176470588235,e3cc666ca5c197e54e0c10fde3f5c328a3d46be07a080f4818a0fbfcfb2e6e99
1439,hyena/cropped_images/head/bff16f45-9acf-4eac-8d62-52b1fefb9e0f/train2022_000000001972_head.jpg,train2022_000000001972,head,0,True,center,2,0.9375,0.5567765567765568,96fd8f7baf19e5450779fa1a6eb0da09feb98d260f1f45c3f183597ba7749c0e
1440,hyena/cropped_images/head/bff16f45-9acf-4eac-8d62-52b1fefb9e0f/train2022_000000002213_head.jpg,train2022_000000002213,head,0,True,center,0,0.96875,0.7288517608517608,9878ddde8852bb9d9642bb1303846054675283822392778532cee33de26bd108
1441,hyena/cropped_images/head/bff16f45-9acf-4eac-8d62-52b1fefb9e0f/train2022_000000002699_head.jpg,train2022_000000002699,head,0,False,box_center,2,0.8125,0.6498550724637682,
1442,hyena/cropped_images/head/c1593d0b-5f78-4f62-8304-932d7fbcc9fe/train2022_000000000732_head.jpg,train2022_000000000732,head,0,True,center,0,0.9375,0.6312893081761006,e776bcea2a9293e998775de4b5acafb179fa4e5a55e73ed0c66b97b56e0e5a39
1443,hyena/cropped_images/head/c1593d0b-5f78-4f62-8304-932d7fbcc9fe/train2022_000000001136_head.jpg,train2022_000000001136,head,0,True,center,0,0.93359375,0.859603789836348,a3cf28dfadb5ec402d271109b53c22b8453b3a0170692cca7cb0418b8fc6b341
1444,hyena/cropped_images/head/c1593d0b-5f78-4f62-8304-932d7fbcc9fe/train2022_000000001985_head.jpg,train2022_000000001985,head,0,True,center,0,0.98046875,0.5035495223730518,76ffc740c9c61b388778db7570b0f75219132fb7171ce1472a0d4b01b39a4bd8
1445,hyena/cropped_images/head/c1593d0b-5f78-4f62-8304-932d7fbcc9fe/train2022_000000002058_head.jpg,train2022_000000002058,head,0,True,center,0,0.98046875,0.5758138417765953,0c44b0e9bf9ff7703816db096fa69290a33467382d01d5a78bef412fb1baae4e
1446,hyena/cropped_images/head/c1593d0b-5f78-4f62-8304-932d7fbcc9fe/train2022_000000002504_head.jpg,train2022_000000002504,head,0,True,center,2,0.95703125,0.5581466666666667,6571a8f5eea750f18a4cc1916277a723cf78e24aeebf86e92da3b932ee526abd
1447,hyena/cropped_images/head/c273c534-7efa-4da8-bdba-6fdb44d92fed/train2022_000000001334_head.jpg,train2022_000000001334,head,0,True,box_center,2,0.9296875,0.5888684046530951,8edbca8995e598f56af150809d3aac6eb689565ef52813933011830f9ab916d8
1448,hyena/cropped_images/head/c273c534-7efa-4da8-bdba-6fdb44d92fed/train2022_000000001740_head.jpg,train2022_000000001740,head,0,True,box_center,0,0.91015625,0.8947732300884956,17707c917e2cce3d6cc0277235cda4d82ce0dcd32f88240ee1ddd281493a631d
1449,hyena/cropped_images/head/c273c534-7efa-4da8-bdba-6fdb44d92fed/train2022_000000001811_head.jpg,train2022_000000001811,head,0,True,center,0,0.98046875,0.5991811395490555,c15c731751ff5fd3677db871af15a660c672faf6a6165c10ec3898ca9a11bda2
1450,hyena/cropped_images/head/c273c534-7efa-4da8-bdba-6fdb44d92fed/train2022_000000003062_head.jpg,train2022_000000003062,head,0,True,center,0,0.98046875,0.7767290167865707,6460233024a97107cd4da59c3b8e32ca29ee7a9a996d37aca92bea5c99fbba2e
1451,hyena/cropped_images/head/c3835fcb-41e1-4d3a-877c-ca359a7c4e74/train2022_000000000025_head.jpg,train2022_000000000025,head,0,True,box_center,2,0.8515625,0.5532174996648027,cc7ad41afe5caef0744c014199ef808847c47e9ffa161caca0be5a902f1df3a6
1452,hyena/cropped_images/head/c3835fcb-41e1-4d3a-877c-ca359a7c4e74/train2022_000000000038_head.jpg,train2022_000000000038,head,0,True,center,2,0.92578125,0.5624802573852004,416562099efaf5f346c108fc2bbeff1bf89342a9747e1de2e2a004048440f9b9
1453,hyena/cropped_images/head/c3835fcb-41e1-4d3a-877c-ca359a7c4e74/train2022_000000000409_head.jpg,train2022_000000000409,head,0,False,box_center,2,0.84765625,0.8106374693634468,
1454,hyena/cropped_images/head/c3835fcb-41e1-4d3a-877c-ca359a7c4e74/train2022_000000000663_head.jpg,train2022_000000000663,head,0,True,box_center,2,0.87890625,0.551497559886447,50ef08faf097c98cb5a1ee5564785d1956c8938c563749c19f43cde0e0c66d28
1455,hyena/cropped_images/head/c3835fcb-41e1-4d3a-877c-ca359a7c4e74/train2022_000000000921_head.jpg,train2022_000000000921,head,0,True,box_center,2,0.88671875,0.6028384805249534,290753271981f621913d57731b159d64c455b85c7dca0d80a52bc55711576208
1456,hyena/cropped_images/head/c3835fcb-41e1-4d3a-877c-ca359a7c4e74/train2022_000000001078_head.jpg,train2022_000000001078,head,0,True,center,0,0.8828125,0.760686379653746,70a7837af6584e5547b354a43b087178b5a61bb5da56a4425ae611081b80db5e
1457,hyena/cropped_images/head/c3835fcb-41e1-4d3a-877c-ca359a7c4e74/train2022_000000001481_head.jpg,train2022_000000001481,head,0,True,center,2,0.890625,0.5767668029778756,b86926cd1ff60115b56941f1b74976474cfe561ff32101b0d1f42754d1eb8e88
1458,hyena/cropped_images/head/c3835fcb-41e1-4d3a-877c-ca359a7c4e74/train2022_000000001527_head.jpg,train2022_000000001527,head,0,True,center,0,0.95703125,0.8423227447007172,b82786b2cbd05dc448e1be842b7ce9b3e7118d339cccf62159c139e5fa1427fc
1459,hyena/cropped_images/head/c3835fcb-41e1-4d3a-877c-ca359a7c4e74/train2022_000000002107_head.jpg,train2022_000000002107,head,0,False,box_center,0,0.84765625,0.8729807557241186,
1460,hyena/cropped_images/head/c3835fcb-41e1-4d3a-877c-ca359a7c4e74/train2022_000000002183_head.jpg,train2022_000000002183,head,0,False,center,2,0.83984375,0.7219141225565561,
1461,hyena/cropped_images/head/c3835fcb-41e1-4d3a-877c-ca359a7c4e74/train2022_000000002271_head.jpg,train2022_000000002271,head,0,False,box_center,2,0.76953125,0.6097338666546142,
1462,hyena/cropped_images/head/c3835fcb-41e1-4d3a-877c-ca359a7c4e74/train2022_000000002587_head.jpg,train2022_000000002587,head,0,True,center,2,0.89453125,0.5258333333333334,49a6bd35f87240a7c6fe76e2613fae66bb1cc1fc94627e30bbdc67321fbe7f8c
1463,hyena/cropped_images/head/c3835fcb-41e1-4d3a-877c-ca359a7c4e74/train2022_000000002873_head.jpg,train2022_000000002873,head,0,False,box_center,2,0.81640625,0.8132842563158775,
1464,hyena/cropped_images/head/c5c66d36-d1a6-412e-8289-0b5d8b275be9/train2022_000000000417_head.jpg,train2022_000000000417,head,0,True,center,2,0.9609375,0.6191674040365736,960561e5aaf22d8f5356785127f506d7d89d95b044e4df6aa6470febd664b56d
1465,hyena/cropped_images/head/c5c66d36-d1a6-412e-8289-0b5d8b275be9/train2022_000000000454_head.jpg,train2022_000000000454,head,0,False,box_center,0,0.7421875,0.8594476098112902,
1466,hyena/cropped_images/head/c5c66d36-d1a6-412e-8289-0b5d8b275be9/train2022_000000000607_head.jpg,train2022_000000000607,head,0,True,box_center,0,0.91796875,0.7093337000312189,968468b9cd40864537ad84d140a3155d43c8b7e3e64a04cd7e7ec449398ce20e
1467,hyena/cropped_images/head/c5c66d36-d1a6-412e-8289-0b5d8b275be9/train2022_000000001566_head.jpg,train2022_000000001566,head,0,True,box_center,0,0.875,0.8263127578422979,b57efd51e1fc7fb13fb83e445ec70a4f58e02e2a83f8d020a6e20ec12922f047
1468,hyena/cropped_images/head/c5c66d36-d1a6-412e-8289-0b5d8b275be9/train2022_000000001946_head.jpg,train2022_000000001946,head,0,False,box_center,2,0.73046875,0.6328148148148148,
1469,hyena/cropped_images/head/c6241bf0-3991-48e7-862b-052e4c1eef69/train2022_000000000462_head.jpg,train2022_000000000462,head,0,True,center,2,0.9375,0.4476117103235747,bff9c1c2aa64bb90dbeebddbbc6daa8e8fa71cc50d77026a2ed5e97ca6d19133
1470,hyena/cropped_images/head/c6241bf0-3991-48e7-862b-052e4c1eef69/train2022_000000000480_head.jpg,train2022_000000000480,head,0,True,center,0,0.98046875,0.5756986136535286,47ff7a559b8d2b34b2e754e38a9f8c09322f45bb643baef9902a981d5cd3c160
1471,hyena/cropped_images/head/c6241bf0-3991-48e7-862b-052e4c1eef69/train2022_000000001241_head.jpg,train2022_000000001241,head,0,True,center,2,0.9375,0.5170352426349926,c63d1eda06b0eb0e6354516257e9f85bb81a3dd121fbb3b24001a2b6ea6fecb4
1472,hyena/cropped_images/head/c6241bf0-3991-48e7-862b-052e4c1eef69/train2022_000000001765_head.jpg,train2022_000000001765,head,0,True,center,2,0.98046875,0.6572516359309934,43c5f15a31bb203014b680137be1032a11f8e3a89e9d4745785d5d4c56ca2d12
1473,hyena/cropped_images/head/c6241bf0-3991-48e7-862b-052e4c1eef69/train2022_000000002087_head.jpg,train2022_000000002087,head,0,True,center,0,0.9921875,0.7017624645610994,e64f5844b6a4b04d12f6f87ae8a4244c689b1e42df775c8622834617714276fb
1474,hyena/cropped_images/head/c6241bf0-3991-48e7-862b-052e4c1eef69/train2022_000000002741_head.jpg,train2022_000000002741,head,0,True,center,0,0.9765625,0.6597157614449328,6df9bb8b2344829b5cd04bda74da5411e4d8e64424d37dc377d67afd667286f3
1475,hyena/cropped_images/head/c755133f-a088-47fb-be84-0c36422a9901/train2022_000000000069_head.jpg,train2022_000000000069,head,0,True,center,2,0.92578125,0.7079646017699115,f9702944dc80c25e946f4fed020b47aaacbe1d4cdf5d950fbb23ddd62d3946dc
1476,hyena/cropped_images/head/c755133f-a088-47fb-be84-0c36422a9901/train2022_000000000093_head.jpg,train2022_000000000093,head,0,False,box_center,2,0.765625,0.5230554391844714,
1477,hyena/cropped_images/head/c755133f-a088-47fb-be84-0c36422a9901/train2022_000000000280_head.jpg,train2022_000000000280,head,0,False,center,0,0.84375,0.7332319281471824,
1478,hyena/cropped_images/head/c755133f-a088-47fb-be84-0c36422a9901/train2022_000000000477_head.jpg,train2022_000000000477,head,0,False,box_center,2,0.7734375,0.6420038535645473,
1479,hyena/cropped_images/head/c755133f-a088-47fb-be84-0c36422a9901/train2022_000000000525_head.jpg,train2022_000000000525,head,0,True,center,0,0.94140625,0.728319209039548,54badfe805a6cbddebe6583ef628faf9cca077526e12509b23341683700bccb5
1480,hyena/cropped_images/head/c755133f-a088-47fb-be84-0c36422a9901/train2022_000000000621_head.jpg,train2022_000000000621,head,0,True,center,0,0.953125,0.8072588052618342,4d064792c174fa809e8c04d544dd8b4fceadaf472ee7a7bbce3c2eefe1d017c6
1481,hyena/cropped_images/head/c755133f-a088-47fb-be84-0c36422a9901/train2022_000000000897_head.jpg,train2022_000000000897,head,0,True,center,0,0.953125,0.7708003378735087,2635806da2e8d1fe422e5aca48b2fab237dbe7817a1a2fcd2b68b5aa1ebee590
1482,hyena/cropped_images/head/c755133f-a088-47fb-be84-0c36422a9901/train2022_000000001012_head.jpg,train2022_000000001012,head,0,True,center,0,0.9609375,0.6324097655220866,89d1c43d7f177b862d7e8c3e4c88f94d7c8703ebd18a9529e097e4d107279a4c
1483,hyena/cropped_images/head/c755133f-a088-47fb-be84-0c36422a9901/train2022_000000001614_head.jpg,train2022_000000001614,head,0,False,box_center,2,0.734375,0.6233406406040677,
1484,hyena/cropped_images/head/c755133f-a088-47fb-be84-0c36422a9901/train2022_000000001642_head.jpg,train2022_000000001642,head,0,True,box_center,2,0.9609375,0.6263486286234239,07654216f6704720d22120bf8c383056fc8895d4216f4b7fc393a393f0c262e2
1485,hyena/cropped_images/head/c755133f-a088-47fb-be84-0c36422a9901/train2022_000000001644_head.jpg,train2022_000000001644,head,0,False,box_center,2,0.73828125,0.6566814814814815,
1486,hyena/cropped_images/head/c755133f-a088-47fb-be84-0c36422a9901/train2022_000000001728_head.jpg,train2022_000000001728,head,0,False,box_center,0,0.83984375,0.8432323232323232,
1487,hyena/cropped_images/head/c755133f-a088-47fb-be84-0c36422a9901/train2022_000000001800_head.jpg,train2022_000000001800,head,0,False,box_center,2,0.7578125,0.6080219187926698,
1488,hyena/cropped_images/head/c755133f-a088-47fb-be84-0c36422a9901/train2022_000000001835_head.jpg,train2022_000000001835,head,0,False,box_center,2,0.75,0.6689856294578546,
1489,hyena/cropped_images/head/c755133f-a088-47fb-be84-0c36422a9901/train2022_000000002071_head.jpg,train2022_000000002071,head,0,True,box_center,0,0.859375,0.8073541167066347,9b31ddf592ce755acb409d45bab25a6b30bf4807bfd9d825d8fc74c5d5e3d8c8
1490,hyena/cropped_images/head/c755133f-a088-47fb-be84-0c36422a9901/train2022_000000002329_head.jpg,train2022_000000002329,head,0,False,center,2,0.79296875,0.41849329975437616,
1491,hyena/cropped_images/head/c755133f-a088-47fb-be84-0c36422a9901/train2022_000000002505_head.jpg,train2022_000000002505,head,0,True,box_center,0,0.86328125,0.891207729468599,facf6b06b2a90f1e53c8d80719646e1f14942f61ee8b2d9abebb6371ff124ec3
1492,hyena/cropped_images/head/c755133f-a088-47fb-be84-0c36422a9901/train2022_000000002536_head.jpg,train2022_000000002536,head,0,True,center,2,0.921875,0.5066915842777912,c9068342298ef108d6521bd9946fec2e9d053ce891080500e6daaff1e836b4d3
1493,hyena/cropped_images/head/c755133f-a088-47fb-be84-0c36422a9901/train2022_000000002684_head.jpg,train2022_000000002684,head,0,True,center,0,0.90625,0.7617687971300974,055f5aa847423cfbf0dfc06b77ab2080fbcdbf180742c57715b396baf64c5376
1494,hyena/cropped_images/head/c7fc642b-3a46-4bda-ac76-abcbffdf2260/train2022_000000000088_head.jpg,train2022_000000000088,head,0,False,box_center,0,0.77734375,0.834855109739369,
1495,hyena/cropped_images/head/c7fc642b-3a46-4bda-ac76-abcbffdf2260/train2022_000000001366_head.jpg,train2022_000000001366,head,0,True,center,0,0.97265625,0.5594187260369745,c0bcee22696b9767232619575abd170cb4161984c1368fc92724510e9d9187b7
1496,hyena/cropped_images/head/c7fc642b-3a46-4bda-ac76-abcbffdf2260/train2022_000000001516_head.jpg,train2022_000000001516,head,0,True,box_center,2,0.92578125,0.5714561230150474,3f7cea2d624275cde228d529ec8de6b3c07e80190bc8d39c3b81f06f3cbfc148
1497,hyena/cropped_images/head/c7fc642b-3a46-4bda-ac76-abcbffdf2260/train2022_000000002245_head.jpg,train2022_000000002245,head,0,True,center,0,0.9375,0.7125681239642595,f9ffbbccd3b81f3436c626836fe09b8c9e550b9b4d948291c71dc78ef2ed1ec8
1498,hyena/cropped_images/head/c7fc642b-3a46-4bda-ac76-abcbffdf2260/train2022_000000002802_head.jpg,train2022_000000002802,head,0,True,box_center,0,0.8984375,0.8316813697105941,669973f828cc053aef8e8dee8962956170fa853cd0059c82eb290a912ebc024d
1499,hyena/cropped_images/head/c7fc642b-3a46-4bda-ac76-abcbffdf2260/train2022_000000002867_head.jpg,train2022_000000002867,head,0,True,box_center,2,0.94140625,0.5584429251454891,f3b15f1138dc32d506299a0d666685f7e8ceee9f1aeb60abcacc7a29e1543949
1500,hyena/cropped_images/head/c7fc642b-3a46-4bda-ac76-abcbffdf2260/train2022_000000003048_head.jpg,train2022_000000003048,head,0,True,box_center,2,0.9296875,0.5827235359392339,17151e6077644ad10bd9bc778777bb91d5ae2193afeb63d9be25e98959ce5f15
1501,hyena/cropped_images/head/c9b45bc0-1fd5-4ce9-8421-6372800eb59b/train2022_000000001239_head.jpg,train2022_000000001239,head,0,True,center,2,0.9453125,0.5472672817544071,8760af2c4e987d50625924dda153dad6533f0f241cc598fbc924d2bbff9b4919
1502,hyena/cropped_images/head/c9c4d9d7-11c7-4b16-91f7-f554f081e639/train2022_000000001269_head.jpg,train2022_000000001269,head,0,True,center,0,0.96875,0.5878971976532952,4a4a43fc1b21ea48d03b9ffadf70a7f52784a7e2b5422fb6208db61d1729f33f
1503,hyena/cropped_images/head/c9c4d9d7-11c7-4b16-91f7-f554f081e639/train2022_000000002823_head.jpg,train2022_000000002823,head,0,True,center,0,0.94140625,0.610790440141603,ae5445bcc41f75bd60a7f83eedb3c2654369700810a9b5d9398eefbbdef7fab0
1504,hyena/cropped_images/head/c9c4d9d7-11c7-4b16-91f7-f554f081e639/train2022_000000003012_head.jpg,train2022_000000003012,head,0,True,box_center,2,0.95703125,0.5702131327185195,f6557707b122b8451a70b365e93d0ce211cc2d7b5c7d4c1c464e360c270d3edb
1505,hyena/cropped_images/head/cc198eff-cbca-4c78-8e28-00592ef701f7/train2022_000000000737_head.jpg,train2022_000000000737,head,0,True,center,2,0.91796875,0.6245207422743655,d7ae98d3706d0bd0028d221f7a68e8f249a2728bbf010e5cf46b0fd5589b9bf5
1506,hyena/cropped_images/head/cc198eff-cbca-4c78-8e28-00592ef701f7/train2022_000000001331_head.jpg,train2022_000000001331,head,0,True,center,2,0.9765625,0.5841495552035096,6e637b14b39363358a3d5685814b6de112c3474468af697ad51e013de6d21fea
1507,hyena/cropped_images/head/cc198eff-cbca-4c78-8e28-00592ef701f7/train2022_000000001360_head.jpg,train2022_000000001360,head,0,False,box_center,0,0.75390625,0.7644790220988577,
1508,hyena/cropped_images/head/cc198eff-cbca-4c78-8e28-00592ef701f7/train2022_000000001655_head.jpg,train2022_000000001655,head,0,True,center,0,0.95703125,0.6482764259549973,acada6abc8fdcd31905e83f53947156446389f970b199eadc5f557aec273c2c4
1509,hyena/cropped_images/head/cc198eff-cbca-4c78-8e28-00592ef701f7/train2022_000000002656_head.jpg,train2022_000000002656,head,0,True,center,0,0.98828125,0.7194852941176471,d738d16a6b184690e2b0e783022633189ceeb1f332f9e807cf8b73b707833f13
1510,hyena/cropped_images/head/cc198eff-cbca-4c78-8e28-00592ef701f7/train2022_000000002950_head.jpg,train2022_000000002950,head,0,True,box_center,0,0.875,0.8921538725480852,bb2d8f2fd04305ebfb2c2e75ed71df150f33847aa77fbee637d2935478648b28
1511,hyena/cropped_images/head/ccf6e18f-f6bb-4cd7-8166-31a1a8cce2ce/train2022_000000002053_head.jpg,train2022_000000002053,head,0,True,center,2,0.95703125,0.6682905347070693,0c2bee3d07c29c213041ef2f3922111aa7e7efce6ea013eced3bc5ad0851b8aa
1512,hyena/cropped_images/head/ccf6e18f-f6bb-4cd7-8166-31a1a8cce2ce/train2022_000000002100_head.jpg,train2022_000000002100,head,0,True,box_center,0,0.94140625,0.859887560304032,5f5dce8c3c579ca6c9f6eeecb7f286a7a6cf5750d3e6a525d5097d97f80634b8
1513,hyena/cropped_images/head/ccf6e18f-f6bb-4cd7-8166-31a1a8cce2ce/train2022_000000002103_head.jpg,train2022_000000002103,head,0,True,box_center,2,0.86328125,0.7585755059678256,074c2bb6810c54d8b5a670edce011eee2d5aff26bf2d9126de72d64824ddc22f
1514,hyena/cropped_images/head/cd551358-32f0-45dd-8199-029eca63fa81/train2022_000000002006_head.jpg,train2022_000000002006,head,0,False,box_center,2,0.80078125,0.7054766734279919,
1515,hyena/cropped_images/head/cec93868-770e-44c5-8bbd-097be098f498/train2022_000000000343_head.jpg,train2022_000000000343,head,0,True,box_center,2,0.91015625,0.6045565749235474,c0b4aebbd16985848f4a6a64df2f2cf02312305691610230a3c9575735988727
1516,hyena/cropped_images/head/cec93868-770e-44c5-8bbd-097be098f498/train2022_000000000864_head.jpg,train2022_000000000864,head,0,True,box_center,2,0.953125,0.6893988041725531,39007d9dda6b8d264ff2d8423fd9140c32f5087eb2c2d64f3ad1a68e74aa75b6
1517,hyena/cropped_images/head/cec93868-770e-44c5-8bbd-097be098f498/train2022_000000001044_head.jpg,train2022_000000001044,head,0,False,box_center,2,0.828125,0.7196979621976347,
1518,hyena/cropped_images/head/cec93868-770e-44c5-8bbd-097be098f498/train2022_000000001132_head.jpg,train2022_000000001132,head,0,True,center,2,0.95703125,0.8001842815614618,a158986c4c51083344d63ecb394d1911ac3b7b2d090a164501cf746057303af0
1519,hyena/cropped_images/head/cec93868-770e-44c5-8bbd-097be098f498/train2022_000000001169_head.jpg,train2022_000000001169,head,0,False,box_center,2,0.84765625,0.6570806499467686,
1520,hyena/cropped_images/head/cec93868-770e-44c5-8bbd-097be098f498/train2022_000000001211_head.jpg,train2022_000000001211,head,0,True,box_center,0,0.87890625,0.8610481948228883,da02bd1deb3b956f996db10c41037380c7ad06b387a8e9e44271b851fd69fdcf
1521,hyena/cropped_images/head/cefe7503-7a7b-4573-b0a1-465cb3580565/train2022_000000000892_head.jpg,train2022_000000000892,head,0,False,box_center,2,0.58984375,0.3576554549659684,
1522,hyena/cropped_images/head/cefe7503-7a7b-4573-b0a1-465cb3580565/train2022_000000001371_head.jpg,train2022_000000001371,head,0,True,center,0,0.87890625,0.6588004895960833,72dedcde6cf5445d5b39f0c280b35a8d99e20e5b7ef021e317b7032bd6733cf1
1523,hyena/cropped_images/head/cefe7503-7a7b-4573-b0a1-465cb3580565/train2022_000000001939_head.jpg,train2022_000000001939,head,0,True,box_center,0,0.8671875,0.8573525167992745,2d9c6a65d969dacbef80d3ab9e63b175e69018c1026bc93c488041878c38bbd7
1524,hyena/cropped_images/head/cefe7503-7a7b-4573-b0a1-465cb3580565/train2022_000000002863_head.jpg,train2022_000000002863,head,0,False,center,0,0.7734375,0.4919149115594628,
1525,hyena/cropped_images/head/cefe7503-7a7b-4573-b0a1-465cb3580565/train2022_000000003086_head.jpg,train2022_000000003086,head,0,False,box_center,2,0.82421875,0.7093501282641584,
1526,hyena/cropped_images/head/cf07567a-7a4f-42a1-86f3-0cc569dcefae/train2022_000000000949_head.jpg,train2022_000000000949,head,0,True,center,0,0.94140625,0.7192996068694393,19254419dd9924e5fc636f9c95064ef985f8c087255af64e53b16f9b9e3ee70f
1527,hyena/cropped_images/head/cf07567a-7a4f-42a1-86f3-0cc569dcefae/train2022_000000002069_head.jpg,train2022_000000002069,head,0,True,center,0,0.98046875,0.5991311612364244,08a3f784ad396c48e4f1fbe1260ac05a1436f5786d90df260548bd78e23ef3ed
1528,hyena/cropped_images/head/cf22e101-9fef-48d5-9b40-a9a143c96a92/train2022_000000000190_head.jpg,train2022_000000000190,head,0,True,box_center,2,0.890625,0.8703982013852235,889861c3fcbe37c513410732b689732f6f5c8dc75ac0f94c9393d3de2a7db907
1529,hyena/cropped_images/head/cf22e101-9fef-48d5-9b40-a9a143c96a92/train2022_000000000265_head.jpg,train2022_000000000265,head,0,False,box_center,2,0.82421875,0.6951262497233462,
1530,hyena/cropped_images/head/cf22e101-9fef-48d5-9b40-a9a143c96a92/train2022_000000001225_head.jpg,train2022_000000001225,head,0,True,box_center,0,0.91796875,0.8722734054170448,920c760f46b3765a92aa87c083cafe0ba84b8e16b25f2cb0c5196286a0a27fb9
1531,hyena/cropped_images/head/cf22e101-9fef-48d5-9b40-a9a143c96a92/train2022_000000001275_head.jpg,train2022_000000001275,head,0,False,box_center,2,0.71484375,0.5901506343177532,
1532,hyena/cropped_images/head/d0d01842-f151-46dd-85e8-e7f141de39ef/train2022_000000001532_head.jpg,train2022_000000001532,head,0,True,box_center,2,0.8671875,0.746412173684901,94f8c9b25a71226f630082656e77d2bae32071d4098d967d582225980849343b
1533,hyena/cropped_images/head/d0d01842-f151-46dd-85e8-e7f141de39ef/train2022_000000001880_head.jpg,train2022_000000001880,head,0,True,box_center,2,0.96484375,0.6105779790988388,f5840e9375df18b4290b562a7cd634c84630ead89e500b65952349f03c29f0b6
1534,hyena/cropped_images/head/d0d01842-f151-46dd-85e8-e7f141de39ef/train2022_000000002686_head.jpg,train2022_000000002686,head,0,True,center,0,0.96484375,0.7311684582738426,788902b0d4d5b120fdda96001167d0eef941e8151d96239489038b11835a98c5
1535,hyena/cropped_images/head/d0d01842-f151-46dd-85e8-e7f141de39ef/train2022_000000002853_head.jpg,train2022_000000002853,head,0,True,center,2,0.984375,0.6503645687645687,914fcd8aa84dfb8de930b85f602aa7ffc7812c4eb38e052e3cdc238256e3252e
1536,hyena/cropped_images/head/d11e7615-c86e-40f5-bf09-41cc4e39f863/train2022_000000001043_head.jpg,train2022_000000001043,head,0,True,box_center,0,0.8515625,0.8301490212435926,3ae24f549f197f9f506780298c26158ea5aa95f56e037aa7160d602503607677
1537,hyena/cropped_images/head/d11e7615-c86e-40f5-bf09-41cc4e39f863/train2022_000000001987_head.jpg,train2022_000000001987,head,0,False,box_center,2,0.828125,0.68609268707483,
1538,hyena/cropped_images/head/d11e7615-c86e-40f5-bf09-41cc4e39f863/train2022_000000002305_head.jpg,train2022_000000002305,head,0,False,box_center,2,0.84375,0.6939722724532851,
1539,hyena/cropped_images/head/d395c979-0cc5-456a-bbb3-c71f42849a88/train2022_000000001185_head.jpg,train2022_000000001185,head,0,True,center,2,0.94921875,0.40338348694894655,e2b6df4b20a9ea86109b369a9ca4e12b1660f2bfc35f3334ac246d1b3239ee9f
1540,hyena/cropped_images/head/d395c979-0cc5-456a-bbb3-c71f42849a88/train2022_000000001681_head.jpg,train2022_000000001681,head,0,False,box_center,2,0.8359375,0.4632387134736023,
1541,hyena/cropped_images/head/d395c979-0cc5-456a-bbb3-c71f42849a88/train2022_000000002185_head.jpg,train2022_000000002185,head,0,True,box_center,2,0.86328125,0.5688322717622081,54fff400bc9dae48842378ea2e951d31b34400bcde9d19f983f3183c5d93ab5a
1542,hyena/cropped_images/head/d395c979-0cc5-456a-bbb3-c71f42849a88/train2022_000000002683_head.jpg,train2022_000000002683,head,0,True,center,0,0.9765625,0.618673835125448,c6427f7922b0f206fb258cf5cdca1f192ef4906d8c71987c400dd1bad642360b
1543,hyena/cropped_images/head/d395c979-0cc5-456a-bbb3-c71f42849a88/train2022_000000002734_head.jpg,train2022_000000002734,head,0,True,center,2,0.9765625,0.44245354569586653,6df5bf7b748262b91a333c14b2004dea1f3dbfa37a35671a06f558ce2789539d
1544,hyena/cropped_images/head/d3977dfd-d0f9-4318-8ea9-f7c337898633/train2022_000000000870_head.jpg,train2022_000000000870,head,0,True,center,0,0.9609375,0.8011575364572636,e81cc1d51aa16be67e6654c6e5d0b5fa15c1bf6da7659e8f6982f0ee2e3fd443
1545,hyena/cropped_images/head/d3977dfd-d0f9-4318-8ea9-f7c337898633/train2022_000000001551_head.jpg,train2022_000000001551,head,0,True,box_center,0,0.890625,0.5858191131714108,d637fcf38feb78def49614de2b9f671bdae809dd20d44b71ed79d683047164f0
1546,hyena/cropped_images/head/d3977dfd-d0f9-4318-8ea9-f7c337898633/train2022_000000001694_head.jpg,train2022_000000001694,head,0,True,box_center,0,0.9375,0.6104394649991315,0bd26a1286e42b50a6ed5104a30e68cc7f3e0bdb8e2d90466c9ffd0b30123f42
1547,hyena/cropped_images/head/d3977dfd-d0f9-4318-8ea9-f7c337898633/train2022_000000001753_head.jpg,train2022_000000001753,head,0,True,box_center,2,0.8515625,0.5790163482099745,cb2ec5e85112b866d57c34106c71f2529fbc976352d7d5b421cf62bb0f9c12c8
1548,hyena/cropped_images/head/d3977dfd-d0f9-4318-8ea9-f7c337898633/train2022_000000002037_head.jpg,train2022_000000002037,head,0,True,center,0,0.96484375,0.6808612025645469,a797491bc3f3c178e9ed52351757bddc315e21076ef71f5d58c34aacdf56cba6
1549,hyena/cropped_images/head/d3977dfd-d0f9-4318-8ea9-f7c337898633/train2022_000000002136_head.jpg,train2022_000000002136,head,0,True,center,0,0.890625,0.7540105342362678,f88c6529c7c8b8ba98fe7bb8aa5e1e71e2ae0e9df46605bd3589dd0221710cc0
1550,hyena/cropped_images/head/d3977dfd-d0f9-4318-8ea9-f7c337898633/train2022_000000002295_head.jpg,train2022_000000002295,head,0,False,box_center,2,0.84375,0.7683647621728117,
1551,hyena/cropped_images/head/d548ac7d-62f0-48cb-a8eb-4b7e0a5191b4/train2022_000000000313_head.jpg,train2022_000000000313,head,0,True,center,2,0.98828125,0.7382486327864479,a7120283216f38940261893aedb22f1247104d814c6d798984af23f1f6b284be
1552,hyena/cropped_images/head/d548ac7d-62f0-48cb-a8eb-4b7e0a5191b4/train2022_000000000639_head.jpg,train2022_000000000639,head,0,True,box_center,2,0.87890625,0.46509721966111417,197542bef95bee4371ed683ccaed6c07d8d95aa0c7616d885b348f6cbeba948e
1553,hyena/cropped_images/head/d548ac7d-62f0-48cb-a8eb-4b7e0a5191b4/train2022_000000001207_head.jpg,train2022_000000001207,head,0,False,box_center,2,0.76953125,0.6688511578148186,
1554,hyena/cropped_images/head/d548ac7d-62f0-48cb-a8eb-4b7e0a5191b4/train2022_000000002693_head.jpg,train2022_000000002693,head,0,True,center,2,0.9296875,0.6088992549987545,0ec421cb795e0d396aaa7af33d19a8540a2ffb50f39980422deaae305b30ba89
1555,hyena/cropped_images/head/d653ccd7-98af-4641-bdad-47dd2242501a/train2022_000000000295_head.jpg,train2022_000000000295,head,0,True,center,0,0.96484375,0.6599364536989436,961e6d0dd53c25e1dda9d4de775057c9bd758382658299c9a7b1add3edba5576
1556,hyena/cropped_images/head/d653ccd7-98af-4641-bdad-47dd2242501a/train2022_000000001820_head.jpg,train2022_000000001820,head,0,True,center,0,0.9765625,0.6713226215938929,14681fcc7c8a31655348adfcae26f04bc07a06e0ee73e0cd378e89411f94ccc4
1557,hyena/cropped_images/head/d653ccd7-98af-4641-bdad-47dd2242501a/train2022_000000002056_head.jpg,train2022_000000002056,head,0,True,center,0,0.98828125,0.7836313533947151,0437e08d3bdacf239bcc8859d0a3c596a0411344c7ba89f9bf5c89be2221eecb
1558,hyena/cropped_images/head/d68ac804-a792-44c8-af29-a8e80a7848f1/train2022_000000000323_head.jpg,train2022_000000000323,head,0,True,center,0,0.9609375,0.5013546798029557,3626fa41b02e986b6b15aa868fb14e054fef3621bbcaaeba2851838e73b9fa5c
1559,hyena/cropped_images/head/d68ac804-a792-44c8-af29-a8e80a7848f1/train2022_000000002151_head.jpg,train2022_000000002151,head,0,False,box_center,0,0.83203125,0.8879012345679013,
1560,hyena/cropped_images/head/d68ac804-a792-44c8-af29-a8e80a7848f1/train2022_000000002847_head.jpg,train2022_000000002847,head,0,True,center,2,0.98046875,0.5885498058872672,2b144e7227fe00405e89ca90770239abb9a46c32b0460ac1e031afd0153a3360
1561,hyena/cropped_images/head/d7b3e671-bcbe-4fec-8566-16d26bfb12f0/train2022_000000000726_head.jpg,train2022_000000000726,head,0,True,center,0,0.8515625,0.6093569155092593,1b4c04c39c43cdf390b346fac675015232aaed82be883f46629afe43a2c8f674
1562,hyena/cropped_images/head/d7b3e671-bcbe-4fec-8566-16d26bfb12f0/train2022_000000001560_head.jpg,train2022_000000001560,head,0,True,center,2,0.8828125,0.5113431490384616,64937923cf82d0e21df08002a04c9b020891fd39b758a0cf61fbb84039d43287
1563,hyena/cropped_images/head/d7cd8e39-12e4-40a8-b2f7-7c24f291d2aa/train2022_000000000243_head.jpg,train2022_000000000243,head,0,True,center,2,0.96484375,0.5415617807825086,7f1dca4222e5ae446d2f3c2906f20b4f159c82af43df64c2d1573386592e74c0
1564,hyena/cropped_images/head/d7cd8e39-12e4-40a8-b2f7-7c24f291d2aa/train2022_000000000301_head.jpg,train2022_000000000301,head,0,True,center,0,0.98046875,0.5709233682334596,278a0c614e26749fa12d04585952b9d460ec83d70a2bcc69c0ca12745cfbb63e
1565,hyena/cropped_images/head/d7cd8e39-12e4-40a8-b2f7-7c24f291d2aa/train2022_000000000398_head.jpg,train2022_000000000398,head,0,True,center,0,0.95703125,0.5234210526315789,de9c3227978d42cff5f088823195c217fd01072e7ca3d0ce6042eb013e676519
1566,hyena/cropped_images/head/d7cd8e39-12e4-40a8-b2f7-7c24f291d2aa/train2022_000000000516_head.jpg,train2022_000000000516,head,0,True,center,0,0.9609375,0.5276564587401089,48a236d4c642c3cab7c96e3879d24e82e467b6b956d77dea62348f767611354f
1567,hyena/cropped_images/head/d7cd8e39-12e4-40a8-b2f7-7c24f291d2aa/train2022_000000002408_head.jpg,train2022_000000002408,head,0,True,box_center,2,0.86328125,0.6318544809228039,c04b95ffdea0619c3375c06aca073e3388e7220e0bcacced53c57416ccfbae09
1568,hyena/cropped_images/head/d7cd8e39-12e4-40a8-b2f7-7c24f291d2aa/train2022_000000002514_head.jpg,train2022_000000002514,head,0,True,center,0,0.95703125,0.46525249055307455,721d0b51684e1524ec7223997eee40048c0838eac926d4a9475cb0f97df1d5ed
1569,hyena/cropped_images/head/d8653bff-a5e8-4b3a-bffd-a861abad29bf/train2022_000000000114_head.jpg,train2022_000000000114,head,0,True,center,0,0.984375,0.6234111786218216,0972b896ba07bfe44cfcc9f9fcbec429f3c3c1d81924df3e1bf83d4e6a882eb6
1570,hyena/cropped_images/head/d8653bff-a5e8-4b3a-bffd-a861abad29bf/train2022_000000000696_head.jpg,train2022_000000000696,head,0,True,center,0,0.94921875,0.638093554848592,9f3c37112c03ae8f752f57f87a7e0eccad5fad891ac34fc4a078b21480d11d11
1571,hyena/cropped_images/head/d8653bff-a5e8-4b3a-bffd-a861abad29bf/train2022_000000001160_head.jpg,train2022_000000001160,head,0,True,center,0,0.97265625,0.5662970841120154,dbf19339aac27694dfc04ab28211e44fb4ee56f6bb45ac132b7e3efcbbd51e5d
1572,hyena/cropped_images/head/d8653bff-a5e8-4b3a-bffd-a861abad29bf/train2022_000000001302_head.jpg,train2022_000000001302,head,0,False,box_center,2,0.7578125,0.3635503994128772,
1573,hyena/cropped_images/head/d8653bff-a5e8-4b3a-bffd-a861abad29bf/train2022_000000001310_head.jpg,train2022_000000001310,head,0,True,center,0,0.96875,0.6374638253091292,1bab98d1aa60b1e381538a102b69d04ad0f07fc7529961753b6b91388bcb0ac4
1574,hyena/cropped_images/head/d8653bff-a5e8-4b3a-bffd-a861abad29bf/train2022_000000001424_head.jpg,train2022_000000001424,head,0,True,center,0,0.96875,0.5956695084860614,c23c9e5410d14c3cc04ff77f4ef52ac060d2067c2100a828cd8855155eb05e9e
1575,hyena/cropped_images/head/d8653bff-a5e8-4b3a-bffd-a861abad29bf/train2022_000000001474_head.jpg,train2022_000000001474,head,0,False,box_center,0,0.7578125,0.6665529258022361,
1576,hyena/cropped_images/head/d8653bff-a5e8-4b3a-bffd-a861abad29bf/train2022_000000002148_head.jpg,train2022_000000002148,head,0,False,box_center,2,0.765625,0.4155875014850897,
1577,hyena/cropped_images/head/d8653bff-a5e8-4b3a-bffd-a861abad29bf/train2022_000000002252_head.jpg,train2022_000000002252,head,0,True,center,0,0.93359375,0.592797583081571,095ba3b01fb7f4cec7955d6493a2448bcbee4d549b34db3300c9d0b2850ae5b9
1578,hyena/cropped_images/head/d8653bff-a5e8-4b3a-bffd-a861abad29bf/train2022_000000002553_head.jpg,train2022_000000002553,head,0,True,center,2,0.90625,0.47954537674163844,71b0090d73753a19c51fbd6c3f5c2b8301f3bff4f0299cb6349e37297058257b
1579,hyena/cropped_images/head/d8653bff-a5e8-4b3a-bffd-a861abad29bf/train2022_000000002614_head.jpg,train2022_000000002614,head,0,True,box_center,0,0.88671875,0.8527221738709989,ae2473e0eff68b66811079022349cddc9f29438acfcfe7a53be55066680cd40f
1580,hyena/cropped_images/head/d8653bff-a5e8-4b3a-bffd-a861abad29bf/train2022_000000002808_head.jpg,train2022_000000002808,head,0,True,center,0,0.98046875,0.734434643835321,32939bba02e29bacfbfe66cbb0ab302eaff34ed341e6d12a84ee1d8d34c39b9a
1581,hyena/cropped_images/head/d8653bff-a5e8-4b3a-bffd-a861abad29bf/train2022_000000002920_head.jpg,train2022_000000002920,head,0,True,center,0,0.97265625,0.6070517506684184,6d4f3f38529598efee97d0c262f9fa9888676086fae904052f29793ee44b8996
1582,hyena/cropped_images/head/d8681847-63c6-40eb-8980-a3a4a09efb36/train2022_000000000796_head.jpg,train2022_000000000796,head,0,True,center,0,0.9609375,0.4986668906010539,7ef72c1d64471332d1f14b10a33395393d9e13a613a2f98dfe8272e077fd0bd8
1583,hyena/cropped_images/head/d8681847-63c6-40eb-8980-a3a4a09efb36/train2022_000000002581_head.jpg,train2022_000000002581,head,0,True,center,2,0.92578125,0.5513035381750465,e6656aecf31142ddb33430ad0ed73ebe9dde097f25a7ffe0de1212f083701d83
1584,hyena/cropped_images/head/d8ec02f0-6a21-48a8-b2cc-f0005764bc2a/train2022_000000000241_head.jpg,train2022_000000000241,head,0,False,box_center,2,0.83203125,0.6958843873517787,
1585,hyena/cropped_images/head/d8ec02f0-6a21-48a8-b2cc-f0005764bc2a/train2022_000000000833_head.jpg,train2022_000000000833,head,0,True,box_center,2,0.85546875,0.7083954684057068,4ef8c959751a75f593cedabdc06dc9efe724d346fdf098bda271791a5a440800
1586,hyena/cropped_images/head/d8ec02f0-6a21-48a8-b2cc-f0005764bc2a/train2022_000000001487_head.jpg,train2022_000000001487,head,0,False,center,0,0.828125,0.5107920103348902,
1587,hyena/cropped_images/head/d8ec02f0-6a21-48a8-b2cc-f0005764bc2a/train2022_000000001737_head.jpg,train2022_000000001737,head,0,True,box_center,2,0.875,0.5726442641546868,2a79cb34d52fd9d1e98b6af5b3fae31cbbf86c38350ae8957d983dcc6e6e2c16
1588,hyena/cropped_images/head/d8ec02f0-6a21-48a8-b2cc-f0005764bc2a/train2022_000000001951_head.jpg,train2022_000000001951,head,0,True,center,0,0.88671875,0.7976556728086716,74efb1cd7cbd4df37b007ff3c0e764b0fb8ee20498f2b13aab5cbfe32335ead2
1589,hyena/cropped_images/head/d8ec02f0-6a21-48a8-b2cc-f0005764bc2a/train2022_000000002542_head.jpg,train2022_000000002542,head,0,True,center,2,0.91015625,0.7929883649724434,d75f1f76a2946d65a436ae27f7e44b20f010ab584328e9f95c9ae901d6dfd8bc
1590,hyena/cropped_images/head/d9ca2395-17db-4aa9-8749-51a78eba5feb/train2022_000000002681_head.jpg,train2022_000000002681,head,0,True,center,0,0.97265625,0.7613900194572645,01076388658fa8753cdb61d2a1ad7a9fd7622a955fc0b7c613d1e1dc5b1b3754
1591,hyena/cropped_images/head/db3de022-02a6-455a-8d26-5746c2a79514/train2022_000000000094_head.jpg,train2022_000000000094,head,0,True,center,2,0.98828125,0.6261980134532359,05883c95c4516afc6869addcd68c82f502a9820daad4a005b780e95f725eb7d3
1592,hyena/cropped_images/head/db3de022-02a6-455a-8d26-5746c2a79514/train2022_000000000572_head.jpg,train2022_000000000572,head,0,True,center,0,0.92578125,0.8118899177531099,5a1636b1379030138d7f1ccfbd95510ef34f987604762a293496fdb13113e304
1593,hyena/cropped_images/head/db3de022-02a6-455a-8d26-5746c2a79514/train2022_000000001082_head.jpg,train2022_000000001082,head,0,True,box_center,0,0.95703125,0.7421635711958292,3f11f1ea38e3e23be5532acba850c638337a30e26a32f56d72f4e410123fca0c
1594,hyena/cropped_images/head/db3de022-02a6-455a-8d26-5746c2a79514/train2022_000000002501_head.jpg,train2022_000000002501,head,0,True,center,0,0.9765625,0.7302115421640354,f69d9d00e62e6060b84657f30389ede2a1d123e8438cd399a69d079aeca7a04e
1595,hyena/cropped_images/head/ddda7c68-86ac-4448-9795-e1cc33d704bc/train2022_000000000522_head.jpg,train2022_000000000522,head,0,True,center,0,0.90625,0.6745333379253341,275154e6786b3eeddc8a13bc41a3cd9bf70afcba2dea9f8d817ff55fd13c7e3e
1596,hyena/cropped_images/head/ddda7c68-86ac-4448-9795-e1cc33d704bc/train2022_000000001218_head.jpg,train2022_000000001218,head,0,True,box_center,2,0.87890625,0.5835030056234245,d5e1b7346ecc2f973ba52d5aa2ee7250298d568c7f21d9219e00842773490f04
1597,hyena/cropped_images/head/ddda7c68-86ac-4448-9795-e1cc33d704bc/train2022_000000002282_head.jpg,train2022_000000002282,head,0,True,box_center,2,0.94921875,0.5151448275862069,a6360cf8916a881fe87f89d1cc4e8e194c90e2e48f7507195c52a2ed727ba24e
1598,hyena/cropped_images/head/ddda7c68-86ac-4448-9795-e1cc33d704bc/train2022_000000002565_head.jpg,train2022_000000002565,head,0,False,box_center,2,0.69921875,0.5807631342015496,
1599,hyena/cropped_images/head/e0233424-00dc-4c88-9e76-5741a76d5781/train2022_000000000020_head.jpg,train2022_000000000020,head,0,True,box_center,0,0.85546875,0.6680028261214367,5f2cd1d6d1847c38a78318914c2f3901ab2132fdfcf81ee77416f2c9da1e86eb
1600,hyena/cropped_images/head/e0233424-00dc-4c88-9e76-5741a76d5781/train2022_000000000478_head.jpg,train2022_000000000478,head,0,True,center,0,0.984375,0.7363687899402185,a8ee5c7d184955f61325362993286e29e6ad14294a11cabdd270747decc5d8cf
1601,hyena/cropped_images/head/e0233424-00dc-4c88-9e76-5741a76d5781/train2022_000000000729_head.jpg,train2022_000000000729,head,0,False,box_center,0,0.84375,0.7862290862290863,
1602,hyena/cropped_images/head/e0233424-00dc-4c88-9e76-5741a76d5781/train2022_000000000856_head.jpg,train2022_000000000856,head,0,True,center,0,0.9765625,0.7150949614798335,5efa97495d66f44038bb353a37fb69622993aba0b8362546093a9a23700a73b4
1603,hyena/cropped_images/head/e0233424-00dc-4c88-9e76-5741a76d5781/train2022_000000000875_head.jpg,train2022_000000000875,head,0,True,box_center,0,0.87109375,0.8560541250466907,0d6c6db3f13e69f650542b9f2893b84b21e1b2ccc0701d4b9bd8b078e2d68e48
1604,hyena/cropped_images/head/e0233424-00dc-4c88-9e76-5741a76d5781/train2022_000000001296_head.jpg,train2022_000000001296,head,0,True,box_center,0,0.9453125,0.7386602630505069,2aebedec97ce88ee74a36115a48cff70f62be51b931b2bb34efa55f7baecb048
1605,hyena/cropped_images/head/e0233424-00dc-4c88-9e76-5741a76d5781/train2022_000000001546_head.jpg,train2022_000000001546,head,0,True,center,0,0.953125,0.6558159456648106,4a74402d8c1c84139a70d6f8690a3773e84896761fd4dcf2530e38dbf7c003a3
1606,hyena/cropped_images/head/e0233424-00dc-4c88-9e76-5741a76d5781/train2022_000000001616_head.jpg,train2022_000000001616,head,0,True,center,2,0.94921875,0.7307941847891385,2817d33ab64b0964e18b42916188a2dfea8c61123746235502603673c4864b64
1607,hyena/cropped_images/head/e0233424-00dc-4c88-9e76-5741a76d5781/train2022_000000001656_head.jpg,train2022_000000001656,head,0,False,box_center,2,0.83984375,0.7593532817259887,
1608,hyena/cropped_images/head/e0233424-00dc-4c88-9e76-5741a76d5781/train2022_000000001789_head.jpg,train2022_000000001789,head,0,True,center,0,0.9765625,0.6988631068865903,7e6adca8c1d3eb6fe86087c903b1d71780d639e189b469c0d07338e18141f588
1609,hyena/cropped_images/head/e0233424-00dc-4c88-9e76-5741a76d5781/train2022_000000001828_head.jpg,train2022_000000001828,head,0,False,box_center,2,0.5625,0.3773887784742394,
1610,hyena/cropped_images/head/e0233424-00dc-4c88-9e76-5741a76d5781/train2022_000000002666_head.jpg,train2022_000000002666,head,0,False,box_center,2,0.73046875,0.5535403185664509,
1611,hyena/cropped_images/head/e0233424-00dc-4c88-9e76-5741a76d5781/train2022_000000002835_head.jpg,train2022_000000002835,head,0,True,box_center,0,0.91015625,0.786317907444668,60dae53c7d98659d6546d59ce57aa8ae2e78e3a2e58c345cf2f3de7fcbac48a0
1612,hyena/cropped_images/head/e0233424-00dc-4c88-9e76-5741a76d5781/train2022_000000002844_head.jpg,train2022_000000002844,head,0,True,center,0,0.9765625,0.47357304585853804,134fce6fadc47907b83ec1e052c95440914a4a88c03fbe3c4ba2c04e5b65d0fc
1613,hyena/cropped_images/head/e0233424-00dc-4c88-9e76-5741a76d5781/train2022_000000003059_head.jpg,train2022_000000003059,head,0,True,center,0,0.98046875,0.7893151965110846,9f8c1e7b644c584ebf5baa89ecf26c3200c8b8cf754ef0b1ea41272923739f88
1614,hyena/cropped_images/head/e0c249f3-ec24-4a7e-97c8-abefd7cd27b1/train2022_000000002789_head.jpg,train2022_000000002789,head,0,True,box_center,0,0.85546875,0.8922796937149579,dcd571170212e7c962a94d0f9c0ed7e72a2e3210aeefd568132d39e4f8028579
1615,hyena/cropped_images/head/e0c249f3-ec24-4a7e-97c8-abefd7cd27b1/train2022_000000003034_head.jpg,train2022_000000003034,head,0,True,box_center,2,0.90625,0.5858022171138467,37686d7916fd332b4c2440c0005befd4aeb9684af83b2ba166c1f671b486b8f8
1616,hyena/cropped_images/head/e146c860-5de6-4870-978b-bb2f35f75d20/train2022_000000000185_head.jpg,train2022_000000000185,head,0,True,center,0,0.96484375,0.5085601780517035,f4214731bacf4680f4bcca289a354437c101cd50f11ee9061682ebca69c2f3d3
1617,hyena/cropped_images/head/e146c860-5de6-4870-978b-bb2f35f75d20/train2022_000000000316_head.jpg,train2022_000000000316,head,0,True,center,0,0.96484375,0.6751010526315789,5fb640e4460dc0fd3f62655e14ca24073cd6b0899b0ab6daf8ea245f79579f90
1618,hyena/cropped_images/head/e146c860-5de6-4870-978b-bb2f35f75d20/train2022_000000000329_head.jpg,train2022_000000000329,head,0,False,box_center,2,0.71875,0.5749427917620137,
1619,hyena/cropped_images/head/e146c860-5de6-4870-978b-bb2f35f75d20/train2022_000000000902_head.jpg,train2022_000000000902,head,0,True,center,0,0.9453125,0.3307471264367816,0d5ae23d0a7de140a9d6184b17641497a873319ea42d875f51c56400f8b2096c
1620,hyena/cropped_images/head/e146c860-5de6-4870-978b-bb2f35f75d20/train2022_000000000918_head.jpg,train2022_000000000918,head,0,True,center,2,0.8671875,0.4545798319327731,0f9260cf40e36da965a81064c34f52731228f1bcdfa40ceed69fb6df4fca31e4
1621,hyena/cropped_images/head/e146c860-5de6-4870-978b-bb2f35f75d20/train2022_000000001446_head.jpg,train2022_000000001446,head,0,False,box_center,2,0.78125,0.48904144635851954,
1622,hyena/cropped_images/head/e146c860-5de6-4870-978b-bb2f35f75d20/train2022_000000002376_head.jpg,train2022_000000002376,head,0,True,box_center,0,0.96875,0.6284506899264811,a55002af9a8a39d09f7e36bbf8c2f76614be3a9643d6c3f07560dc99d5317cf1
1623,hyena/cropped_images/head/e146c860-5de6-4870-978b-bb2f35f75d20/train2022_000000002507_head.jpg,train2022_000000002507,head,0,True,box_center,2,0.86328125,0.5376253438636969,01cd253ad815148a8ed7e5cfeee412ff778482c377d65944a843c7a390cddab7
1624,hyena/cropped_images/head/e146c860-5de6-4870-978b-bb2f35f75d20/train2022_000000003045_head.jpg,train2022_000000003045,head,0,True,box_center,2,0.94140625,0.48306239215330127,4fdc3bac48b6f020d3603d0d64020583fd3600fc89abf3beee03cf7a3b37afdc
1625,hyena/cropped_images/head/e1cb11c3-48d4-474d-9881-affe8b0d02d5/train2022_000000000470_head.jpg,train2022_000000000470,head,0,True,box_center,2,0.9765625,0.7277887900781316,3a4f6c2f3d4ac938e7a3ed746d4aba4c1cf6b8702d3f456f6a510da5a5452a81
1626,hyena/cropped_images/head/e1cb11c3-48d4-474d-9881-affe8b0d02d5/train2022_000000000804_head.jpg,train2022_000000000804,head,0,True,center,0,0.96484375,0.8476490869391726,2c88498eb1bd91f30d206e5abd5257b54f1c10bdc051de307f48c73213d59304
1627,hyena/cropped_images/head/e1cb11c3-48d4-474d-9881-affe8b0d02d5/train2022_000000000847_head.jpg,train2022_000000000847,head,0,True,center,0,0.98828125,0.594219733162433,96076c2cdc4eda55a8318e0c112ecf8c19c84d60ff3be6f3aa3c10b86a2906dc
1628,hyena/cropped_images/head/e1cb11c3-48d4-474d-9881-affe8b0d02d5/train2022_000000002025_head.jpg,train2022_000000002025,head,0,True,center,2,0.9296875,0.5959030813231881,030ead960bfe4028f50ee9a3e4bcdb9f40253c27c9278e1ab4f41de9a7189c27
1629,hyena/cropped_images/head/e1cb11c3-48d4-474d-9881-affe8b0d02d5/train2022_000000002473_head.jpg,train2022_000000002473,head,0,True,center,2,0.98046875,0.5775172108151148,209c9ee16c96b726b9d74176d314cc0ec61ffb14b287164edd2501f72a797a31
1630,hyena/cropped_images/head/e217374d-17e1-4fa2-b4aa-868033edc1ed/train2022_000000000019_head.jpg,train2022_000000000019,head,0,False,box_center,2,0.76953125,0.3357256162915327,
1631,hyena/cropped_images/head/e217374d-17e1-4fa2-b4aa-868033edc1ed/train2022_000000000080_head.jpg,train2022_000000000080,head,0,True,center,0,0.953125,0.8005557586051212,f5c39fe4db7ca4d7178746a758389948634a9e27b74a0f81f87cd2f804d20604
1632,hyena/cropped_images/head/e217374d-17e1-4fa2-b4aa-868033edc1ed/train2022_000000000193_head.jpg,train2022_000000000193,head,0,True,box_center,0,0.921875,0.6719515563891191,1a380c2020ba22a0f159d30291f1eb518243aa38e9f7afaac1a6d589c7ea06e3
1633,hyena/cropped_images/head/e217374d-17e1-4fa2-b4aa-868033edc1ed/train2022_000000000303_head.jpg,train2022_000000000303,head,0,True,center,0,0.9609375,0.832608361076685,dd9a064b0b056fce0d7a5b7ede4640d978bf06e697f23a334fb39ec1138408ac
1634,hyena/cropped_images/head/e217374d-17e1-4fa2-b4aa-868033edc1ed/train2022_000000000568_head.jpg,train2022_000000000568,head,0,True,center,2,0.89453125,0.5684936394940142,95f4371bea06f64158aa949867d4ca7c1d8b013ffa341fc69f64f8395cf0924f
1635,hyena/cropped_images/head/e217374d-17e1-4fa2-b4aa-868033edc1ed/train2022_000000000685_head.jpg,train2022_000000000685,head,0,True,center,2,0.9609375,0.5839638450210735,cfa87343ed4029c53d8327aebb8af204dcb8fd5d23e08be586911fa151c8cea8
1636,hyena/cropped_images/head/e217374d-17e1-4fa2-b4aa-868033edc1ed/train2022_000000000688_head.jpg,train2022_000000000688,head,0,True,box_center,0,0.88671875,0.8806356912075837,876bfbc189534a9ad285660768cee9b5363ae36b006517dc9bc065ad363d7c1b
1637,hyena/cropped_images/head/e217374d-17e1-4fa2-b4aa-868033edc1ed/train2022_000000000805_head.jpg,train2022_000000000805,head,0,True,center,0,0.9453125,0.8593396157498722,7867777a0e14930838ff5d585232048005965795f1f285e85cd740877d71506d
1638,hyena/cropped_images/head/e217374d-17e1-4fa2-b4aa-868033edc1ed/train2022_000000000965_head.jpg,train2022_000000000965,head,0,True,center,0,0.953125,0.8910937631159238,81e7ba67b739816231681dca36378917daffff7ea61fb4af3f80529d7c0cbbe9
1639,hyena/cropped_images/head/e217374d-17e1-4fa2-b4aa-868033edc1ed/train2022_000000001186_head.jpg,train2022_000000001186,head,0,True,box_center,2,0.9453125,0.6831230943982782,412ccc374e78ac673dd924a24cbcd450d83e6bb37239cbd4ec5910235fa87b38
1640,hyena/cropped_images/head/e217374d-17e1-4fa2-b4aa-868033edc1ed/train2022_000000001197_head.jpg,train2022_000000001197,head,0,True,center,0,0.96875,0.7401593689203955,e6e9a23bb220affcf4acc2af254b6fb1cdb11313ca83e81a917ad4b0decbef7a
1641,hyena/cropped_images/head/e217374d-17e1-4fa2-b4aa-868033edc1ed/train2022_000000001216_head.jpg,train2022_000000001216,head,0,True,center,0,0.92578125,0.7989586381816408,497f3050481d0988884c53d49aa8a03fa2c4d7e739ebdf6d9a474b8a622a59e2
1642,hyena/cropped_images/head/e217374d-17e1-4fa2-b4aa-868033edc1ed/train2022_000000001224_head.jpg,train2022_000000001224,head,0,True,center,2,0.91796875,0.47243396226415096,60d92997676ec6ae3f9f86aac2484dd8a7630b5099019b41426ae439df9c3020
1643,hyena/cropped_images/head/e217374d-17e1-4fa2-b4aa-868033edc1ed/train2022_000000001256_head.jpg,train2022_000000001256,head,0,True,center,2,0.921875,0.5056590053239839,dbcd65fa31faae858ac0cdace64edf18d41b966f5dd1120baad0a3365b5aa2c6
1644,hyena/cropped_images/head/e217374d-17e1-4fa2-b4aa-868033edc1ed/train2022_000000001268_head.jpg,train2022_000000001268,head,0,True,center,0,0.94921875,0.7346165577691801,2d68f2f7a8a959be1b6a7600a7740d1a51e00a5211f84b5b0846b9bb71f8493b
1645,hyena/cropped_images/head/e217374d-17e1-4fa2-b4aa-868033edc1ed/train2022_000000001291_head.jpg,train2022_000000001291,head,0,True,center,0,0.95703125,0.7259160923436146,eb7a457e71d9cd0659994c7f963068e808a166e6bb0a22eaf5522fab06d7d72a
1646,hyena/cropped_images/head/e217374d-17e1-4fa2-b4aa-868033edc1ed/train2022_000000001357_head.jpg,train2022_000000001357,head,0,False,center,0,0.83984375,0.6316482359136387,
1647,hyena/cropped_images/head/e217374d-17e1-4fa2-b4aa-868033edc1ed/train2022_000000001365_head.jpg,train2022_000000001365,head,0,False,box_center,2,0.796875,0.7917121046892039,
1648,hyena/cropped_images/head/e217374d-17e1-4fa2-b4aa-868033edc1ed/train2022_000000001388_head.jpg,train2022_000000001388,head,0,True,center,2,0.92578125,0.6471471471471472,62c792b3ec0d4f5b309e33ce0911b3c50c6f3402770f84a83be75269f4a9d175
1649,hyena/cropped_images/head/e217374d-17e1-4fa2-b4aa-868033edc1ed/train2022_000000001450_head.jpg,train2022_000000001450,head,0,True,box_center,2,0.95703125,0.6274459023941068,df0141e451aa8d15b0e6d2af682347bf824f0c8fbca8793cd3e847a59e3025c8
1650,hyena/cropped_images/head/e217374d-17e1-4fa2-b4aa-868033edc1ed/train2022_000000001459_head.jpg,train2022_000000001459,head,0,True,box_center,2,0.86328125,0.5992640075973409,f33550ecb34fc39b79fe889eef4e4c8ab0b6f377ff8a6831c4aa312d8a6d6f2d
1651,hyena/cropped_images/head/e217374d-17e1-4fa2-b4aa-868033edc1ed/train2022_000000001468_head.jpg,train2022_000000001468,head,0,True,center,0,0.96484375,0.6119245337995338,f3188980901f0866e2900654a26b69d6b9729c2ba1d009c74e100f7117956d15
1652,hyena/cropped_images/head/e217374d-17e1-4fa2-b4aa-868033edc1ed/train2022_000000001578_head.jpg,train2022_000000001578,head,0,True,box_center,2,0.92578125,0.6292698490279135,f6c28fbf9fd65982bb5bb182fb4136c930e10b4f54e68110c3bea892cbde268c
1653,hyena/cropped_images/head/e217374d-17e1-4fa2-b4aa-868033edc1ed/train2022_000000001610_head.jpg,train2022_000000001610,head,0,True,box_center,2,0.859375,0.5216612960973863,c77f6fd27809a84fcaff163c622b924d12b3ffa9e526ba8f2f15f8779361b475
1654,hyena/cropped_images/head/e217374d-17e1-4fa2-b4aa-868033edc1ed/train2022_000000001710_head.jpg,train2022_000000001710,head,0,True,center,2,0.90625,0.5028648857917151,f943ec23f4d3da7a1d1ec1359c1dd2fd2194a83eaa5ae5667ccc92946ae0d113
1655,hyena/cropped_images/head/e217374d-17e1-4fa2-b4aa-868033edc1ed/train2022_000000002062_head.jpg,train2022_000000002062,head,0,True,center,0,0.90625,0.6989711934156378,b89b456ea8ba5fa97624371dac9150fa6bbfc135699f67616b3821903ca65699
1656,hyena/cropped_images/head/e217374d-17e1-4fa2-b4aa-868033edc1ed/train2022_000000002123_head.jpg,train2022_000000002123,head,0,True,center,0,0.953125,0.709343112244898,a341c2f7d6e22e2ddbcdec8d869e69494f5539e0ae090393f29faf299d4cc2ea
1657,hyena/cropped_images/head/e217374d-17e1-4fa2-b4aa-868033edc1ed/train2022_000000002184_head.jpg,train2022_000000002184,head,0,True,center,0,0.97265625,0.6569988588817041,1e743fa453bcb26597d3d1e7987259f7ef9f92e6f7734fc00b7c821e18f8ced1
1658,hyena/cropped_images/head/e217374d-17e1-4fa2-b4aa-868033edc1ed/train2022_000000002193_head.jpg,train2022_000000002193,head,0,True,center,0,0.984375,0.5691921671303115,0fe7cbd3390577e150e86363159142f8e850fc9250362bb46154433fa447bb5d
1659,hyena/cropped_images/head/e217374d-17e1-4fa2-b4aa-868033edc1ed/train2022_000000002199_head.jpg,train2022_000000002199,head,0,True,center,0,0.92578125,0.7807580174927113,9d5575d13f5838aeb0721cd48dc493c2a16fe45ed057812503575ec34aa13119
1660,hyena/cropped_images/head/e217374d-17e1-4fa2-b4aa-868033edc1ed/train2022_000000002279_head.jpg,train2022_000000002279,head,0,True,center,2,0.9765625,0.6107020996928442,9ae5a1dc17c527f425a10d5fcda258ad7d78b262cdef0cff162b9261170c94b5
1661,hyena/cropped_images/head/e217374d-17e1-4fa2-b4aa-868033edc1ed/train2022_000000002312_head.jpg,train2022_000000002312,head,0,True,center,2,0.921875,0.5612151329606294,5d0012d7cfb41d6ac86b5990bb26f57f2e9a7f9cddb93a1b041267d8b18b36d2
1662,hyena/cropped_images/head/e217374d-17e1-4fa2-b4aa-868033edc1ed/train2022_000000002371_head.jpg,train2022_000000002371,head,0,True,box_center,0,0.875,0.7807541917953476,81b5b78aa032ad12fbb46e5deaccfcc820e784b42191b2a68948b39c2f919726
1663,hyena/cropped_images/head/e217374d-17e1-4fa2-b4aa-868033edc1ed/train2022_000000002406_head.jpg,train2022_000000002406,head,0,True,box_center,0,0.91015625,0.7781737741182254,393dc01d1a066d4f6262f536e44863eb640aab7c5cd868c4c908e258f691dd02
1664,hyena/cropped_images/head/e217374d-17e1-4fa2-b4aa-868033edc1ed/train2022_000000002422_head.jpg,train2022_000000002422,head,0,True,center,0,0.94921875,0.826391491754123,e0cc5ab7f4a191d4fcee6e7aa0869e1f3e2ac44bfa529a3254183f75fbf06d10
1665,hyena/cropped_images/head/e217374d-17e1-4fa2-b4aa-868033edc1ed/train2022_000000002423_head.jpg,train2022_000000002423,head,0,True,center,0,0.94140625,0.7409935078756917,9b0d199d3603ca16853f27b1b480857b25b5b2ccded91687d7f84399c1177541
1666,hyena/cropped_images/head/e217374d-17e1-4fa2-b4aa-868033edc1ed/train2022_000000002516_head.jpg,train2022_000000002516,head,0,True,center,0,0.94140625,0.6505420437405731,1ea4260f50eec676c09e9fa4312e404fc9da04f4bfe59d456e9cdc6f76704c54
1667,hyena/cropped_images/head/e217374d-17e1-4fa2-b4aa-868033edc1ed/train2022_000000002554_head.jpg,train2022_000000002554,head,0,True,box_center,0,0.875,0.6994681647940075,827c34669ff5db374650c78d59af11a2f608d18a72b50955d5bb0563a75d5cb6
1668,hyena/cropped_images/head/e217374d-17e1-4fa2-b4aa-868033edc1ed/train2022_000000002627_head.jpg,train2022_000000002627,head,0,False,center,0,0.7890625,0.7989626219110301,
1669,hyena/cropped_images/head/e217374d-17e1-4fa2-b4aa-868033edc1ed/train2022_000000002676_head.jpg,train2022_000000002676,head,0,True,center,0,0.96875,0.5657720709798303,af89cc202ffd2bbfc128ce6488602aad46ccb9c8b018d37eb95c7910d2f514d2
1670,hyena/cropped_images/head/e217374d-17e1-4fa2-b4aa-868033edc1ed/train2022_000000002728_head.jpg,train2022_000000002728,head,0,True,center,0,0.96875,0.6236241684534609,387359634b0ec7da183b6e4f29c9f891a366168be9c89a69cd04ff3db16c1250
1671,hyena/cropped_images/head/e217374d-17e1-4fa2-b4aa-868033edc1ed/train2022_000000002757_head.jpg,train2022_000000002757,head,0,True,center,0,0.94921875,0.6885587402588794,27270988a90581b163f9da5e12cee75019507c8123c0629a10f0772037321df5
1672,hyena/cropped_images/head/e217374d-17e1-4fa2-b4aa-868033edc1ed/train2022_000000002858_head.jpg,train2022_000000002858,head,0,False,box_center,0,0.828125,0.8351530426934634,
1673,hyena/cropped_images/head/e217374d-17e1-4fa2-b4aa-868033edc1ed/train2022_000000002887_head.jpg,train2022_000000002887,head,0,True,box_center,0,0.96875,0.6224288735101884,4849cc2a0b370ec2cdd5e003c017a9fdf5b74ec1f809d9903002c6d6ee368d8b
1674,hyena/cropped_images/head/e217374d-17e1-4fa2-b4aa-868033edc1ed/train2022_000000002960_head.jpg,train2022_000000002960,head,0,True,center,0,0.95703125,0.7216913521261348,0a9e33058eb12ef85c72f2eaf337b775ccdf2f5cc9152375ec4a6a705b536b2f
1675,hyena/cropped_images/head/e217374d-17e1-4fa2-b4aa-868033edc1ed/train2022_000000002980_head.jpg,train2022_000000002980,head,0,True,center,2,0.94140625,0.6145046159703055,fa6e55da65971d9fbd5de4923ac208f714611b251db3ff0cc3e8a3145321a691
1676,hyena/cropped_images/head/e217374d-17e1-4fa2-b4aa-868033edc1ed/train2022_000000003038_head.jpg,train2022_000000003038,head,0,True,center,0,0.97265625,0.5908716725923088,9a4cc73e3e36ca312a3e922022bbd40c56febd002bb06f9792df74ac0b9e01be
1677,hyena/cropped_images/head/e3e8dcae-7c7c-4492-812c-313c35c88f51/train2022_000000000456_head.jpg,train2022_000000000456,head,0,True,box_center,2,0.94921875,0.7250018499117884,c58d3b32f56bf4b201f4a43cd47b9095c1c733772c667a0885ae3b552c7f2bcb
1678,hyena/cropped_images/head/e3e8dcae-7c7c-4492-812c-313c35c88f51/train2022_000000000913_head.jpg,train2022_000000000913,head,0,True,center,0,0.98046875,0.7146936656282451,37853706b875f75b456ed50b1621a0dd3e1926f8a0849d8b57bd275b05c51747
1679,hyena/cropped_images/head/e3e8dcae-7c7c-4492-812c-313c35c88f51/train2022_000000001384_head.jpg,train2022_000000001384,head,0,False,box_center,2,0.7421875,0.5869995155452965,
1680,hyena/cropped_images/head/e3e8dcae-7c7c-4492-812c-313c35c88f51/train2022_000000002709_head.jpg,train2022_000000002709,head,0,True,center,0,0.89453125,0.8761124557810464,c6792b9bd22b453e82127aaca1c9471b980f7f836fcd234dae1784a698cf6642
1681,hyena/cropped_images/head/e77d385c-2200-4fa5-b90a-0dea100e69e5/train2022_000000000059_head.jpg,train2022_000000000059,head,0,True,box_center,2,0.875,0.5778201447782672,56aab7392afa8785b062c7f030ece6e79c5bd35f76a0e303a7a14690aac96dcf
1682,hyena/cropped_images/head/e77d385c-2200-4fa5-b90a-0dea100e69e5/train2022_000000000364_head.jpg,train2022_000000000364,head,0,True,center,0,0.94921875,0.8220742045579654,69b8de7e737ab6071839988d333319f222516c6f20d80260455ccce3b61c31d5
1683,hyena/cropped_images/head/e77d385c-2200-4fa5-b90a-0dea100e69e5/train2022_000000000378_head.jpg,train2022_000000000378,head,0,True,center,0,0.953125,0.6608129160175612,85d4cb4a3864a514ab8036b0934f76f2f981590bee6f4ae5b38191a2eb87fd34
1684,hyena/cropped_images/head/e77d385c-2200-4fa5-b90a-0dea100e69e5/train2022_000000000475_head.jpg,train2022_000000000475,head,0,False,box_center,0,0.74609375,0.5586814150972957,
1685,hyena/cropped_images/head/e77d385c-2200-4fa5-b90a-0dea100e69e5/train2022_000000000738_head.jpg,train2022_000000000738,head,0,True,box_center,0,0.8515625,0.6527050363115937,92627e060226bc27c73bf8a90579d8982f174b4be1905123b1d4151152e2a4b6
1686,hyena/cropped_images/head/e77d385c-2200-4fa5-b90a-0dea100e69e5/train2022_000000000886_head.jpg,train2022_000000000886,head,0,True,center,2,0.95703125,0.5705461947803383,bb51f159cb98b5aae91bf602f13b273b959b46958b79cc273a2e99b7b38318c1
1687,hyena/cropped_images/head/e77d385c-2200-4fa5-b90a-0dea100e69e5/train2022_000000000917_head.jpg,train2022_000000000917,head,0,True,center,0,0.890625,0.8382132796780684,416f5bf0db119730c991a1003eca09a811953bee93d496d5facfe433a667c6cb
1688,hyena/cropped_images/head/e77d385c-2200-4fa5-b90a-0dea100e69e5/train2022_000000001167_head.jpg,train2022_000000001167,head,0,False,box_center,2,0.80859375,0.41175911506883367,
1689,hyena/cropped_images/head/e77d385c-2200-4fa5-b90a-0dea100e69e5/train2022_000000001404_head.jpg,train2022_000000001404,head,0,True,center,0,0.9375,0.4694748394177076,c43195c55dc90828053f93154d8eccc57640079587786f67bdd5d12f4732767a
1690,hyena/cropped_images/head/e77d385c-2200-4fa5-b90a-0dea100e69e5/train2022_000000001521_head.jpg,train2022_000000001521,head,0,True,box_center,0,0.8671875,0.848679781584262,646396d95326b75d3880b35c3ee04bca7ad7b9dbe9bfe135f6fb167fa927c8cf
1691,hyena/cropped_images/head/e77d385c-2200-4fa5-b90a-0dea100e69e5/train2022_000000001618_head.jpg,train2022_000000001618,head,0,True,center,0,0.97265625,0.6047317268006923,ca958658dbe3b3b7368c2237ae9c38a6cdba26244e0f95e18a1c8e23c32c377c
1692,hyena/cropped_images/head/e77d385c-2200-4fa5-b90a-0dea100e69e5/train2022_000000001727_head.jpg,train2022_000000001727,head,0,True,center,0,0.96484375,0.47118858153340915,31019dde171a0ef63d4125f45ab5909045a31f4ab47d3b302cbd9a8f7ec78b28
1693,hyena/cropped_images/head/e77d385c-2200-4fa5-b90a-0dea100e69e5/train2022_000000001805_head.jpg,train2022_000000001805,head,0,True,center,0,0.921875,0.8729518113101633,1941cb14ce5fcf02671954bc3dac8887af0948a0960642f74f2c28260b111254
1694,hyena/cropped_images/head/e77d385c-2200-4fa5-b90a-0dea100e69e5/train2022_000000001931_head.jpg,train2022_000000001931,head,0,True,center,0,0.96875,0.6694306166200356,8a23911d970674b9d19f6257550ff1e7061aae8483ce7686696573f43c261c90
1695,hyena/cropped_images/head/e77d385c-2200-4fa5-b90a-0dea100e69e5/train2022_000000002085_head.jpg,train2022_000000002085,head,0,True,center,0,0.92578125,0.7168372940243882,aa57097329b7661a3905cd3a936aa1b893a9c7c55186493b5fc768fc091e53f1
1696,hyena/cropped_images/head/e77d385c-2200-4fa5-b90a-0dea100e69e5/train2022_000000002112_head.jpg,train2022_000000002112,head,0,True,center,2,0.9609375,0.4038653920467473,04e46dd891bcb5209732458892d3b589274be6e25cd79ac9c08a31d6ef46b679
1697,hyena/cropped_images/head/e77d385c-2200-4fa5-b90a-0dea100e69e5/train2022_000000002215_head.jpg,train2022_000000002215,head,0,True,center,2,0.875,0.40992259595798575,ab8612b8e90f84cab2a79e289c3273a3deb77578afda2c1de57ff6a78b172f9e
1698,hyena/cropped_images/head/e77d385c-2200-4fa5-b90a-0dea100e69e5/train2022_000000002580_head.jpg,train2022_000000002580,head,0,True,center,0,0.9765625,0.5923046628077456,caf8a458b591728f4e1b8e855a0cdfe1c1528441527c564921b402a0ec0dedfd
1699,hyena/cropped_images/head/e77d385c-2200-4fa5-b90a-0dea100e69e5/train2022_000000002763_head.jpg,train2022_000000002763,head,0,True,center,0,0.9765625,0.6798645312993531,7f16944ae98995f9752f8d49e23c9ec9b99a2d8d16fb62f2967de9dcd32c7b0b
1700,hyena/cropped_images/head/e77d385c-2200-4fa5-b90a-0dea100e69e5/train2022_000000002970_head.jpg,train2022_000000002970,head,0,True,center,0,0.86328125,0.7272807397080269,b64652a93f14bfc96fd9b9e006dc19308f983d3341da918b025bbe52f0e62eb2
1701,hyena/cropped_images/head/e7d7fd1f-5a2d-4073-ac1f-59f6268ba8de/train2022_000000000127_head.jpg,train2022_000000000127,head,0,False,box_center,0,0.84375,0.8849844289201245,
1702,hyena/cropped_images/head/e7d7fd1f-5a2d-4073-ac1f-59f6268ba8de/train2022_000000000363_head.jpg,train2022_000000000363,head,0,False,box_center,2,0.7578125,0.6672430830039525,
1703,hyena/cropped_images/head/e7d7fd1f-5a2d-4073-ac1f-59f6268ba8de/train2022_000000000814_head.jpg,train2022_000000000814,head,0,False,box_center,2,0.734375,0.5424342105263158,
1704,hyena/cropped_images/head/e7d7fd1f-5a2d-4073-ac1f-59f6268ba8de/train2022_000000002301_head.jpg,train2022_000000002301,head,0,True,center,0,0.96484375,0.6694924504275059,bc03842d3f6a9cc572afec207537d8060f08756520c6831a076381634cca0a13
1705,hyena/cropped_images/head/e7d7fd1f-5a2d-4073-ac1f-59f6268ba8de/train2022_000000002322_head.jpg,train2022_000000002322,head,0,True,center,0,0.98046875,0.6378686619487203,e6526b6fae108d20b6e530c14115cc8f0cb64b252000ca02f8f3339c3bc4f060
1706,hyena/cropped_images/head/e7d7fd1f-5a2d-4073-ac1f-59f6268ba8de/train2022_000000002343_head.jpg,train2022_000000002343,head,0,True,box_center,2,0.88671875,0.580942760942761,85591ed0d013ae811a7505c241c1070594e224de3f50070f3c70e0a7fae8ce38
1707,hyena/cropped_images/head/e7d7fd1f-5a2d-4073-ac1f-59f6268ba8de/train2022_000000002535_head.jpg,train2022_000000002535,head,0,True,box_center,0,0.9296875,0.6863593174710004,a96d7354b3c9836b1e70b6b2971ae75f40a98f03fd9436f28c44eb90b0694e05
1708,hyena/cropped_images/head/ea524367-fb6b-438f-a077-aae1f8fe4b08/train2022_000000000502_head.jpg,train2022_000000000502,head,0,False,box_center,2,0.82421875,0.6759543644819164,
1709,hyena/cropped_images/head/ea524367-fb6b-438f-a077-aae1f8fe4b08/train2022_000000001101_head.jpg,train2022_000000001101,head,0,True,box_center,0,0.92578125,0.6043775100401606,c53778279434b0f033b8bfa6782181e279933ab436e81735dbad7faa085ae3a0
1710,hyena/cropped_images/head/ea524367-fb6b-438f-a077-aae1f8fe4b08/train2022_000000001411_head.jpg,train2022_000000001411,head,0,False,box_center,2,0.8359375,0.6455902079141516,
1711,hyena/cropped_images/head/ea524367-fb6b-438f-a077-aae1f8fe4b08/train2022_000000001786_head.jpg,train2022_000000001786,head,0,False,box_center,2,0.8203125,0.7266743119266055,
1712,hyena/cropped_images/head/ea524367-fb6b-438f-a077-aae1f8fe4b08/train2022_000000001857_head.jpg,train2022_000000001857,head,0,True,center,2,0.890625,0.6168029775027855,61e5ee16c75007fa9d50662f5de445ad769a40c2871cf234bc6d737efb3209b7
1713,hyena/cropped_images/head/ea524367-fb6b-438f-a077-aae1f8fe4b08/train2022_000000001869_head.jpg,train2022_000000001869,head,0,True,center,2,0.921875,0.6310708933761929,755ff7c2bf512e7c18ffc9baf23543a1807a9e818ff6324f63c4050816a191d5
1714,hyena/cropped_images/head/ea524367-fb6b-438f-a077-aae1f8fe4b08/train2022_000000002407_head.jpg,train2022_000000002407,head,0,True,center,2,0.9453125,0.3297440529960855,e3bc6387edb0b21354ffce049a83f49c1b0174283c540e28ec209be49a15aa7d
1715,hyena/cropped_images/head/ebe55d08-674f-417a-a8f6-c776dca6ee8c/train2022_000000002655_head.jpg,train2022_000000002655,head,0,True,center,2,0.98046875,0.6187231781736278,0aea272713051189ef8730e2264231c2c0c78a16e6452e4395977db480d1fe75
1716,hyena/cropped_images/head/ebe55d08-674f-417a-a8f6-c776dca6ee8c/train2022_000000002812_head.jpg,train2022_000000002812,head,0,False,center,0,0.6953125,0.8286288843938158,
1717,hyena/cropped_images/head/ebe55d08-674f-417a-a8f6-c776dca6ee8c/train2022_000000003006_head.jpg,train2022_000000003006,head,0,False,box_center,2,0.78515625,0.7420995424427104,
1718,hyena/cropped_images/head/ecda2205-db0b-4160-a40f-b6825fb43770/train2022_000000000319_head.jpg,train2022_000000000319,head,0,True,center,0,0.8828125,0.8833852169621502,5ae5fd1b1d737969faf40bbd527b31d0bff8c9cb0ce39ddc7d1f1d9801070ff3
1719,hyena/cropped_images/head/ecda2205-db0b-4160-a40f-b6825fb43770/train2022_000000000567_head.jpg,train2022_000000000567,head,0,False,center,2,0.81640625,0.4725457288647036,
1720,hyena/cropped_images/head/ecda2205-db0b-4160-a40f-b6825fb43770/train2022_000000000597_head.jpg,train2022_000000000597,head,0,True,center,2,0.87890625,0.5529016786570743,ddab11bb7df452024c8d531eb0a39507664dc6ec42671549020524cea74a9c20
1721,hyena/cropped_images/head/ecda2205-db0b-4160-a40f-b6825fb43770/train2022_000000000845_head.jpg,train2022_000000000845,head,0,True,box_center,2,0.8515625,0.6457718813243211,63acecd9f2b9c7d88c2ebcd4c6f7a58f10baa07eb7d9e59e7830364a86ddd726
1722,hyena/cropped_images/head/ecda2205-db0b-4160-a40f-b6825fb43770/train2022_000000000958_head.jpg,train2022_000000000958,head,0,True,center,2,0.875,0.7827631890644604,718f735b7299aafc268bd84c36d7b4a49fa39ed00120c40806590f485e2fe27b
1723,hyena/cropped_images/head/ecda2205-db0b-4160-a40f-b6825fb43770/train2022_000000001337_head.jpg,train2022_000000001337,head,0,True,center,2,0.92578125,0.5203814214896909,17b2ec896219a3ad75f8a28d5fd5b1a01feba5b1ffe2dfcba1ba5ee47dd66e5f
1724,hyena/cropped_images/head/ecda2205-db0b-4160-a40f-b6825fb43770/train2022_000000001493_head.jpg,train2022_000000001493,head,0,True,center,2,0.91015625,0.7246192528735632,a942f90d44238842672ce3d0f39fb5630ca2ce5b2dc97f793a6193d4d446cea1
1725,hyena/cropped_images/head/ecda2205-db0b-4160-a40f-b6825fb43770/train2022_000000001745_head.jpg,train2022_000000001745,head,0,True,box_center,2,0.89453125,0.6817196531791907,ef756c5a1af5d96a75a2d796515fe4e5ea843ece0e1afe81018b2ad82c03b6a9
1726,hyena/cropped_images/head/ecda2205-db0b-4160-a40f-b6825fb43770/train2022_000000001978_head.jpg,train2022_000000001978,head,0,False,box_center,0,0.81640625,0.8646872035960246,
1727,hyena/cropped_images/head/ecda2205-db0b-4160-a40f-b6825fb43770/train2022_000000002182_head.jpg,train2022_000000002182,head,0,True,center,0,0.9765625,0.665775181040158,bcdb5e8ed9eb9cb6d79ffda913b879666ecf143d8224d443b0fa068688f18366
1728,hyena/cropped_images/head/ecda2205-db0b-4160-a40f-b6825fb43770/train2022_000000002196_head.jpg,train2022_000000002196,head,0,True,box_center,2,0.94921875,0.5986158979045774,73dcef69305a974fec260ecf6868e21770e2aee51b3d72ef47d817ab6ef0f09e
1729,hyena/cropped_images/head/ecda2205-db0b-4160-a40f-b6825fb43770/train2022_000000002239_head.jpg,train2022_000000002239,head,0,True,center,2,0.87109375,0.5856355175702127,68fe3b43fb0c7d67d69bef58ce52ee23a4d6a7c273162f2c9ef8623467a0964b
1730,hyena/cropped_images/head/ecda2205-db0b-4160-a40f-b6825fb43770/train2022_000000002526_head.jpg,train2022_000000002526,head,0,True,center,0,0.94921875,0.7043903376865928,2e40a8611758eda746acf3a0dd1f8f216a2dedd905240b3015e7abd0b89a739a
1731,hyena/cropped_images/head/ecda2205-db0b-4160-a40f-b6825fb43770/train2022_000000002765_head.jpg,train2022_000000002765,head,0,True,box_center,0,0.94921875,0.8369358963781867,731cc3e97d02fd3faa0f731073c090ca9aa3ff5a7f380bf5c6724a7f0fc32949
1732,hyena/cropped_images/head/ecda2205-db0b-4160-a40f-b6825fb43770/train2022_000000003017_head.jpg,train2022_000000003017,head,0,True,center,2,0.875,0.7679318734793187,8d4598da9bb4d056029c7ef93ee4f6eedc1f85db5bf0d2550205e94309f48bb8
1733,hyena/cropped_images/head/ed4a92c6-3d4e-40e0-b055-3175620123c1/train2022_000000000055_head.jpg,train2022_000000000055,head,0,True,center,0,0.98046875,0.5341772569186899,2e436ae93a1db2b2f6d0966860c312ba8a1d80f76614a4b19d56fee8203fd0cb
1734,hyena/cropped_images/head/ed4a92c6-3d4e-40e0-b055-3175620123c1/train2022_000000000491_head.jpg,train2022_000000000491,head,0,True,center,2,0.95703125,0.6411911767415861,01fd7a7cb905900eb25181fee5cb670ed274610e8246d3dddf1882db51386261
1735,hyena/cropped_images/head/ed4a92c6-3d4e-40e0-b055-3175620123c1/train2022_000000001905_head.jpg,train2022_000000001905,head,0,True,center,0,0.97265625,0.7086474429280799,286b5a7e5585d447a30e0c63dede75575dacb39f4f131e0aba2b6e7f324945c6
1736,hyena/cropped_images/head/eeed33f6-863c-49df-a1e3-1f711738b244/train2022_000000000204_head.jpg,train2022_000000000204,head,0,True,center,2,0.98046875,0.4471581830632276,6e826ab56dcff04f2481d86adfd4e01175917f19b8835964f6c6ef7e0b2e38a4
1737,hyena/cropped_images/head/eeed33f6-863c-49df-a1e3-1f711738b244/train2022_000000000237_head.jpg,train2022_000000000237,head,0,True,center,2,0.93359375,0.5544097966256412,ccaf194f6f5ccf7f3574e6831ae29ad54d2227c4ec7573a4087731ebdaa69d8c
1738,hyena/cropped_images/head/eeed33f6-863c-49df-a1e3-1f711738b244/train2022_000000000538_head.jpg,train2022_000000000538,head,0,True,center,0,0.91015625,0.7607136276290505,0d0e83ffd5733bd5b74bdd9c234a2db45ab4e8e5b95838e65dceaff32fe823e8
1739,hyena/cropped_images/head/eeed33f6-863c-49df-a1e3-1f711738b244/train2022_000000000559_head.jpg,train2022_000000000559,head,0,True,center,2,0.94140625,0.5913476012828065,4deffa9a86caa11814451e5c928b541372b87d5150d04529c24e4cb4a27aebf9
1740,hyena/cropped_images/head/eeed33f6-863c-49df-a1e3-1f711738b244/train2022_000000000623_head.jpg,train2022_000000000623,head,0,True,box_center,0,0.9375,0.6529559441025528,050ef08f2bd8d568274ad34ab395f712b4746f349d16150d3e8c5f7fd95873d1
1741,hyena/cropped_images/head/eeed33f6-863c-49df-a1e3-1f711738b244/train2022_000000000670_head.jpg,train2022_000000000670,head,0,True,center,0,0.9453125,0.5687417670878665,56c4e8c3e3965ae8e4b8c5265e2341739a5d652133de411407034e1008a8e06b
1742,hyena/cropped_images/head/eeed33f6-863c-49df-a1e3-1f711738b244/train2022_000000000792_head.jpg,train2022_000000000792,head,0,True,center,2,0.9453125,0.6049140049140049,71d7eee023c627626124265ed77b7825836edfd3b63199cbf5a1d578b252ed39
1743,hyena/cropped_images/head/eeed33f6-863c-49df-a1e3-1f711738b244/train2022_000000000944_head.jpg,train2022_000000000944,head,0,True,center,0,0.90234375,0.6631050710718401,8fa75e90a3a50f49d9502e16d28f55d83d18a04ea38d05b0ccf7999c9b5be69a
1744,hyena/cropped_images/head/eeed33f6-863c-49df-a1e3-1f711738b244/train2022_000000001179_head.jpg,train2022_000000001179,head,0,True,box_center,0,0.890625,0.7584000981033355,9a53b16fc7f9430502113e49f6bf857bbef2405bc4f45a03e2fe4150cb808d16
1745,hyena/cropped_images/head/eeed33f6-863c-49df-a1e3-1f711738b244/train2022_000000001369_head.jpg,train2022_000000001369,head,0,True,center,2,0.9765625,0.5312335016784707,ce377f732e0da830d6fbe7b6af5cf3c3530864fae630ba579855487a0ee5fd50
1746,hyena/cropped_images/head/eeed33f6-863c-49df-a1e3-1f711738b244/train2022_000000001539_head.jpg,train2022_000000001539,head,0,True,box_center,2,0.875,0.6294047165187081,7d2b90c243c42dbc55b079b19956b8b880f710b546a52b4903b30e1817012f7a
1747,hyena/cropped_images/head/eeed33f6-863c-49df-a1e3-1f711738b244/train2022_000000001892_head.jpg,train2022_000000001892,head,0,True,center,0,0.85546875,0.6682952801528391,b4471760fee034284080e79e2a3cd4136811ca6518d547c6c03543c7d4f5312d
1748,hyena/cropped_images/head/eeed33f6-863c-49df-a1e3-1f711738b244/train2022_000000001977_head.jpg,train2022_000000001977,head,0,False,box_center,0,0.82421875,0.8106239962914521,
1749,hyena/cropped_images/head/eeed33f6-863c-49df-a1e3-1f711738b244/train2022_000000002178_head.jpg,train2022_000000002178,head,0,False,center,0,0.75,0.5269441253969327,
1750,hyena/cropped_images/head/eeed33f6-863c-49df-a1e3-1f711738b244/train2022_000000002190_head.jpg,train2022_000000002190,head,0,True,center,2,0.94140625,0.5553808793456033,885ed1ece5d48ef6127a921c5aa5dea024de64c0c8ac5a13816e2f928d36adb3
1751,hyena/cropped_images/head/eeed33f6-863c-49df-a1e3-1f711738b244/train2022_000000002400_head.jpg,train2022_000000002400,head,0,True,center,2,0.90625,0.4413787529801592,8e258b2761bb8c3abad3aff98bdb27b0490f5beb53308cac9263c8e865ec7191
1752,hyena/cropped_images/head/eeed33f6-863c-49df-a1e3-1f711738b244/train2022_000000002618_head.jpg,train2022_000000002618,head,0,False,box_center,2,0.734375,0.5064260414909766,
1753,hyena/cropped_images/head/ef582f4d-8d4e-4962-aeb4-3fd48824c85f/train2022_000000000782_head.jpg,train2022_000000000782,head,0,True,center,0,0.95703125,0.6955005403281266,623cd1b25018e1c8168b544cac1990fb9372216dce3c26bb681e378f3a2db663
1754,hyena/cropped_images/head/ef582f4d-8d4e-4962-aeb4-3fd48824c85f/train2022_000000000903_head.jpg,train2022_000000000903,head,0,True,box_center,0,0.88671875,0.8389830508474576,d00853414efa9d3c936c23d9586fc0451514a3ecc0fc24b9ef6e954edda426d8
1755,hyena/cropped_images/head/ef582f4d-8d4e-4962-aeb4-3fd48824c85f/train2022_000000000981_head.jpg,train2022_000000000981,head,0,True,center,2,0.890625,0.6111876550013778,e5447748d6a71508e9c0ed3458a5e0055f7b0941376ee8cffedb6f82c97d2548
1756,hyena/cropped_images/head/ef582f4d-8d4e-4962-aeb4-3fd48824c85f/train2022_000000001435_head.jpg,train2022_000000001435,head,0,True,center,0,0.93359375,0.5731346731346731,b502fafbcd834b517d82b780b76150661b0f4b8c8e1a558c4011760191d7f2f6
1757,hyena/cropped_images/head/ef582f4d-8d4e-4962-aeb4-3fd48824c85f/train2022_000000001602_head.jpg,train2022_000000001602,head,0,True,center,0,0.96484375,0.5450030102347984,a7c143214d9188be27324da35ecd10d7602ecd018ad740018700aae1693e645f
1758,hyena/cropped_images/head/ef582f4d-8d4e-4962-aeb4-3fd48824c85f/train2022_000000002169_head.jpg,train2022_000000002169,head,0,False,box_center,0,0.80078125,0.8592085235920852,
1759,hyena/cropped_images/head/ef582f4d-8d4e-4962-aeb4-3fd48824c85f/train2022_000000002793_head.jpg,train2022_000000002793,head,0,True,center,0,0.984375,0.6977259725400458,e3cc834538e53b92a912189cedc694f7af38f586801f38630e8b3545ade15f0d
1760,hyena/cropped_images/head/f0981810-e7ce-4e48-b699-c17fbbca7f3c/train2022_000000000160_head.jpg,train2022_000000000160,head,0,False,box_center,2,0.80078125,0.5652970922882428,
1761,hyena/cropped_images/head/f0981810-e7ce-4e48-b699-c17fbbca7f3c/train2022_000000000645_head.jpg,train2022_000000000645,head,0,True,center,2,0.93359375,0.5294301327088212,6d4bc3a8eb954bf9ac3037a543e34dd111173dfffa632fb1193e46a17db3eb26
1762,hyena/cropped_images/head/f0981810-e7ce-4e48-b699-c17fbbca7f3c/train2022_000000002919_head.jpg,train2022_000000002919,head,0,True,center,0,0.90625,0.6000692520775623,e98359119a95d969779e0b79e13ff7ab7ec871a9577a2332d715605c8c052303
1763,hyena/cropped_images/head/f1aa3589-f203-4455-a293-86f392932895/train2022_000000000054_head.jpg,train2022_000000000054,head,0,True,center,0,0.96875,0.6743227274716618,863095df14e2b40184a17b5e121fdec841552ef2195ec40b537eebd610fdbc35
1764,hyena/cropped_images/head/f1aa3589-f203-4455-a293-86f392932895/train2022_000000000073_head.jpg,train2022_000000000073,head,0,True,box_center,2,0.92578125,0.6268408134642356,495f565126b4d020a44026894f4f17aa57220c2155e28fd9bf96e84beaa89cf4
1765,hyena/cropped_images/head/f1aa3589-f203-4455-a293-86f392932895/train2022_000000000112_head.jpg,train2022_000000000112,head,0,True,center,0,0.96875,0.6840923772609819,337c6b3d95c229b3da64bc753ee090316445df3ee3dba0327c735ff93faf8979
1766,hyena/cropped_images/head/f1aa3589-f203-4455-a293-86f392932895/train2022_000000000180_head.jpg,train2022_000000000180,head,0,False,box_center,2,0.828125,0.4865501179725002,
1767,hyena/cropped_images/head/f1aa3589-f203-4455-a293-86f392932895/train2022_000000000229_head.jpg,train2022_000000000229,head,0,True,box_center,2,0.88671875,0.47185792349726774,3ad3f1feb57f6b0d84597fafaf08fad031c45faccc5144c11fa91c364914aaa4
1768,hyena/cropped_images/head/f1aa3589-f203-4455-a293-86f392932895/train2022_000000000277_head.jpg,train2022_000000000277,head,0,True,box_center,0,0.921875,0.6687500857609396,91045f0380f1ae7acc9fa2ae0a37a075250265acebb4d9a397d6639ad41efcdc
1769,hyena/cropped_images/head/f1aa3589-f203-4455-a293-86f392932895/train2022_000000000309_head.jpg,train2022_000000000309,head,0,True,center,0,0.9765625,0.5986718851440337,431b6e89dbd8adb97225c132123f6af5adae5a44099153702df6fb7b17c8a0da
1770,hyena/cropped_images/head/f1aa3589-f203-4455-a293-86f392932895/train2022_000000000429_head.jpg,train2022_000000000429,head,0,True,center,0,0.9765625,0.7439819194786083,bcc3d1445188f0a1ab8033724c5933946649459cb83f9b0d79564cfee8668789
1771,hyena/cropped_images/head/f1aa3589-f203-4455-a293-86f392932895/train2022_000000000513_head.jpg,train2022_000000000513,head,0,True,box_center,2,0.95703125,0.6505890939422375,680a9abe823eec08a0ba9f9c56636fa68918812a1144c14cfb14e4ad55ce5d44
1772,hyena/cropped_images/head/f1aa3589-f203-4455-a293-86f392932895/train2022_000000000674_head.jpg,train2022_000000000674,head,0,True,center,0,0.94921875,0.5946568850223982,c919165db57f03694a048e6c856277b89aa5ee45cd7ff72a5586e16f101c10f7
1773,hyena/cropped_images/head/f1aa3589-f203-4455-a293-86f392932895/train2022_000000000733_head.jpg,train2022_000000000733,head,0,True,center,0,0.95703125,0.6364226546578134,2cb654fe946e095274bea79d5f4a098bce3f329a4d1145e16d957d587a3180ab
1774,hyena/cropped_images/head/f1aa3589-f203-4455-a293-86f392932895/train2022_000000000752_head.jpg,train2022_000000000752,head,0,True,center,2,0.90234375,0.47425427497891265,1aecd49c1b79012ad7a1b0a7e13fe37f19913cdc04074982d05127dd3900c1ee
1775,hyena/cropped_images/head/f1aa3589-f203-4455-a293-86f392932895/train2022_000000000797_head.jpg,train2022_000000000797,head,0,True,box_center,0,0.9296875,0.812819089900111,583aab6e03b58680665a123ce0900370acbcae2211ca62d88d259a5f94924670
1776,hyena/cropped_images/head/f1aa3589-f203-4455-a293-86f392932895/train2022_000000000831_head.jpg,train2022_000000000831,head,0,True,center,0,0.98828125,0.7408649760722752,040388580faace0e01c04398f425cd51f4a51f51e4d6b9d06f1c67439ba8d033
1777,hyena/cropped_images/head/f1aa3589-f203-4455-a293-86f392932895/train2022_000000000924_head.jpg,train2022_000000000924,head,0,True,center,0,0.98046875,0.7357572012222336,53649324e61652a041e70c2c6935575a62fda4dc8ea508a0a3a0199049aaae3a
1778,hyena/cropped_images/head/f1aa3589-f203-4455-a293-86f392932895/train2022_000000000940_head.jpg,train2022_000000000940,head,0,True,center,0,0.9765625,0.6517178075006557,d24498ab3e1675fee7a5c397f1cef2302b9b0f39fd17f89dbb2a01c2228ae649
1779,hyena/cropped_images/head/f1aa3589-f203-4455-a293-86f392932895/train2022_000000001222_head.jpg,train2022_000000001222,head,0,True,center,0,0.98046875,0.5670650255235914,ae7b158e6f85cafc8287dafc3e7410403004dd21b508ba5a906b5a61895a3ee1
1780,hyena/cropped_images/head/f1aa3589-f203-4455-a293-86f392932895/train2022_000000001263_head.jpg,train2022_000000001263,head,0,True,box_center,2,0.93359375,0.6515551342488215,9bf9607ee4702638e4eb7687f0fa607dbae8b8b4b413dd95739c2821d2342c80
1781,hyena/cropped_images/head/f1aa3589-f203-4455-a293-86f392932895/train2022_000000001635_head.jpg,train2022_000000001635,head,0,True,center,0,0.9765625,0.6635116883116883,f099023549bf3700a1ce519d317dbaf2ff18a07cdd521aba964e8efb2a6d82d2
1782,hyena/cropped_images/head/f1aa3589-f203-4455-a293-86f392932895/train2022_000000001896_head.jpg,train2022_000000001896,head,0,True,center,2,0.96875,0.1667897054705598,9510926139c920e50021fa1f0be0ba04d41f725fafaec4be2d51d5295b86f0dc
1783,hyena/cropped_images/head/f1aa3589-f203-4455-a293-86f392932895/train2022_000000001929_head.jpg,train2022_000000001929,head,0,True,center,0,0.96875,0.6958545203826596,a498b7688622a8d5d228e03efbab520a810479141165bc18522bcdc99740ae3e
1784,hyena/cropped_images/head/f1aa3589-f203-4455-a293-86f392932895/train2022_000000001941_head.jpg,train2022_000000001941,head,0,True,box_center,0,0.9296875,0.7376327953937232,8d7e587125a0294f8e6cd4f0075abc3a28984cb1bddab51fadf7c3a474e285a0
1785,hyena/cropped_images/head/f1aa3589-f203-4455-a293-86f392932895/train2022_000000002000_head.jpg,train2022_000000002000,head,0,True,center,0,0.9609375,0.7025,8b70b772981a8c0683743249bc2d9f3593cb954b8529a36cdbd8aa199557802b
1786,hyena/cropped_images/head/f1aa3589-f203-4455-a293-86f392932895/train2022_000000002008_head.jpg,train2022_000000002008,head,0,True,center,0,0.96484375,0.6057993730407524,201a3089c82b8867eaab550286bf48b4f33e7bb2c4aeb6e87e5f4dc69819dfd3
1787,hyena/cropped_images/head/f1aa3589-f203-4455-a293-86f392932895/train2022_000000002039_head.jpg,train2022_000000002039,head,0,True,center,0,0.921875,0.6452776775554384,88a931710a7855f90793701aeef544b7adf0073eca696ec5f6115ee090c759f2
1788,hyena/cropped_images/head/f1aa3589-f203-4455-a293-86f392932895/train2022_000000002040_head.jpg,train2022_000000002040,head,0,True,center,0,0.984375,0.6332669145736296,fe63a76310a70b7a2b0ce33d2338356e29912542b4ba14d221b525f7e5a0a845
1789,hyena/cropped_images/head/f1aa3589-f203-4455-a293-86f392932895/train2022_000000002161_head.jpg,train2022_000000002161,head,0,True,center,0,0.94921875,0.5808575955634779,9a65e5a53de594ca3b79576b303ed73ce5fcb5a4174d887907dda19d62c23a43
1790,hyena/cropped_images/head/f1aa3589-f203-4455-a293-86f392932895/train2022_000000002290_head.jpg,train2022_000000002290,head,0,True,center,0,0.98828125,0.6094421321160043,9879da46133cdd3ce2c69976a6b2ebfe6cd31b3bc2f71137553c618dc22ed8ce
1791,hyena/cropped_images/head/f1aa3589-f203-4455-a293-86f392932895/train2022_000000002539_head.jpg,train2022_000000002539,head,0,True,center,0,0.9765625,0.7571011062267523,04f95e4e2e53d653be79810c2ea2b9fbc7ecd49240a29ef6142b25db0fb208ac
1792,hyena/cropped_images/head/f1aa3589-f203-4455-a293-86f392932895/train2022_000000002828_head.jpg,train2022_000000002828,head,0,True,center,0,0.97265625,0.8145338917325888,f465266da49442867f7367cd854daf4cfb2cdc7dbf2dd8fb64ee316c84ff48b4
1793,hyena/cropped_images/head/f1aa3589-f203-4455-a293-86f392932895/train2022_000000002851_head.jpg,train2022_000000002851,head,0,True,center,0,0.9765625,0.5700171379605827,f7d1e6b67df147a409515c9bbc7d5f4a4cdfe6eebd460cac4a803ced6ee075f6
1794,hyena/cropped_images/head/f1aa3589-f203-4455-a293-86f392932895/train2022_000000002856_head.jpg,train2022_000000002856,head,0,True,box_center,2,0.9609375,0.7595443677950874,f18cd708bbd0e2641ca6513e3bb69014d83f351417febd1c85d3afa03ec6af6f
1795,hyena/cropped_images/head/f1aa3589-f203-4455-a293-86f392932895/train2022_000000003041_head.jpg,train2022_000000003041,head,0,True,center,0,0.97265625,0.6877776888284033,d306397b62c3a2cd48946a2d409da2819c35c8338559f2837a41fc2cae64728e
1796,hyena/cropped_images/head/f283fa30-6a63-47e6-82f5-0db96d01feb0/train2022_000000001329_head.jpg,train2022_000000001329,head,0,True,center,2,0.95703125,0.565992372740839,dc310b50f37e9fd0fbe46a9bdded1c670546bc50e7fc02e10a4985ecec340a2e
1797,hyena/cropped_images/head/f283fa30-6a63-47e6-82f5-0db96d01feb0/train2022_000000001933_head.jpg,train2022_000000001933,head,0,True,center,2,0.92578125,0.4925477512129027,a364145a5847c386e841ea59316bc7274bf393be71b6b21da9e4529d81b33afe
1798,hyena/cropped_images/head/f283fa30-6a63-47e6-82f5-0db96d01feb0/train2022_000000002119_head.jpg,train2022_000000002119,head,0,True,box_center,0,0.8515625,0.8330307431614621,5da231b4b146c644b8567e5f2f8965ef72584c996e0e7df6df8235bf8fa7dce7
1799,hyena/cropped_images/head/f283fa30-6a63-47e6-82f5-0db96d01feb0/train2022_000000002267_head.jpg,train2022_000000002267,head,0,True,box_center,2,0.9765625,0.6772486772486772,c3f0f4149823b4b5e5c493291ce66edffe9e0692fcb422170de493f2b0ca7bbc
1800,hyena/cropped_images/head/f283fa30-6a63-47e6-82f5-0db96d01feb0/train2022_000000002502_head.jpg,train2022_000000002502,head,0,True,box_center,2,0.96875,0.6228430271726926,b689a393205a57cb835a51daab2b29ae071b6744a020091c4fa055686c4753ca
1801,hyena/cropped_images/head/f4a2038b-8da9-451e-ae71-80cb90cb07b3/train2022_000000000359_head.jpg,train2022_000000000359,head,0,True,center,0,0.98046875,0.6298041675799466,a87bf4f48443b7f6ff96bf0aafb1a52df0832424270895881808dab0e4a6b5bf
1802,hyena/cropped_images/head/f4a2038b-8da9-451e-ae71-80cb90cb07b3/train2022_000000000479_head.jpg,train2022_000000000479,head,0,False,box_center,2,0.71875,0.5326569845398297,
1803,hyena/cropped_images/head/f4a2038b-8da9-451e-ae71-80cb90cb07b3/train2022_000000000492_head.jpg,train2022_000000000492,head,0,True,center,0,0.97265625,0.641232881559857,966c041d38f3d890ddacfbc161f5454174a1a31de4779e0cc63a2015d01a346f
1804,hyena/cropped_images/head/f4a2038b-8da9-451e-ae71-80cb90cb07b3/train2022_000000000533_head.jpg,train2022_000000000533,head,0,True,center,0,0.95703125,0.6844571305471779,28363a7b4f978d3f00bac24069d70c4594096c780604469194c475aad2c9d0d8
1805,hyena/cropped_images/head/f4a2038b-8da9-451e-ae71-80cb90cb07b3/train2022_000000000823_head.jpg,train2022_000000000823,head,0,True,center,0,0.97265625,0.5882967754030746,2718db45994e19c91777d145ae6e9f02efadcb992c82fab6c065f2bcd084ae2a
1806,hyena/cropped_images/head/f4a2038b-8da9-451e-ae71-80cb90cb07b3/train2022_000000000954_head.jpg,train2022_000000000954,head,0,False,center,2,0.83984375,0.4038342177947429,
1807,hyena/cropped_images/head/f4a2038b-8da9-451e-ae71-80cb90cb07b3/train2022_000000001028_head.jpg,train2022_000000001028,head,0,True,center,0,0.9609375,0.5997996441813678,54fe8bca5f6cbcf53170219192165cc2069f8f018883395bcd9fb9342843961b
1808,hyena/cropped_images/head/f4a2038b-8da9-451e-ae71-80cb90cb07b3/train2022_000000001032_head.jpg,train2022_000000001032,head,0,True,center,0,0.94140625,0.5660581730040903,2785289b4d86d6d99cb115aba6f50a2f6b87f5f9033e93e1b627e0d0d7442ece
1809,hyena/cropped_images/head/f4a2038b-8da9-451e-ae71-80cb90cb07b3/train2022_000000001089_head.jpg,train2022_000000001089,head,0,True,center,0,0.96484375,0.7068597322777228,1bcbc30fb059b276e59220ba037b44a719350d700a62540e56b1067d25c31313
1810,hyena/cropped_images/head/f4a2038b-8da9-451e-ae71-80cb90cb07b3/train2022_000000001238_head.jpg,train2022_000000001238,head,0,False,center,2,0.83984375,0.5838944011339475,
1811,hyena/cropped_images/head/f4a2038b-8da9-451e-ae71-80cb90cb07b3/train2022_000000001242_head.jpg,train2022_000000001242,head,0,True,center,0,0.9765625,0.6725661930900871,26da6eeff4a5dd151fbdc83d1fda8e567db32bd567857fd7684a3dbde95ec0d9
1812,hyena/cropped_images/head/f4a2038b-8da9-451e-ae71-80cb90cb07b3/train2022_000000001340_head.jpg,train2022_000000001340,head,0,True,center,0,0.86328125,0.5662579983392761,860b80b16e4d070532f6bd7ec96b3f3b639276431a86694ebf5d73ca7176f6f7
1813,hyena/cropped_images/head/f4a2038b-8da9-451e-ae71-80cb90cb07b3/train2022_000000001414_head.jpg,train2022_000000001414,head,0,True,center,0,0.90625,0.5424949582252953,b4b22c10cca7fd4d881246880579445ea06bfb1034e5a007ecd399962623371d
1814,hyena/cropped_images/head/f4a2038b-8da9-451e-ae71-80cb90cb07b3/train2022_000000001584_head.jpg,train2022_000000001584,head,0,True,center,0,0.984375,0.6797566697711706,e75ee6209d1cb917dbb2113f35016175be7d351f411d403585a957435f348936
1815,hyena/cropped_images/head/f4a2038b-8da9-451e-ae71-80cb90cb07b3/train2022_000000001722_head.jpg,train2022_000000001722,head,0,True,center,0,0.96484375,0.6660920444178804,2a145057ac9fe3835732d5384d6b90291c0bd68444c9474dd689fa3ec599b79d
1816,hyena/cropped_images/head/f4a2038b-8da9-451e-ae71-80cb90cb07b3/train2022_000000002044_head.jpg,train2022_000000002044,head,0,False,box_center,2,0.72265625,0.5749961286941192,
1817,hyena/cropped_images/head/f4a2038b-8da9-451e-ae71-80cb90cb07b3/train2022_000000002091_head.jpg,train2022_000000002091,head,0,False,center,2,0.80859375,0.36981258366800535,
1818,hyena/cropped_images/head/f4a2038b-8da9-451e-ae71-80cb90cb07b3/train2022_000000002545_head.jpg,train2022_000000002545,head,0,True,center,0,0.88671875,0.6921253349824779,b05831228be6055d5075547aa21aaab31c23bc0124be52e9d5086decfe67ed85
1819,hyena/cropped_images/head/f4a2038b-8da9-451e-ae71-80cb90cb07b3/train2022_000000003014_head.jpg,train2022_000000003014,head,0,True,center,2,0.953125,0.5471752052917459,9ef4554c2441a6a57d37f6ce3f7256b876c34c6c874018ab9a387a912dc6cbaf
1820,hyena/cropped_images/head/f5536888-9190-4314-a13f-7ca19b1f07a9/train2022_000000000085_head.jpg,train2022_000000000085,head,0,True,center,0,0.96484375,0.6194635588292304,57df4b77ae8b9cb7d99c7bb388b82af7081efb12ee49c43e6fe50d230d9e33be
1821,hyena/cropped_images/head/f5536888-9190-4314-a13f-7ca19b1f07a9/train2022_000000000247_head.jpg,train2022_000000000247,head,0,True,center,2,0.95703125,0.5442856153952651,ffadaa2399b1fc3fe09188c7520a98eacbe6a5046fed2622e4f1752b43d67591
1822,hyena/cropped_images/head/f5536888-9190-4314-a13f-7ca19b1f07a9/train2022_000000000541_head.jpg,train2022_000000000541,head,0,True,center,0,0.9453125,0.6319655521783182,1ea1a5b58377f34eeb8914f9585ee224bc35e3b193341026432276ee597dcc21
1823,hyena/cropped_images/head/f5536888-9190-4314-a13f-7ca19b1f07a9/train2022_000000000899_head.jpg,train2022_000000000899,head,0,True,center,2,0.89453125,0.4105601092896175,39ac9d57fef924f698cd9b07547225ae77dd1c41a78af61c5058f5ab29563de6
1824,hyena/cropped_images/head/f5536888-9190-4314-a13f-7ca19b1f07a9/train2022_000000000983_head.jpg,train2022_000000000983,head,0,True,center,2,0.96875,0.6138158441630414,9ec2847f525e59855e9e9bc786acc790ebb608d041a909dccc91ac4779ec714b
1825,hyena/cropped_images/head/f5536888-9190-4314-a13f-7ca19b1f07a9/train2022_000000001003_head.jpg,train2022_000000001003,head,0,True,center,2,0.96875,0.6502613447374673,bf3d7533abbd0bd628cfbdf4c571dba88b7cabb637109ccd582f2a6284c5aedf
1826,hyena/cropped_images/head/f5536888-9190-4314-a13f-7ca19b1f07a9/train2022_000000001449_head.jpg,train2022_000000001449,head,0,True,center,0,0.98046875,0.5501413913674839,b04496d44658fe772bbc580cac154de05f200d92d10dcb1d6ad784c162f883ff
1827,hyena/cropped_images/head/f5536888-9190-4314-a13f-7ca19b1f07a9/train2022_000000001526_head.jpg,train2022_000000001526,head,0,True,center,0,0.97265625,0.47396506579165426,4886e8f7e1ce15e9ca0a629e5da9e36c025136fabf09a1b6ef3c2ed526a5557c
1828,hyena/cropped_images/head/f5536888-9190-4314-a13f-7ca19b1f07a9/train2022_000000001623_head.jpg,train2022_000000001623,head,0,False,box_center,0,0.83203125,0.8927165753702576,
1829,hyena/cropped_images/head/f5536888-9190-4314-a13f-7ca19b1f07a9/train2022_000000001715_head.jpg,train2022_000000001715,head,0,False,box_center,0,0.78515625,0.7759347925216599,
1830,hyena/cropped_images/head/f5536888-9190-4314-a13f-7ca19b1f07a9/train2022_000000001877_head.jpg,train2022_000000001877,head,0,True,center,2,0.9375,0.5285098796612687,33bc262191990c88aad8137f8b82d4fe3f16bd181587e9ced430413298b4bb3b
1831,hyena/cropped_images/head/f5536888-9190-4314-a13f-7ca19b1f07a9/train2022_000000002005_head.jpg,train2022_000000002005,head,0,True,box_center,0,0.9140625,0.626346065347446,7454561b16218115eb222db450712cd2f71eacf21f8f1954bda791dba361453c
1832,hyena/cropped_images/head/f83057a7-a975-4900-a056-99f453bdf15f/train2022_000000000351_head.jpg,train2022_000000000351,head,0,True,box_center,0,0.94140625,0.7430950330175137,820a827f98bfe92e83330447ee6c26cf675affb72df31d6ed09dd49896c7df8f
1833,hyena/cropped_images/head/f83057a7-a975-4900-a056-99f453bdf15f/train2022_000000001260_head.jpg,train2022_000000001260,head,0,True,center,0,0.94140625,0.6448052015210174,4e57a6025c1df587f30ed0da44550e7913f8cafd828e025abbae51562cf1ca6e
1834,hyena/cropped_images/head/f83057a7-a975-4900-a056-99f453bdf15f/train2022_000000001469_head.jpg,train2022_000000001469,head,0,False,box_center,2,0.71875,0.6024531024531025,
1835,hyena/cropped_images/head/fa2abd16-8947-4685-9d94-a389233cba74/train2022_000000000043_head.jpg,train2022_000000000043,head,0,True,center,0,0.984375,0.6511625866456084,68f0644d288cefd9a4c9087a0d87e5d0c508782fcfbf2559af1ae1f32c501b8d
1836,hyena/cropped_images/head/fa2abd16-8947-4685-9d94-a389233cba74/train2022_000000000120_head.jpg,train2022_000000000120,head,0,True,center,0,0.890625,0.8011869436201781,a593c9d67870d418de3ecb7be70ca28f614bb88c660eac8a8321b0a16e0beaec
1837,hyena/cropped_images/head/fa2abd16-8947-4685-9d94-a389233cba74/train2022_000000000384_head.jpg,train2022_000000000384,head,0,True,box_center,2,0.91015625,0.7627604627712392,21cb5a76258df4cddac7003cb5670a4c036cea5cec23f7e596ebe80c2ec7a757
1838,hyena/cropped_images/head/fa2abd16-8947-4685-9d94-a389233cba74/train2022_000000000437_head.jpg,train2022_000000000437,head,0,True,center,0,0.98046875,0.6229089151261242,9a24dd3b0c60f5e2b0da832a14b5c97e43e8d4593ac2f4709765d678070e0baa
1839,hyena/cropped_images/head/fa2abd16-8947-4685-9d94-a389233cba74/train2022_000000000648_head.jpg,train2022_000000000648,head,0,True,box_center,2,0.95703125,0.5679473829421764,cbdc997614cb1c24d72adf22728768c1a3e32573776135ee99dc96115af2f9d9
1840,hyena/cropped_images/head/fa2abd16-8947-4685-9d94-a389233cba74/train2022_000000000712_head.jpg,train2022_000000000712,head,0,True,center,0,0.98828125,0.7671552768237851,a6d03f534f25dcb4c9f45fdf051cc2e6bd04353c7da114bb6f78f486b3000780
1841,hyena/cropped_images/head/fa2abd16-8947-4685-9d94-a389233cba74/train2022_000000001097_head.jpg,train2022_000000001097,head,0,True,center,0,0.98046875,0.8053135017309911,e909e6c9879bac276caaeff60baaee76d2ebda8ee50c4f42654a86b8c8e6c6b6
1842,hyena/cropped_images/head/fa2abd16-8947-4685-9d94-a389233cba74/train2022_000000001636_head.jpg,train2022_000000001636,head,0,False,center,2,0.7734375,0.4638891765328547,
1843,hyena/cropped_images/head/fa2abd16-8947-4685-9d94-a389233cba74/train2022_000000001916_head.jpg,train2022_000000001916,head,0,True,box_center,0,0.95703125,0.7471823832442499,40df11bf6eb0f89622730f82280e26d7ee289cdd0da6c463282b537e93e7fcda
1844,hyena/cropped_images/head/fa2abd16-8947-4685-9d94-a389233cba74/train2022_000000002413_head.jpg,train2022_000000002413,head,0,True,center,0,0.9765625,0.6644444444444444,e6f562f74de5f39448f8aa72da1bdc7ea57e569cc1a65ae53d637808b091f5b9
1845,hyena/cropped_images/head/fa2abd16-8947-4685-9d94-a389233cba74/train2022_000000002557_head.jpg,train2022_000000002557,head,0,True,center,0,0.95703125,0.6711839152002113,0796cd1e35e6dc55cc01ed6f1902a9be501dad47e7fdfcffc9b9a5d29ffd91df
1846,hyena/cropped_images/head/fa2abd16-8947-4685-9d94-a389233cba74/train2022_000000002882_head.jpg,train2022_000000002882,head,0,True,center,0,0.9765625,0.7370427328054446,2e10c36174d056510ba615555b57c11c68a97210724877aca5c98cb309bf89db
1847,hyena/cropped_images/head/fac82e27-beb0-4e8e-bf1f-13a381f0d459/train2022_000000000887_head.jpg,train2022_000000000887,head,0,True,box_center,0,0.96875,0.6952092511013216,a4c7d8351e5e89ca99a131b06f56561906cf1fd7fd4c23a15c32877ecb9149f2
1848,hyena/cropped_images/head/fac82e27-beb0-4e8e-bf1f-13a381f0d459/train2022_000000001397_head.jpg,train2022_000000001397,head,0,True,center,2,0.94140625,0.6322498826832759,1045fe2517191182bb29050db27b74f9afea4bdc204e4330320381cb32da2d79
1849,hyena/cropped_images/head/fac82e27-beb0-4e8e-bf1f-13a381f0d459/train2022_000000001773_head.jpg,train2022_000000001773,head,0,True,center,2,0.91796875,0.6466550292508021,a4405a9ab31ee4ed96be22b9fee443467260cac246ab5cf34cdb1e00d7b10ce7
1850,hyena/cropped_images/head/fac82e27-beb0-4e8e-bf1f-13a381f0d459/train2022_000000002494_head.jpg,train2022_000000002494,head,0,True,box_center,0,0.8828125,0.8666221489149567,87016ad8903c0553801af22dc8d8f43e9c34fb98a96c15fe3b2e0581a31c1ec2
1851,hyena/cropped_images/head/fac82e27-beb0-4e8e-bf1f-13a381f0d459/train2022_000000002987_head.jpg,train2022_000000002987,head,0,True,center,0,0.98828125,0.6720999195818255,5acff6032e44da43331f23c36ef714221e858c161babb2306f5a4afed2fb3b18
1852,hyena/cropped_images/head/faf75b6e-88a9-4213-ad92-b3c8d1accdfc/train2022_000000000828_head.jpg,train2022_000000000828,head,0,True,box_center,0,0.9296875,0.8461568474444011,c846fc84f9415658dd73f7991245014eb2aae73eeb2ff3e4dfd1523d2f6d2952
1853,hyena/cropped_images/head/faf75b6e-88a9-4213-ad92-b3c8d1accdfc/train2022_000000001428_head.jpg,train2022_000000001428,head,0,True,box_center,2,0.97265625,0.6959909539473684,7090f5950eb86daabac40cd7ac7853cc16f8aafcaf45ddb320cb566876fbbcdd
1854,hyena/cropped_images/head/faf75b6e-88a9-4213-ad92-b3c8d1accdfc/train2022_000000001632_head.jpg,train2022_000000001632,head,0,True,box_center,2,0.9453125,0.5581616944910929,6a664c99ef146eb203f0027d5f7bd5b2fa12764cebb11da68efe126cba087dc4
1855,hyena/cropped_images/head/faf75b6e-88a9-4213-ad92-b3c8d1accdfc/train2022_000000001884_head.jpg,train2022_000000001884,head,0,True,box_center,2,0.93359375,0.629770298521029,88e6b50dca17c95567dd0bc5fa0eaeb54006dd7aad9aa8692079527c3a14d9f8
1856,hyena/cropped_images/head/faf75b6e-88a9-4213-ad92-b3c8d1accdfc/train2022_000000001957_head.jpg,train2022_000000001957,head,0,True,box_center,2,0.91796875,0.5676331652466238,25a3a67a0727adf6d197a44a758249004636e2e80b56a1c781a4988c226caaf6
1857,hyena/cropped_images/head/faf75b6e-88a9-4213-ad92-b3c8d1accdfc/train2022_000000003060_head.jpg,train2022_000000003060,head,0,True,center,0,0.96875,0.7248350704293842,ff7e6e5dd7f661b4d3b4f0fd6efd0d46117e827e42351e381b77821db7b15fd5
1858,hyena/cropped_images/head/fb14f620-2472-467f-a38d-b2d0a2b8081c/train2022_000000000030_head.jpg,train2022_000000000030,head,0,True,center,0,0.95703125,0.5734973213788821,ac114365da2ad7543644976dc0adb2721f0c50630d0cd4c1b3b3e7039d33af6f
1859,hyena/cropped_images/head/fb14f620-2472-467f-a38d-b2d0a2b8081c/train2022_000000000238_head.jpg,train2022_000000000238,head,0,True,center,0,0.96484375,0.6327628361858191,cc3fea4aacc818ffec659b714b96574b7ee17d9f071afd8a98bd4e73cdb74e38
1860,hyena/cropped_images/head/fb14f620-2472-467f-a38d-b2d0a2b8081c/train2022_000000000440_head.jpg,train2022_000000000440,head,0,True,box_center,0,0.87890625,0.8263447555537702,0b3a29fbba2086636ab38b41d16687809f8a5de3c60e9805f5412965e37912e5
1861,hyena/cropped_images/head/fb14f620-2472-467f-a38d-b2d0a2b8081c/train2022_000000000625_head.jpg,train2022_000000000625,head,0,True,box_center,0,0.94140625,0.7269254548666313,cb11aa1750b1192f3424295e34dcadac65dcfdef4b388157010a5115624b49b9
1862,hyena/cropped_images/head/fb14f620-2472-467f-a38d-b2d0a2b8081c/train2022_000000001537_head.jpg,train2022_000000001537,head,0,True,center,2,0.9375,0.6033928449278336,c0faacd3acf07107e134fb3156b26cf80985af4cdadbeb9376c1bf4c25e5e51d
1863,hyena/cropped_images/head/fb14f620-2472-467f-a38d-b2d0a2b8081c/train2022_000000001674_head.jpg,train2022_000000001674,head,0,True,box_center,2,0.90234375,0.6170693677928838,5b0b02fb637cacca0d8345d022791476c40c68c1b990e59b13f8963afb56ab04
1864,hyena/cropped_images/head/fb14f620-2472-467f-a38d-b2d0a2b8081c/train2022_000000001697_head.jpg,train2022_000000001697,head,0,True,center,0,0.92578125,0.7121551081282624,ca38805e768ac7c1b3e25e50aca39a38e2c6ec2d24abce3664099183745fb417
1865,hyena/cropped_images/head/fb14f620-2472-467f-a38d-b2d0a2b8081c/train2022_000000001859_head.jpg,train2022_000000001859,head,0,True,center,2,0.9609375,0.6158157090992912,4e30cf327682aa2dea0110cdb292bace75bf55c75823f7f99617ae1507660ee8
1866,hyena/cropped_images/head/fb14f620-2472-467f-a38d-b2d0a2b8081c/train2022_000000002129_head.jpg,train2022_000000002129,head,0,False,box_center,2,0.75,0.606105610561056,
1867,hyena/cropped_images/head/fb14f620-2472-467f-a38d-b2d0a2b8081c/train2022_000000002382_head.jpg,train2022_000000002382,head,0,True,box_center,2,0.96484375,0.6217287488061127,b22240de57cccfdd578441a4348b237727101802286e40b3b250e065d38e3f4e
1868,hyena/cropped_images/head/fb14f620-2472-467f-a38d-b2d0a2b8081c/train2022_000000002705_head.jpg,train2022_000000002705,head,0,True,center,0,0.9765625,0.8044788975021533,33b2993e918b9c9661d5eb514ac07ecad872e0af83cd2de1134e51262d97afb8
1869,hyena/cropped_images/head/fb14f620-2472-467f-a38d-b2d0a2b8081c/train2022_000000002803_head.jpg,train2022_000000002803,head,0,False,box_center,2,0.76953125,0.5091217716860207,
1870,hyena/cropped_images/head/fb14f620-2472-467f-a38d-b2d0a2b8081c/train2022_000000002901_head.jpg,train2022_000000002901,head,0,False,box_center,2,0.8359375,0.7670335907883801,
1871,hyena/cropped_images/head/fd17ea5e-9fc6-4027-9f2f-5d5a5e67d653/train2022_000000000424_head.jpg,train2022_000000000424,head,0,True,box_center,2,0.890625,0.6069111564394584,eef67b93baf44b891245fda2102cd9dd666c9e5958f65f54a3f1d7415909d96a
1872,hyena/cropped_images/head/fd17ea5e-9fc6-4027-9f2f-5d5a5e67d653/train2022_000000000774_head.jpg,train2022_000000000774,head,0,True,center,2,0.984375,0.7320919820919821,be5b5fc92cc70451d12c906417c100d728e193719b84e32723a96193754b9f53
1873,hyena/cropped_images/head/fd17ea5e-9fc6-4027-9f2f-5d5a5e67d653/train2022_000000002014_head.jpg,train2022_000000002014,head,0,True,center,2,0.953125,0.599025974025974,f28ff0675e627b9feecf7a9714a42f0b40fafdaa2f00d27bbfca4972a2f64904
1874,hyena/cropped_images/head/fd17ea5e-9fc6-4027-9f2f-5d5a5e67d653/train2022_000000002908_head.jpg,train2022_000000002908,head,0,True,box_center,0,0.90625,0.711304801196899,cc9d2e80e1e52e6d8f78ce6754e1488f2bf5022f21676091a29565443e251e7e
1875,hyena/cropped_images/head/fd56348b-a8c7-4635-800f-bf5f8c3dd4a0/train2022_000000000594_head.jpg,train2022_000000000594,head,0,False,box_center,2,0.73828125,0.512179543523483,
1876,hyena/cropped_images/head/fd56348b-a8c7-4635-800f-bf5f8c3dd4a0/train2022_000000000642_head.jpg,train2022_000000000642,head,0,True,center,0,0.91796875,0.6540139326911457,b2875d9f14574edd343267d56f8c459495d64b476e4e1f830b9d346870cfc637
1877,hyena/cropped_images/head/fd56348b-a8c7-4635-800f-bf5f8c3dd4a0/train2022_000000000659_head.jpg,train2022_000000000659,head,0,False,box_center,0,0.8203125,0.8780141087833395,
1878,hyena/cropped_images/head/fd56348b-a8c7-4635-800f-bf5f8c3dd4a0/train2022_000000001084_head.jpg,train2022_000000001084,head,0,False,center,2,0.84765625,0.3184127551476314,
1879,hyena/cropped_images/head/fd56348b-a8c7-4635-800f-bf5f8c3dd4a0/train2022_000000001297_head.jpg,train2022_000000001297,head,0,True,center,2,0.85546875,0.2946377396140701,721d0a85bfc3d20e939f9e5dd16ae917b40378d1c10bfe264f3ecc7acc0084d2
1880,hyena/cropped_images/head/fd56348b-a8c7-4635-800f-bf5f8c3dd4a0/train2022_000000001395_head.jpg,train2022_000000001395,head,0,True,center,2,0.85546875,0.382892412310054,622909c322a4d2c7a9f6ef21f10e0226193c3bb60ad94957e75a8f48b04d47b4
1881,hyena/cropped_images/head/fd56348b-a8c7-4635-800f-bf5f8c3dd4a0/train2022_000000001518_head.jpg,train2022_000000001518,head,0,False,box_center,2,0.828125,0.8114462400093343,
1882,hyena/cropped_images/head/fd56348b-a8c7-4635-800f-bf5f8c3dd4a0/train2022_000000001586_head.jpg,train2022_000000001586,head,0,True,box_center,2,0.8671875,0.6279833333333333,6c6a232e658995ad6a06c4eb40af8803f646ac7af4388ebed3993e1a2138140b
1883,hyena/cropped_images/head/fd56348b-a8c7-4635-800f-bf5f8c3dd4a0/train2022_000000001589_head.jpg,train2022_000000001589,head,0,True,center,2,0.9453125,0.5129684269390098,b3c74be41ea4ef009bc421bf491159c8b4afda21372c31bd1764c55a89c78244
1884,hyena/cropped_images/head/fd56348b-a8c7-4635-800f-bf5f8c3dd4a0/train2022_000000001645_head.jpg,train2022_000000001645,head,0,True,center,2,0.9765625,0.628765368852459,31d986a24b61cb98615ff059fff4deed12c9c9a81dc94520fdf8444a5ed3b7ea
1885,hyena/cropped_images/head/fd56348b-a8c7-4635-800f-bf5f8c3dd4a0/train2022_000000001677_head.jpg,train2022_000000001677,head,0,False,box_center,0,0.83984375,0.6921896792189679,
1886,hyena/cropped_images/head/fd56348b-a8c7-4635-800f-bf5f8c3dd4a0/train2022_000000001691_head.jpg,train2022_000000001691,head,0,False,box_center,2,0.80859375,0.8467687074829932,
1887,hyena/cropped_images/head/fd56348b-a8c7-4635-800f-bf5f8c3dd4a0/train2022_000000001750_head.jpg,train2022_000000001750,head,0,True,box_center,2,0.953125,0.6021863347187472,9cdbd515e0b8aedfa1072a59b7fecbfc5a06672c66b2aec1676a40477c87dcfe
1888,hyena/cropped_images/head/fd56348b-a8c7-4635-800f-bf5f8c3dd4a0/train2022_000000001770_head.jpg,train2022_000000001770,head,0,True,center,2,0.88671875,0.5117962811869283,72c0343be3202b1b618696473c74ae25b5375881843da79c5154d0740f9743e8
1889,hyena/cropped_images/head/fd56348b-a8c7-4635-800f-bf5f8c3dd4a0/train2022_000000001860_head.jpg,train2022_000000001860,head,0,True,center,2,0.9140625,0.4098812685517888,a95a3411fbcb361f48681ac6fcd7e323d2c95722c729ede1ddec9592835632d6
1890,hyena/cropped_images/head/fd56348b-a8c7-4635-800f-bf5f8c3dd4a0/train2022_000000002194_head.jpg,train2022_000000002194,head,0,True,center,0,0.953125,0.6165978773584906,5f53c4b55f92d642b5fa2b3bd8cd4839bc27d7cbdc6468932ea98812a5398fc9
1891,hyena/cropped_images/head/fd56348b-a8c7-4635-800f-bf5f8c3dd4a0/train2022_000000002647_head.jpg,train2022_000000002647,head,0,True,center,2,0.91015625,0.4613701321900679,4a9d8b66a8722d91ba213adf922dd9264cab2b122912ea889bbaf9919e45a7cb
1892,hyena/cropped_images/head/fd56348b-a8c7-4635-800f-bf5f8c3dd4a0/train2022_000000003008_head.jpg,train2022_000000003008,head,0,True,center,0,0.89453125,0.5414133833646029,3f832f5d69e935398e0b8717eeda69f79cf5403156cd86b9901d88ce60c211d4
1893,hyena/cropped_images/head/fdcab2e1-312d-4116-bdef-7bfdfcefe705/train2022_000000000009_head.jpg,train2022_000000000009,head,0,True,box_center,0,0.91015625,0.7641176595986584,ac803af7e027b62dea57c50a21b037c4c1be2800f1c9353cd47015951909711b
1894,hyena/cropped_images/head/fdcab2e1-312d-4116-bdef-7bfdfcefe705/train2022_000000000122_head.jpg,train2022_000000000122,head,0,True,box_center,2,0.87890625,0.6620796800671579,6a09cd8ceefa72872293fc8bc6f9139f31a496f7730b9910555c2965ffba70ba
1895,hyena/cropped_images/head/fdcab2e1-312d-4116-bdef-7bfdfcefe705/train2022_000000001832_head.jpg,train2022_000000001832,head,0,True,box_center,2,0.8984375,0.5246795669237622,448cf68bc7acd5bc1b33c002381da31010ac7eb40e73035bb8b68d15a9aeed82
1896,hyena/cropped_images/head/fdcab2e1-312d-4116-bdef-7bfdfcefe705/train2022_000000002304_head.jpg,train2022_000000002304,head,0,False,box_center,0,0.83984375,0.828999049730757,
1897,hyena/cropped_images/head/fdcab2e1-312d-4116-bdef-7bfdfcefe705/train2022_000000002857_head.jpg,train2022_000000002857,head,0,True,center,2,0.91796875,0.6537632421778763,21858712b2f8bec90cfbf53c7e54e39f66594c01e6eede191416cda27b275e74
1898,hyena/cropped_images/head/fe44d727-75e4-4452-9428-95a5f3c7ea73/train2022_000000000186_head.jpg,train2022_000000000186,head,0,False,box_center,2,0.72265625,0.5446969696969697,
1899,hyena/cropped_images/head/fe44d727-75e4-4452-9428-95a5f3c7ea73/train2022_000000000362_head.jpg,train2022_000000000362,head,0,True,center,2,0.9296875,0.584785639595678,f0e5983d9b4be303c308581ffe0ca1a71f865d811ecaf31d8a2e61a4c1160604
1900,hyena/cropped_images/head/fe44d727-75e4-4452-9428-95a5f3c7ea73/train2022_000000000629_head.jpg,train2022_000000000629,head,0,True,center,2,0.89453125,0.5376340060154505,8bcd1d4082125f05582d334b173a5542a90fc0e1962a82e2a3e95f6950e65913
1901,hyena/cropped_images/head/fe44d727-75e4-4452-9428-95a5f3c7ea73/train2022_000000001166_head.jpg,train2022_000000001166,head,0,False,box_center,0,0.84765625,0.8877527573529411,
1902,hyena/cropped_images/head/fe44d727-75e4-4452-9428-95a5f3c7ea73/train2022_000000001350_head.jpg,train2022_000000001350,head,0,False,box_center,2,0.81640625,0.5165377176015474,
1903,hyena/cropped_images/head/fe44d727-75e4-4452-9428-95a5f3c7ea73/train2022_000000001591_head.jpg,train2022_000000001591,head,0,True,box_center,2,0.86328125,0.5915819377990431,83fe909be0c5b18f059ac89799481869fc106b75997ea16af1daf3f8fbfc62fd
1904,hyena/cropped_images/head/fe44d727-75e4-4452-9428-95a5f3c7ea73/train2022_000000002009_head.jpg,train2022_000000002009,head,0,True,center,2,0.92578125,0.5933269487697892,5aa25437574201869f7130276f3ee2c4679f58d8415f0e50202b50ccba26f8cb
1905,hyena/cropped_images/head/fe44d727-75e4-4452-9428-95a5f3c7ea73/train2022_000000002203_head.jpg,train2022_000000002203,head,0,True,box_center,0,0.92578125,0.8111678832116789,73f00fbd7de63cdda6bf255cdaf64f380d27e19f493e882ac3eb13ae6966fab7
1906,hyena/cropped_images/head/fee1977a-deac-4eb4-a1ba-5a5f669a9817/train2022_000000000010_head.jpg,train2022_000000000010,head,0,False,box_center,2,0.7578125,0.31739031645046684,
1907,hyena/cropped_images/head/fee1977a-deac-4eb4-a1ba-5a5f669a9817/train2022_000000000053_head.jpg,train2022_000000000053,head,0,True,center,0,0.96484375,0.699989625300434,efa65b64ad86d01f0780e15aeab58aec75543a7af676df9d0d4cc5659c20afc9
1908,hyena/cropped_images/head/fee1977a-deac-4eb4-a1ba-5a5f669a9817/train2022_000000000086_head.jpg,train2022_000000000086,head,0,False,box_center,2,0.77734375,0.7107102865962533,
1909,hyena/cropped_images/head/fee1977a-deac-4eb4-a1ba-5a5f669a9817/train2022_000000000164_head.jpg,train2022_000000000164,head,0,True,center,0,0.89453125,0.4813284507529112,02f6a691fa0ec96b5cb7a9882a7869eb5a6d777de2bea9c566921f12fd1a17aa
1910,hyena/cropped_images/head/fee1977a-deac-4eb4-a1ba-5a5f669a9817/train2022_000000000192_head.jpg,train2022_000000000192,head,0,True,center,0,0.94140625,0.4562973066944823,5960e7e4d9a67f12bf732aa3dc5f1f7d61a8eed4d33c3fac691d89b821acd39e
1911,hyena/cropped_images/head/fee1977a-deac-4eb4-a1ba-5a5f669a9817/train2022_000000000221_head.jpg,train2022_000000000221,head,0,True,box_center,2,0.94140625,0.5801367569925636,ff36ab9540a7503183fbf158bd5e2296ae9c7d3140f415aca64c5bb5419efd5b
1912,hyena/cropped_images/head/fee1977a-deac-4eb4-a1ba-5a5f669a9817/train2022_000000000287_head.jpg,train2022_000000000287,head,0,False,box_center,0,0.73828125,0.7283031966243994,
1913,hyena/cropped_images/head/fee1977a-deac-4eb4-a1ba-5a5f669a9817/train2022_000000000334_head.jpg,train2022_000000000334,head,0,True,center,0,0.93359375,0.5979754034747832,923ab6f8e4cfacca580cfdced2f18c15076af60dd116d9f063f57b3945eeb79a
1914,hyena/cropped_images/head/fee1977a-deac-4eb4-a1ba-5a5f669a9817/train2022_000000000361_head.jpg,train2022_000000000361,head,0,True,center,0,0.92578125,0.7439430315060316,f5ff8621a5e01202c73ed7395171623b0dec932d11a4cfdb4102b0305b550e15
1915,hyena/cropped_images/head/fee1977a-deac-4eb4-a1ba-5a5f669a9817/train2022_000000000366_head.jpg,train2022_000000000366,head,0,True,box_center,2,0.87890625,0.49840564369259494,4dd95cda527df3822924670123cf62acf88cba5717d5403e87d7f26af8809196
1916,hyena/cropped_images/head/fee1977a-deac-4eb4-a1ba-5a5f669a9817/train2022_000000000450_head.jpg,train2022_000000000450,head,0,True,box_center,2,0.8515625,0.4629709593622986,3a9023151c30e4c893f671cb0733e9b99e36a197f79355823856c324569df4a6
1917,hyena/cropped_images/head/fee1977a-deac-4eb4-a1ba-5a5f669a9817/train2022_000000000464_head.jpg,train2022_000000000464,head,0,True,center,0,0.97265625,0.6662082988695892,238e245be30656acac5d67d66d7a5279dab70a2d53abf54a2c054802eef7abe7
1918,hyena/cropped_images/head/fee1977a-deac-4eb4-a1ba-5a5f669a9817/train2022_000000000486_head.jpg,train2022_000000000486,head,0,False,box_center,2,0.8359375,0.7855385566019384,
1919,hyena/cropped_images/head/fee1977a-deac-4eb4-a1ba-5a5f669a9817/train2022_000000000489_head.jpg,train2022_000000000489,head,0,True,center,0,0.98828125,0.6781270841478279,0bb4af0c50ddc242bac14f46239f2231fb4e6da5c7d159ca634177600e5af1ab
1920,hyena/cropped_images/head/fee1977a-deac-4eb4-a1ba-5a5f669a9817/train2022_000000000569_head.jpg,train2022_000000000569,head,0,True,box_center,2,0.90234375,0.540547879735836,c048ff26b1fc516ae6b1cb8dab264659e327437948b1576a28665a4f618d8f86
1921,hyena/cropped_images/head/fee1977a-deac-4eb4-a1ba-5a5f669a9817/train2022_000000000582_head.jpg,train2022_000000000582,head,0,True,box_center,0,0.9453125,0.7206746991441356,9b1a7c0cd70015ed3478df25e43f8e844a1825d980839f34ebd30da971baa3ef
1922,hyena/cropped_images/head/fee1977a-deac-4eb4-a1ba-5a5f669a9817/train2022_000000000605_head.jpg,train2022_000000000605,head,0,True,center,0,0.95703125,0.6928326788693874,56d9d5d9910237b3998546ee2add5bc63c5e1fc36afde24003ceca0988900ee2
1923,hyena/cropped_images/head/fee1977a-deac-4eb4-a1ba-5a5f669a9817/train2022_000000000662_head.jpg,train2022_000000000662,head,0,True,center,0,0.96484375,0.5517543859649123,47b316ba25b7f1e1f0e7440079cdc251573197b69f8ce01867fdcf3827ddf566
1924,hyena/cropped_images/head/fee1977a-deac-4eb4-a1ba-5a5f669a9817/train2022_000000000666_head.jpg,train2022_000000000666,head,0,False,box_center,0,0.6953125,0.6288592947279166,
1925,hyena/cropped_images/head/fee1977a-deac-4eb4-a1ba-5a5f669a9817/train2022_000000000743_head.jpg,train2022_000000000743,head,0,True,box_center,0,0.86328125,0.7683308446406544,010b04bf3e6606eb2cd717db84d07e0fb84bd5f30cfcd39930f21bf8642a9e39
1926,hyena/cropped_images/head/fee1977a-deac-4eb4-a1ba-5a5f669a9817/train2022_000000000748_head.jpg,train2022_000000000748,head,0,True,center,0,0.953125,0.45984526533725617,9ca0b2ce95ca33f960fa79b2fdbd4d78d164031bceca2c06c166541056a9b266
1927,hyena/cropped_images/head/fee1977a-deac-4eb4-a1ba-5a5f669a9817/train2022_000000000830_head.jpg,train2022_000000000830,head,0,True,center,0,0.984375,0.6068001389965518,b885ad7cfebd1fe7e676faded8de916cf4a326b55c7657a72f485c4eddc0ae5e
1928,hyena/cropped_images/head/fee1977a-deac-4eb4-a1ba-5a5f669a9817/train2022_000000000832_head.jpg,train2022_000000000832,head,0,True,box_center,2,0.91015625,0.6942104856469498,34459756573e26e040e8bfb41d96cdc96dc3179d4cd4ab4d591e4ff58773e774
1929,hyena/cropped_images/head/fee1977a-deac-4eb4-a1ba-5a5f669a9817/train2022_000000000881_head.jpg,train2022_000000000881,head,0,True,box_center,2,0.94921875,0.5750083493362278,e7616d2a5a2851973be5425689dbbcb46aab235e20a0f09cc40df9ae22734539
1930,hyena/cropped_images/head/fee1977a-deac-4eb4-a1ba-5a5f669a9817/train2022_000000000967_head.jpg,train2022_000000000967,head,0,True,box_center,0,0.90625,0.7186932943998331,28f5a2cfc4cb120af82b74efb4c4d84bf53b8ac54c1dcee42bb6158e87388980
1931,hyena/cropped_images/head/fee1977a-deac-4eb4-a1ba-5a5f669a9817/train2022_000000001094_head.jpg,train2022_000000001094,head,0,True,center,0,0.9609375,0.7072539159586151,c8457a48cb3e24cf8cfd0aa72818b908178deb6c14ca1228ce4de38007ea2dcf
1932,hyena/cropped_images/head/fee1977a-deac-4eb4-a1ba-5a5f669a9817/train2022_000000001154_head.jpg,train2022_000000001154,head,0,False,box_center,2,0.83984375,0.36545649509803924,
1933,hyena/cropped_images/head/fee1977a-deac-4eb4-a1ba-5a5f669a9817/train2022_000000001161_head.jpg,train2022_000000001161,head,0,True,center,0,0.984375,0.786742951394258,3c29d28dca7ac8541873ad7683ea5b442dfa0f60bf8ceb1d6ff8579546a0649b
1934,hyena/cropped_images/head/fee1977a-deac-4eb4-a1ba-5a5f669a9817/train2022_000000001163_head.jpg,train2022_000000001163,head,0,False,box_center,2,0.80078125,0.4260038369627411,
1935,hyena/cropped_images/head/fee1977a-deac-4eb4-a1ba-5a5f669a9817/train2022_000000001184_head.jpg,train2022_000000001184,head,0,True,center,0,0.9609375,0.6275364353352562,1c82f7e85c957e3b0e15431cdd2047dbe4185699e41a8110da4b079ff26b8a77
1936,hyena/cropped_images/head/fee1977a-deac-4eb4-a1ba-5a5f669a9817/train2022_000000001226_head.jpg,train2022_000000001226,head,0,True,center,2,0.92578125,0.6405463905463905,618eb52f50cde52b956cafb89fc007e27e34f8c172e3a93b2bfee52228b7171f
1937,hyena/cropped_images/head/fee1977a-deac-4eb4-a1ba-5a5f669a9817/train2022_000000001318_head.jpg,train2022_000000001318,head,0,True,center,0,0.91796875,0.45588692243106194,49c010a557ffa0c521c899ffaaca9f05dd4a82fa3a6a537a7da346cc701ab84f
1938,hyena/cropped_images/head/fee1977a-deac-4eb4-a1ba-5a5f669a9817/train2022_000000001439_head.jpg,train2022_000000001439,head,0,True,box_center,0,0.9453125,0.7347041995289952,0103768246b91bf7e7fa2ad61ee6c49804573fda027277b7276b2c1e658d6048
1939,hyena/cropped_images/head/fee1977a-deac-4eb4-a1ba-5a5f669a9817/train2022_000000001443_head.jpg,train2022_000000001443,head,0,True,center,0,0.9609375,0.6583591049663453,9465b81b6b1af9e304058b4e592c7f2ada98565860c4965da41d763a5c2ff75a
1940,hyena/cropped_images/head/fee1977a-deac-4eb4-a1ba-5a5f669a9817/train2022_000000001576_head.jpg,train2022_000000001576,head,0,True,center,0,0.95703125,0.6052492823246822,b6d507f96fe4ac385cb5f63f75e1ee85408afdbd5a5a67bfe0208d54af7ffa35
1941,hyena/cropped_images/head/fee1977a-deac-4eb4-a1ba-5a5f669a9817/train2022_000000001588_head.jpg,train2022_000000001588,head,0,True,center,0,0.984375,0.6310472249670619,6cf7fbd49208aaa4cbb697455639de4a33036ddbfd1c03ec8f5cecb780db1a5a
1942,hyena/cropped_images/head/fee1977a-deac-4eb4-a1ba-5a5f669a9817/train2022_000000001638_head.jpg,train2022_000000001638,head,0,True,center,0,0.9765625,0.6670007785130401,c718761a09a412440abc511a62d2a276da6eee4c614d39eea9a2efe144cac1af
1943,hyena/cropped_images/head/fee1977a-deac-4eb4-a1ba-5a5f669a9817/train2022_000000001687_head.jpg,train2022_000000001687,head,0,True,center,2,0.953125,0.5164748278829604,d4e28cc94bc81277763472111fafc8f6566496ddcc4e3c5b3475b4de7d064bbe
1944,hyena/cropped_images/head/fee1977a-deac-4eb4-a1ba-5a5f669a9817/train2022_000000001837_head.jpg,train2022_000000001837,head,0,False,box_center,2,0.72265625,0.5883273944498434,
1945,hyena/cropped_images/head/fee1977a-deac-4eb4-a1ba-5a5f669a9817/train2022_000000001873_head.jpg,train2022_000000001873,head,0,True,center,0,0.96484375,0.6660258874791747,0177708ffe5a680aee432a85812103cadc70b0abb63946ba54b8c24b6d267cea
1946,hyena/cropped_images/head/fee1977a-deac-4eb4-a1ba-5a5f669a9817/train2022_000000001927_head.jpg,train2022_000000001927,head,0,True,center,0,0.98046875,0.6027045300878973,77c851714c19d0877001eacdb0f7e604d7248ce25423df99eb143d654fcd12bd
1947,hyena/cropped_images/head/fee1977a-deac-4eb4-a1ba-5a5f669a9817/train2022_000000002061_head.jpg,train2022_000000002061,head,0,True,box_center,0,0.875,0.6914862914862915,35253213af7a34ea4b5dc6972d1a142c10508d781d727c0eb58ea6ba4def33d3
1948,hyena/cropped_images/head/fee1977a-deac-4eb4-a1ba-5a5f669a9817/train2022_000000002096_head.jpg,train2022_000000002096,head,0,True,box_center,2,0.921875,0.6053118111356041,14bfa9f32a4b7f244827d00bde548e4da4a9394ab3440d1c5995717be99653bd
1949,hyena/cropped_images/head/fee1977a-deac-4eb4-a1ba-5a5f669a9817/train2022_000000002117_head.jpg,train2022_000000002117,head,0,False,box_center,2,0.8203125,0.643772824959798,
1950,hyena/cropped_images/head/fee1977a-deac-4eb4-a1ba-5a5f669a9817/train2022_000000002172_head.jpg,train2022_000000002172,head,0,True,center,0,0.97265625,0.4916680287675711,b4c3197aa1ea1483034324ddc73939608612b60eac731595a8bd4ad7645523fa
1951,hyena/cropped_images/head/fee1977a-deac-4eb4-a1ba-5a5f669a9817/train2022_000000002242_head.jpg,train2022_000000002242,head,0,True,box_center,0,0.9453125,0.6934465002095683,fdd50586f545e241aa2a4a47f6d02b3ab124d322f30efecbbbe9184d59a8e0a8
1952,hyena/cropped_images/head/fee1977a-deac-4eb4-a1ba-5a5f669a9817/train2022_000000002264_head.jpg,train2022_000000002264,head,0,True,center,0,0.9765625,0.7188470066518847,7bd7fdcd6c816d905a240bd102d83ece73ffe2d6ccc34b0e4a5ab5414a54f1ed
1953,hyena/cropped_images/head/fee1977a-deac-4eb4-a1ba-5a5f669a9817/train2022_000000002275_head.jpg,train2022_000000002275,head,0,True,center,0,0.91796875,0.8050278646129961,c37de4aa438506d9d030e2bc21e7ac63d5ecdfd11c4b47aca2f4403381c825bb
1954,hyena/cropped_images/head/fee1977a-deac-4eb4-a1ba-5a5f669a9817/train2022_000000002316_head.jpg,train2022_000000002316,head,0,True,center,2,0.9609375,0.5001708057821267,0b95bb0b8a4e55e0528b302b205a5023851b3b64c7c5128154817285ca8e4314
1955,hyena/cropped_images/head/fee1977a-deac-4eb4-a1ba-5a5f669a9817/train2022_000000002416_head.jpg,train2022_000000002416,head,0,True,center,0,0.96875,0.7805535160965169,f30492c402f73c83086bc1ed755770baae26b41e1af47d5266fc8ba18d961a65
1956,hyena/cropped_images/head/fee1977a-deac-4eb4-a1ba-5a5f669a9817/train2022_000000002528_head.jpg,train2022_000000002528,head,0,True,center,0,0.98046875,0.6685901845555141,44f10ea88cfeaaebff65159ff43723df33bf07d3e35aea6b198d8cc4f156b502
1957,hyena/cropped_images/head/fee1977a-deac-4eb4-a1ba-5a5f669a9817/train2022_000000002562_head.jpg,train2022_000000002562,head,0,True,center,0,0.9140625,0.535487569084407,2d8c4444279163f9bfa91b1465e80969a91dadefd7c30eb3442d5c3d0e6cc88d
1958,hyena/cropped_images/head/fee1977a-deac-4eb4-a1ba-5a5f669a9817/train2022_000000002594_head.jpg,train2022_000000002594,head,0,True,center,0,0.96875,0.6255545696539485,1c59ab6d14ac00527db0c4008ebb6fdd41a4035888f129d768fa563531991ee4
1959,hyena/cropped_images/head/fee1977a-deac-4eb4-a1ba-5a5f669a9817/train2022_000000002595_head.jpg,train2022_000000002595,head,0,True,box_center,2,0.87109375,0.5252924791086351,13992911cf205e58cf8f21442f6ee5a89c82d0b4e32415e6186c36704aaf8efb
1960,hyena/cropped_images/head/fee1977a-deac-4eb4-a1ba-5a5f669a9817/train2022_000000002760_head.jpg,train2022_000000002760,head,0,True,center,0,0.953125,0.6068793200074725,beaebbc5d964c0fd090137040ca4c53142dd91a47a866f0b2140e7cccb803c03
1961,hyena/cropped_images/head/fee1977a-deac-4eb4-a1ba-5a5f669a9817/train2022_000000002982_head.jpg,train2022_000000002982,head,0,True,box_center,2,0.95703125,0.5945867195867196,24fcf9ebece61754dc4cf93c4fb11e658a2f96f138522e06b55f756cb3a4e51c
1962,hyena/cropped_images/head/fee1977a-deac-4eb4-a1ba-5a5f669a9817/train2022_000000003043_head.jpg,train2022_000000003043,head,0,True,center,2,0.9375,0.5606008098347499,54390dbbdfe061fc631a0c3869a431a457267cf4494db0b6648e707905b478f6
1963,hyena/cropped_images/left body/02e5fbda-3d57-4b0a-be41-2b151ac1ff30/train2022_000000000165_left_body.jpg,train2022_000000000165,left_body,1,True,center,0,0.96484375,0.49633452201344125,fb5ee9fd3cf4e3674cd8520632acc9ae9bc4ff08409d6e98c6b461faa4534717
1964,hyena/cropped_images/left body/02e5fbda-3d57-4b0a-be41-2b151ac1ff30/train2022_000000000433_left_body.jpg,train2022_000000000433,left_body,1,True,center,2,0.88671875,0.3437540387548142,0d7c59c5e27cfa48d6712971e67424e8cab4d2b54bd2bf9c8d50d7d00840afad
1965,hyena/cropped_images/left body/02e5fbda-3d57-4b0a-be41-2b151ac1ff30/train2022_000000000560_left_body.jpg,train2022_000000000560,left_body,1,True,box_center,2,0.93359375,0.428286558819192,b260066cc5037f440dfa165247a119bd8204ce992f83428a80270149fe5eae3d
1966,hyena/cropped_images/left body/02e5fbda-3d57-4b0a-be41-2b151ac1ff30/train2022_000000000851_left_body.jpg,train2022_000000000851,left_body,1,True,box_center,2,0.91796875,0.4293626572365128,ac653815a1dd442d48ab8d4b773e934f0599feaefd96a6c14beb390aa1a03c1e
1967,hyena/cropped_images/left body/02e5fbda-3d57-4b0a-be41-2b151ac1ff30/train2022_000000000923_left_body.jpg,train2022_000000000923,left_body,1,True,box_center,2,0.9375,0.5292485081297866,264cf679535af30ab4ec1e352da42926ae957cbcc6ebaecdc5ea6dad18530f79
1968,hyena/cropped_images/left body/02e5fbda-3d57-4b0a-be41-2b151ac1ff30/train2022_000000001067_left_body.jpg,train2022_000000001067,left_body,1,True,center,0,0.95703125,0.6518441903615666,6d26423504ef1acca57c8b464b1d61f4743c5eacf731c470898903c1f46280b8
1969,hyena/cropped_images/left body/02e5fbda-3d57-4b0a-be41-2b151ac1ff30/train2022_000000001276_left_body.jpg,train2022_000000001276,left_body,1,True,box_center,2,0.88671875,0.4434130138205113,501b7a4284ffde8e0e6962034303f3999b3bf76375467b56242122669bf30432
1970,hyena/cropped_images/left body/02e5fbda-3d57-4b0a-be41-2b151ac1ff30/train2022_000000001587_left_body.jpg,train2022_000000001587,left_body,1,True,center,0,0.9375,0.507487383895268,83563778b1b46925c7e229da341cf54b3a4bd959048e6e63957772fb3e195a9e
1971,hyena/cropped_images/left body/02e5fbda-3d57-4b0a-be41-2b151ac1ff30/train2022_000000001823_left_body.jpg,train2022_000000001823,left_body,1,True,center,0,0.94140625,0.4523866485366169,e558a4cb304d49c54a4819d2d17d84f82d79d80c6c10cb26942e32f223df3f3a
1972,hyena/cropped_images/left body/02e5fbda-3d57-4b0a-be41-2b151ac1ff30/train2022_000000001833_left_body.jpg,train2022_000000001833,left_body,1,True,box_center,2,0.890625,0.4499536024276966,abef8e7a80d5c4d74232575738cfc37fcb1ba214c8a13bb6a7f2dfb5c155adc8
1973,hyena/cropped_images/left body/02e5fbda-3d57-4b0a-be41-2b151ac1ff30/train2022_000000001960_left_body.jpg,train2022_000000001960,left_body,1,True,box_center,2,0.921875,0.49680236463791483,98aee73d39a9934ec8861e3485c4f3c53a5963133720a9a388532f5ac3b6ed0c
1974,hyena/cropped_images/left body/02e5fbda-3d57-4b0a-be41-2b151ac1ff30/train2022_000000001984_left_body.jpg,train2022_000000001984,left_body,1,True,center,0,0.921875,0.35276825179088556,31a3826ad1bd7f18f6f25400b376bab6a1151a7d93b700220b063af70c2779cf
1975,hyena/cropped_images/left body/02e5fbda-3d57-4b0a-be41-2b151ac1ff30/train2022_000000002024_left_body.jpg,train2022_000000002024,left_body,1,True,box_center,2,0.8828125,0.4517389316713776,0d145546deeafa9e452a0cf581c7fa8cfc1cf58e72e68a621f5082933ced1de8
1976,hyena/cropped_images/left body/02e5fbda-3d57-4b0a-be41-2b151ac1ff30/train2022_000000002036_left_body.jpg,train2022_000000002036,left_body,1,True,center,0,0.9765625,0.5006813120242185,10baee9bdacb73e8ae9e397c1a3300a6a540a27928fd1d0992e2de4a033fdaf0
1977,hyena/cropped_images/left body/02e5fbda-3d57-4b0a-be41-2b151ac1ff30/train2022_000000002101_left_body.jpg,train2022_000000002101,left_body,1,True,box_center,2,0.92578125,0.4862184544427535,830b29a33e3e8c39b86c3a1092860d664ec23524468e28ab423b9ac574141a9e
1978,hyena/cropped_images/left body/02e5fbda-3d57-4b0a-be41-2b151ac1ff30/train2022_000000002131_left_body.jpg,train2022_000000002131,left_body,1,True,box_center,2,0.8671875,0.5330255400756968,0ed9c2e27371c15aa4ef456d6ff87ba1782db8b66fb6cbe0f2b0496c1f8bfd6d
1979,hyena/cropped_images/left body/02e5fbda-3d57-4b0a-be41-2b151ac1ff30/train2022_000000002287_left_body.jpg,train2022_000000002287,left_body,1,True,center,0,0.9140625,0.41565494111070794,6cb0356c98feda1a3e43ef26d2104053ab03ad650f69ee469f190646b7426924
1980,hyena/cropped_images/left body/02e5fbda-3d57-4b0a-be41-2b151ac1ff30/train2022_000000002906_left_body.jpg,train2022_000000002906,left_body,1,True,center,0,0.96484375,0.5026257019967687,89a772c27208fa5841b7ec23974bd298005ace76cd8031b620c016b2520dc9ea
1981,hyena/cropped_images/left body/02e5fbda-3d57-4b0a-be41-2b151ac1ff30/train2022_000000002985_left_body.jpg,train2022_000000002985,left_body,1,False,box_center,2,0.84765625,0.43266662262756544,
1982,hyena/cropped_images/left body/02e5fbda-3d57-4b0a-be41-2b151ac1ff30/train2022_000000003099_left_body.jpg,train2022_000000003099,left_body,1,True,box_center,2,0.93359375,0.5040157226861508,3cda982fb7f1a41a2f7a243155c5638bb6cfa61cc3da8ad5ce3093f05424feae
1983,hyena/cropped_images/left body/02f49469-a41a-4829-b9b5-33b9f6f24a88/train2022_000000001278_left_body.jpg,train2022_000000001278,left_body,1,True,center,0,0.95703125,0.2634524465828029,b816384da5530f1715cb93d80f6c0e4ee6d1f37483417f338d83acb164d8cccb
1984,hyena/cropped_images/left body/02f49469-a41a-4829-b9b5-33b9f6f24a88/train2022_000000001670_left_body.jpg,train2022_000000001670,left_body,1,True,box_center,2,0.96875,0.572124436390075,29f61b93aaf49b34e04ced8f6d8e5858b0a856658dced41994b1f548d075bb11
1985,hyena/cropped_images/left body/0469ca59-fa1d-4e41-9885-f797f7b6670b/train2022_000000000200_left_body.jpg,train2022_000000000200,left_body,1,True,box_center,0,0.92578125,0.6736362219451372,8113bd5d5b92afe05f4198d0594eefdf1144ad69c8965ccc91a4e2589011fcd1
1986,hyena/cropped_images/left body/0469ca59-fa1d-4e41-9885-f797f7b6670b/train2022_000000001447_left_body.jpg,train2022_000000001447,left_body,1,True,center,0,0.96875,0.6300795150802325,a7b0e222c13f9741c055f5057624072c536b95779985197809418667e84de595
1987,hyena/cropped_images/left body/0469ca59-fa1d-4e41-9885-f797f7b6670b/train2022_000000002994_left_body.jpg,train2022_000000002994,left_body,1,True,center,2,0.86328125,0.43709822550442207,5301f1cfd4ef5ae51be55c9f0f6bcfb6f413e587f1e6bd601c7ee6e6d9a6214e
1988,hyena/cropped_images/left body/06569257-d4a3-45a1-af58-688cb9a7bf5a/train2022_000000000176_left_body.jpg,train2022_000000000176,left_body,1,False,box_center,2,0.77734375,0.5539204998152065,
1989,hyena/cropped_images/left body/06569257-d4a3-45a1-af58-688cb9a7bf5a/train2022_000000002240_left_body.jpg,train2022_000000002240,left_body,1,False,box_center,2,0.83203125,0.46073866999492513,
1990,hyena/cropped_images/left body/06fed4b8-bd2d-4410-a9b5-84f030997d01/train2022_000000000583_left_body.jpg,train2022_000000000583,left_body,1,True,center,0,0.9765625,0.524576599171054,1c77a089ea39b71f9e2762069b7f110e0cf5cacfe5a1958c464acd1d0a9ef6b9
1991,hyena/cropped_images/left body/06fed4b8-bd2d-4410-a9b5-84f030997d01/train2022_000000001046_left_body.jpg,train2022_000000001046,left_body,1,True,center,0,0.97265625,0.5306013473350505,bd4be6a8dc5dabddb5a286ae30cc05e9b20d95d393eba2b0d92ec70bdf480055
1992,hyena/cropped_images/left body/08626c7e-f14d-4a22-8b38-f8474c0196de/train2022_000000000036_left_body.jpg,train2022_000000000036,left_body,1,True,center,0,0.97265625,0.5776205623194764,1ebb06c43a5dcd35439549af16acc75b1c8c0d3fe2478dc0f5e88d764d6e0733
1993,hyena/cropped_images/left body/08626c7e-f14d-4a22-8b38-f8474c0196de/train2022_000000001396_left_body.jpg,train2022_000000001396,left_body,1,True,box_center,2,0.91015625,0.5407892751686532,4878e3955ce1604d6a1915c41d6190abd08b57e12cae177878abfe1428627653
1994,hyena/cropped_images/left body/08626c7e-f14d-4a22-8b38-f8474c0196de/train2022_000000001408_left_body.jpg,train2022_000000001408,left_body,1,True,box_center,2,0.87109375,0.5553301901576513,4990e0dcf97653e2b7714abb8373d4336f41b0586e84e65717ac54109d6e0b11
1995,hyena/cropped_images/left body/08626c7e-f14d-4a22-8b38-f8474c0196de/train2022_000000001460_left_body.jpg,train2022_000000001460,left_body,1,False,box_center,2,0.81640625,0.5493383979363785,
1996,hyena/cropped_images/left body/08626c7e-f14d-4a22-8b38-f8474c0196de/train2022_000000001685_left_body.jpg,train2022_000000001685,left_body,1,True,box_center,2,0.91015625,0.5887198183160022,b61519beab18a23fc4d5107c8fb6c254cbaee311604d28e64b4247f3fd5a05b8
1997,hyena/cropped_images/left body/08626c7e-f14d-4a22-8b38-f8474c0196de/train2022_000000001790_left_body.jpg,train2022_000000001790,left_body,1,True,box_center,0,0.91796875,0.8724950123574428,164e5e0907de2324912a6f363550cf35194c9bb6fa47db79f1419b114231a22f
1998,hyena/cropped_images/left body/08626c7e-f14d-4a22-8b38-f8474c0196de/train2022_000000002638_left_body.jpg,train2022_000000002638,left_body,1,True,center,0,0.9375,0.5494268841410515,ef7af3c46b4de7961cff30b41e2fe0c489e8007141bcf954f043de62cb4ccc24
1999,hyena/cropped_images/left body/08626c7e-f14d-4a22-8b38-f8474c0196de/train2022_000000003100_left_body.jpg,train2022_000000003100,left_body,1,True,center,0,0.8984375,0.554352836862042,38cbb292defd37511de4aa5de3c58b94e7a37e5c2be2bc17bb75a90ffeb253c4
2000,hyena/cropped_images/left body/08626c7e-f14d-4a22-8b38-f8474c0196de/train2022_000000003104_left_body.jpg,train2022_000000003104,left_body,1,True,center,0,0.90234375,0.4419756345177665,276b1e547114b13ec8418015fe2ebb9daa8852cc5924a6069dd4743bf4b12e51
2001,hyena/cropped_images/left body/0965523b-f66a-4413-99b4-c7483c3cfd27/train2022_000000000379_left_body.jpg,train2022_000000000379,left_body,1,True,center,0,0.96875,0.6151446769261585,016291777be3305e7a900b47d2986d157867636c5ee563a5db918f8ef24b1d4a
2002,hyena/cropped_images/left body/0965523b-f66a-4413-99b4-c7483c3cfd27/train2022_000000001943_left_body.jpg,train2022_000000001943,left_body,1,True,center,0,0.9765625,0.5180193678632263,89449ed4ea065c9c97732947541b950d956d332369998052fa6c549e8e674834
2003,hyena/cropped_images/left body/0965523b-f66a-4413-99b4-c7483c3cfd27/train2022_000000002140_left_body.jpg,train2022_000000002140,left_body,1,True,box_center,2,0.91796875,0.47004854549611585,8fde57466fac7af81379ad3ae730336fd08152adfb60897cf30bd213b197446d
2004,hyena/cropped_images/left body/0a5cd6a9-b021-4725-acca-6d5b257d2e67/train2022_000000000791_left_body.jpg,train2022_000000000791,left_body,1,False,box_center,0,0.8359375,0.8832828394930053,
2005,hyena/cropped_images/left body/0a5cd6a9-b021-4725-acca-6d5b257d2e67/train2022_000000001121_left_body.jpg,train2022_000000001121,left_body,1,False,box_center,0,0.828125,0.8849716297741596,
2006,hyena/cropped_images/left body/0a5cd6a9-b021-4725-acca-6d5b257d2e67/train2022_000000001151_left_body.jpg,train2022_000000001151,left_body,1,False,box_center,2,0.84765625,0.5994779307071666,
2007,hyena/cropped_images/left body/0a5cd6a9-b021-4725-acca-6d5b257d2e67/train2022_000000001181_left_body.jpg,train2022_000000001181,left_body,1,True,center,2,0.89453125,0.21127837822382342,da3b3e5016124b79d85cd87d50f946c6a088f50235dac8980e86b8478f262725
2008,hyena/cropped_images/left body/0a5cd6a9-b021-4725-acca-6d5b257d2e67/train2022_000000002968_left_body.jpg,train2022_000000002968,left_body,1,True,box_center,0,0.859375,0.8462733628844309,5db63a9aadb2458f5fc0fc78b475436b3ff8dcf1cd1a3c56227afa73c1f5911a
2009,hyena/cropped_images/left body/0b85b8c4-5ea9-46bd-8ba2-86ee385b1eb3/train2022_000000000765_left_body.jpg,train2022_000000000765,left_body,1,True,center,0,0.9609375,0.6434517855561414,5a5b6f193749cd4a8a396eb463748ac06255810afeb3aa5522deb548eeb8cf3d
2010,hyena/cropped_images/left body/0d234988-cf58-4e62-b45b-4f23b54b1f2a/train2022_000000000591_left_body.jpg,train2022_000000000591,left_body,1,True,box_center,2,0.9609375,0.45177501199910164,f06e68582fb258637ebcdec4efcb4f12ef218e34745db7705d92c2bd6d6253b3
2011,hyena/cropped_images/left body/0d234988-cf58-4e62-b45b-4f23b54b1f2a/train2022_000000001637_left_body.jpg,train2022_000000001637,left_body,1,True,box_center,0,0.98046875,0.49747245736649226,125fee8cb2b21a5330ef7b49c179b45d71e0b56bd77ea58ce2ab675bff68dd67
2012,hyena/cropped_images/left body/0d234988-cf58-4e62-b45b-4f23b54b1f2a/train2022_000000002412_left_body.jpg,train2022_000000002412,left_body,1,True,box_center,2,0.89453125,0.4076096988002349,930ae175f02beeceec085f67a59473624fae7b6010cbc4eb525cc976c27a363d
2013,hyena/cropped_images/left body/0de12031-f35f-41d5-aced-5ea6ba6e1236/train2022_000000000602_left_body.jpg,train2022_000000000602,left_body,1,True,center,0,0.9765625,0.5196276405298962,eb7d4bec4aec89e55710c11ee71b84691843f6f7218572580ba679becd89e507
2014,hyena/cropped_images/left body/0de12031-f35f-41d5-aced-5ea6ba6e1236/train2022_000000000874_left_body.jpg,train2022_000000000874,left_body,1,True,center,0,0.94921875,0.4140408811461443,db88988e0c91d8d1df7b19d9387660ff339da9a7852052b0c561a590c72784bf
2015,hyena/cropped_images/left body/0de12031-f35f-41d5-aced-5ea6ba6e1236/train2022_000000000943_left_body.jpg,train2022_000000000943,left_body,1,True,center,0,0.96875,0.6449266304347826,33669f2ea83daa25e3c2485953cf6b4c4c58df7a802fb541495e2967d99f5a4b
2016,hyena/cropped_images/left body/0e0b6c85-b5d2-479d-93b1-ee4fbea7f463/train2022_000000000473_left_body.jpg,train2022_000000000473,left_body,1,True,center,0,0.9140625,0.8949960074527549,f91589e3c45a0d92036f179b78958971b040460e1cc11ff058ad00867f617c86
2017,hyena/cropped_images/left body/0e0b6c85-b5d2-479d-93b1-ee4fbea7f463/train2022_000000000643_left_body.jpg,train2022_000000000643,left_body,1,True,box_center,2,0.87890625,0.5392733613469399,7e301159f2f12eafdd15a29c331524c219b1146217b4d4d5622a29f9be1da52a
2018,hyena/cropped_images/left body/0e0b6c85-b5d2-479d-93b1-ee4fbea7f463/train2022_000000001267_left_body.jpg,train2022_000000001267,left_body,1,True,box_center,2,0.86328125,0.5347458830210108,af8a894a38fe25ddae349d7dba4666a1dc752423a22607ae5826be8856e93120
2019,hyena/cropped_images/left body/0eac9e8c-6604-4224-8017-7552aea6cf42/train2022_000000000511_left_body.jpg,train2022_000000000511,left_body,1,False,box_center,2,0.828125,0.492172326305133,
2020,hyena/cropped_images/left body/0eac9e8c-6604-4224-8017-7552aea6cf42/train2022_000000002515_left_body.jpg,train2022_000000002515,left_body,1,True,box_center,2,0.9296875,0.4156701081457675,58fbdf3f6926f95278d0ef873bf2204806e6668f03d4674c5a47e602b6a06fba
2021,hyena/cropped_images/left body/0eac9e8c-6604-4224-8017-7552aea6cf42/train2022_000000002710_left_body.jpg,train2022_000000002710,left_body,1,True,center,0,0.9765625,0.44380917363728284,32a00b4ef9b272fb1616d45da7807dd8dad7b44747fc80d1794d8ca3ad3d292d
2022,hyena/cropped_images/left body/0fe176d4-93fd-4d08-b0fa-a5c571579188/train2022_000000000620_left_body.jpg,train2022_000000000620,left_body,1,True,center,0,0.9609375,0.41029468207599473,57377c18eaa6f59921dfa0a603581c494a7e7e4a92f7ec3933d13a59bb30252b
2023,hyena/cropped_images/left body/0fe176d4-93fd-4d08-b0fa-a5c571579188/train2022_000000001442_left_body.jpg,train2022_000000001442,left_body,1,True,center,0,0.9609375,0.48995722731850966,34f52e303b74fabc784874e71525ae863290226a19183e081c4f6c3fb5d0f1ba
2024,hyena/cropped_images/left body/10d0c599-86ff-4965-a23b-4cd1c951768c/train2022_000000000465_left_body.jpg,train2022_000000000465,left_body,1,True,center,2,0.9609375,0.5719479564533589,2a97689d773f77f3f8820a5730f48d69828ea1478bb36661497a60b2051e4ec9
2025,hyena/cropped_images/left body/10d0c599-86ff-4965-a23b-4cd1c951768c/train2022_000000000977_left_body.jpg,train2022_000000000977,left_body,1,True,center,0,0.95703125,0.646178155620696,7eba9482b2c66a7fedb1fbd477687fb6d9efdf453867b21b56496200f2256196
2026,hyena/cropped_images/left body/10d0c599-86ff-4965-a23b-4cd1c951768c/train2022_000000001322_left_body.jpg,train2022_000000001322,left_body,1,True,center,0,0.96875,0.5736231385779057,38bb56d8c0bb82ac70ac4ba0f67ce9efe9f0c2705260a85c80e49c5822adb221
2027,hyena/cropped_images/left body/10d0c599-86ff-4965-a23b-4cd1c951768c/train2022_000000001804_left_body.jpg,train2022_000000001804,left_body,1,True,box_center,2,0.9765625,0.552048190261985,2fedf247b91a2637998beb4924c21eb6fbfc9da4567fd66717d82282d3fb5071
2028,hyena/cropped_images/left body/10d0c599-86ff-4965-a23b-4cd1c951768c/train2022_000000001967_left_body.jpg,train2022_000000001967,left_body,1,True,box_center,2,0.87890625,0.4576197757390418,2bd6d02c68ee2eb9f654c8ca09404a126cc7ea754615b32dfcf845147906add6
2029,hyena/cropped_images/left body/10d0c599-86ff-4965-a23b-4cd1c951768c/train2022_000000002167_left_body.jpg,train2022_000000002167,left_body,1,True,center,0,0.96875,0.4910243259397961,95334b6fc55dfa1a77ca44a738dd9d655463a27eccac577baffbb63525aa485b
2030,hyena/cropped_images/left body/10d0c599-86ff-4965-a23b-4cd1c951768c/train2022_000000002276_left_body.jpg,train2022_000000002276,left_body,1,True,center,0,0.91015625,0.5581781273156364,ce8d31ec68a150ed0bd0e3c67ab2a820592232e4936e1cb3f4da320d3a30150c
2031,hyena/cropped_images/left body/10d0c599-86ff-4965-a23b-4cd1c951768c/train2022_000000003010_left_body.jpg,train2022_000000003010,left_body,1,True,box_center,2,0.859375,0.43600769739927847,b8d82a8497178002d26c83d3fc35fa46f7471d015a16803d459cf2683cd3b7bb
2032,hyena/cropped_images/left body/11ae9785-7d82-4bd6-8ce9-e94ed362c23f/train2022_000000000627_left_body.jpg,train2022_000000000627,left_body,1,True,center,2,0.9375,0.4554317612212349,0a28960d5fedeff7d84c44c665cdb2caa05061bb5954195a9d1841fe76db20d8
2033,hyena/cropped_images/left body/11ae9785-7d82-4bd6-8ce9-e94ed362c23f/train2022_000000002035_left_body.jpg,train2022_000000002035,left_body,1,True,box_center,2,0.90234375,0.47867740568037304,e338c93b974fe8f5354e0500e47cb944a3b44ccc860ccbdb27fb9fe5aa194065
2034,hyena/cropped_images/left body/1220f464-0f56-455a-891b-98e895b73bae/train2022_000000000453_left_body.jpg,train2022_000000000453,left_body,1,True,center,0,0.95703125,0.6138683373819912,29e8e72661d00c8575750307525dbb94f069c99db2e4ffd8dfd338c78087479e
2035,hyena/cropped_images/left body/1220f464-0f56-455a-891b-98e895b73bae/train2022_000000000762_left_body.jpg,train2022_000000000762,left_body,1,True,center,0,0.96875,0.6459690211203298,492547734ae42e858e2951474187ba53c24d00af1fc7062cc6e2d3aaf06d2704
2036,hyena/cropped_images/left body/1220f464-0f56-455a-891b-98e895b73bae/train2022_000000002459_left_body.jpg,train2022_000000002459,left_body,1,True,box_center,0,0.921875,0.6668975546980739,2f24c2f30f77f24439f81e8963efc32a1910943713865a6546eff29492a6c0f7
2037,hyena/cropped_images/left body/126523de-9fe0-4630-8fb3-256a723adb4a/train2022_000000000640_left_body.jpg,train2022_000000000640,left_body,1,True,center,2,0.94140625,0.5345368182449988,3fbf9efb6ee350e44af3e074722a82d68996452c0daebcc343dfcda2327d7bc9
2038,hyena/cropped_images/left body/126523de-9fe0-4630-8fb3-256a723adb4a/train2022_000000001313_left_body.jpg,train2022_000000001313,left_body,1,True,center,0,0.93359375,0.5800865738788941,23e59a04b2583bc1b1e9425d0deb443a8a1ed1b6e97c93cf9ce6238eff819401
2039,hyena/cropped_images/left body/126523de-9fe0-4630-8fb3-256a723adb4a/train2022_000000002924_left_body.jpg,train2022_000000002924,left_body,1,True,center,0,0.9609375,0.5066966497236375,d69033a23db8a813469c83a7ad83fd87be0c309c64390c39a3bd1cbaad9d4745
2040,hyena/cropped_images/left body/126523de-9fe0-4630-8fb3-256a723adb4a/train2022_000000003094_left_body.jpg,train2022_000000003094,left_body,1,True,center,0,0.984375,0.7290282034240422,6e87110cbad8e63cfa7b10ba534ff234acaa49bb8e8c9d74cf3d512a1d51c38a
2041,hyena/cropped_images/left body/12a16fc6-0581-4276-9dc4-ffe7d8c13617/train2022_000000000077_left_body.jpg,train2022_000000000077,left_body,1,True,center,0,0.97265625,0.587091214336617,a5797fd8001f0c20c4c81514527493c46471ccae9ce81b59d1176116a2327e6e
2042,hyena/cropped_images/left body/12a16fc6-0581-4276-9dc4-ffe7d8c13617/train2022_000000000457_left_body.jpg,train2022_000000000457,left_body,1,True,center,0,0.953125,0.6286713870612204,052c3291fd0a5e21320a5faf87783dcd33cc8017722e723ae8d1dd508d13351c
2043,hyena/cropped_images/left body/12a16fc6-0581-4276-9dc4-ffe7d8c13617/train2022_000000001096_left_body.jpg,train2022_000000001096,left_body,1,False,box_center,2,0.82421875,0.490723354632968,
2044,hyena/cropped_images/left body/12a16fc6-0581-4276-9dc4-ffe7d8c13617/train2022_000000002177_left_body.jpg,train2022_000000002177,left_body,1,True,box_center,2,0.859375,0.48956214756071287,c230e5833418aabdefa288ab26dcede5829107b88abb3e946cb796e3346dfb7b
2045,hyena/cropped_images/left body/12a16fc6-0581-4276-9dc4-ffe7d8c13617/train2022_000000002315_left_body.jpg,train2022_000000002315,left_body,1,True,center,0,0.9453125,0.869368226504993,6de9ada40236fc05af5bd9d366b276c8742ef639a4be9e6090f23af83198a5f3
2046,hyena/cropped_images/left body/143bf01f-d0f1-4ec9-bedd-ad0aa26e0cc2/train2022_000000000162_left_body.jpg,train2022_000000000162,left_body,1,True,center,0,0.9765625,0.48119375511317153,d6cb8fa1657eb573381f7a07b226abab5ec5a9a34dc49a8e336f1d49fecd0717
2047,hyena/cropped_images/left body/143bf01f-d0f1-4ec9-bedd-ad0aa26e0cc2/train2022_000000000293_left_body.jpg,train2022_000000000293,left_body,1,True,box_center,2,0.92578125,0.6220314102435198,f5e158953a559b38ba5f7db35f8517b96488509ef2591c5304169878aecf5697
2048,hyena/cropped_images/left body/143bf01f-d0f1-4ec9-bedd-ad0aa26e0cc2/train2022_000000000549_left_body.jpg,train2022_000000000549,left_body,1,True,center,0,0.9453125,0.5473420876758847,b5b10face2f3885ba4aa500569016b6dd187002e53d81c120964d73eb2576626
2049,hyena/cropped_images/left body/143bf01f-d0f1-4ec9-bedd-ad0aa26e0cc2/train2022_000000002471_left_body.jpg,train2022_000000002471,left_body,1,False,box_center,2,0.671875,0.4977523575132787,
2050,hyena/cropped_images/left body/160e1683-7837-43ea-8ce7-755d101c419c/train2022_000000000335_left_body.jpg,train2022_000000000335,left_body,1,True,box_center,2,0.94921875,0.4051069703243616,ae31b2a2fb720140511369f83770990b75d8513a5dd2afe6ec129f97cf036cb0
2051,hyena/cropped_images/left body/160e1683-7837-43ea-8ce7-755d101c419c/train2022_000000000561_left_body.jpg,train2022_000000000561,left_body,1,True,center,0,0.9609375,0.43651440322375024,922b47a514986e577b8e608cda975aeb4368b10d995a61f01e79fabd1ee12074
2052,hyena/cropped_images/left body/160e1683-7837-43ea-8ce7-755d101c419c/train2022_000000000934_left_body.jpg,train2022_000000000934,left_body,1,True,center,0,0.96484375,0.47601647305275185,f43db5f93a447670fe7a5cb960a628b67cb5974bcf153e541821f5eae38be2d3
2053,hyena/cropped_images/left body/160e1683-7837-43ea-8ce7-755d101c419c/train2022_000000000996_left_body.jpg,train2022_000000000996,left_body,1,True,box_center,0,0.9609375,0.6202924981666604,4bf730fdc271797612c3547b6ea97c349874f63867a7459c225588d50bf9ac59
2054,hyena/cropped_images/left body/160e1683-7837-43ea-8ce7-755d101c419c/train2022_000000001105_left_body.jpg,train2022_000000001105,left_body,1,True,center,0,0.96484375,0.612688014452262,f556ad41c9d3ba46b16c35692b94b25d1450209a78a5d27a7c62e8fd1084e758
2055,hyena/cropped_images/left body/160e1683-7837-43ea-8ce7-755d101c419c/train2022_000000001270_left_body.jpg,train2022_000000001270,left_body,1,True,center,0,0.98046875,0.4964818909206139,48a7642459d6e86adc7c82a8eb7ccbd89fccaedc2d2cc2e3a78378923583ca94
2056,hyena/cropped_images/left body/160e1683-7837-43ea-8ce7-755d101c419c/train2022_000000001425_left_body.jpg,train2022_000000001425,left_body,1,True,center,0,0.96875,0.3622143208028258,f1c095e73b5fbab602bd996aea09b3113e5db6f43f4b52d10a1f8fd29e06494e
2057,hyena/cropped_images/left body/160e1683-7837-43ea-8ce7-755d101c419c/train2022_000000001590_left_body.jpg,train2022_000000001590,left_body,1,True,center,0,0.95703125,0.5610194673193802,c43c85fd6304682a58c84f472253527122e4830035470ef39cc9b73f3a83479b
2058,hyena/cropped_images/left body/160e1683-7837-43ea-8ce7-755d101c419c/train2022_000000001924_left_body.jpg,train2022_000000001924,left_body,1,True,center,0,0.96875,0.4994732526378096,54cf79d4a39a01bae6618eea7e6a4ece60c178e9c14a22a686279fa923c3a0bc
2059,hyena/cropped_images/left body/160e1683-7837-43ea-8ce7-755d101c419c/train2022_000000002947_left_body.jpg,train2022_000000002947,left_body,1,True,center,0,0.9609375,0.5822091300758766,d0c6af117f8c896da80df4d2ab3d4d42bc21e3e2ff7d98b1c45e67c04e8438dd
2060,hyena/cropped_images/left body/1848c437-2486-4485-a725-f1db51065599/train2022_000000001519_left_body.jpg,train2022_000000001519,left_body,1,False,box_center,2,0.8359375,0.7569169692305605,
2061,hyena/cropped_images/left body/18d82d10-7fdf-4306-9fe7-73a7f6152e53/train2022_000000000922_left_body.jpg,train2022_000000000922,left_body,1,True,box_center,2,0.94140625,0.4370896297011539,b02b82c63a5653ea4041f52a7cda4539e1df556156b3fed6abdada1023497a25
2062,hyena/cropped_images/left body/18d82d10-7fdf-4306-9fe7-73a7f6152e53/train2022_000000001086_left_body.jpg,train2022_000000001086,left_body,1,True,center,0,0.96484375,0.48079905701346237,a337ce2d25d87e860936dfad09122ab0c780f146205844246dc7d7162c716caf
2063,hyena/cropped_images/left body/18d82d10-7fdf-4306-9fe7-73a7f6152e53/train2022_000000001994_left_body.jpg,train2022_000000001994,left_body,1,True,center,0,0.97265625,0.5173613122011802,3d77e7d3cd27cf93d143f375070949f7ba55ca0cc16dee028a0f8acbef3c55fc
2064,hyena/cropped_images/left body/18d82d10-7fdf-4306-9fe7-73a7f6152e53/train2022_000000002940_left_body.jpg,train2022_000000002940,left_body,1,True,box_center,2,0.95703125,0.45955841243167084,a8568c533d84a023e68376d74c168957e02282574e5d6698b29dec4c7d31207f
2065,hyena/cropped_images/left body/18d82d10-7fdf-4306-9fe7-73a7f6152e53/train2022_000000003089_left_body.jpg,train2022_000000003089,left_body,1,True,center,0,0.97265625,0.4198524480214621,555ef27f264b100f14facd607660758fab62e04b457fefd16d4821eb69dd4a28
2066,hyena/cropped_images/left body/1ad6ea04-7e16-4875-aeb8-d088f5ac7325/train2022_000000001646_left_body.jpg,train2022_000000001646,left_body,1,True,box_center,2,0.90234375,0.43632400633959995,7ab636a34cab49e236dd9440ad69a7aa495dc4d47e795b411dd7b8c050e6bc2b
2067,hyena/cropped_images/left body/1ad6ea04-7e16-4875-aeb8-d088f5ac7325/train2022_000000003074_left_body.jpg,train2022_000000003074,left_body,1,True,center,0,0.95703125,0.6939417087948239,a324778819bd6251310aae90e6ab5743cdab6eb7d804692af7e194581fd77f30
2068,hyena/cropped_images/left body/1b72f52c-12ba-43bb-8b2f-64975becab88/train2022_000000000153_left_body.jpg,train2022_000000000153,left_body,1,True,center,0,0.984375,0.3757989477609881,2808decf21378023d0a5fe94334ed3cea741ecc11ed59f041b7d24ddf892cbd2
2069,hyena/cropped_images/left body/1b72f52c-12ba-43bb-8b2f-64975becab88/train2022_000000001158_left_body.jpg,train2022_000000001158,left_body,1,True,center,0,0.97265625,0.3598029848958716,f07600baf3e572aaf7de45e460bb87fb9ad7dae28cff9bd44d17053aefacc9d0
2070,hyena/cropped_images/left body/1b7c302c-68ae-46a7-b18e-a97d342081a9/train2022_000000001480_left_body.jpg,train2022_000000001480,left_body,1,True,center,0,0.96875,0.5365544612890767,f86a3fce91a4a73941e85701efc59df2b2731a9613e0804d90a85fdf9cd52ac6
2071,hyena/cropped_images/left body/1c6b6027-329e-4703-9580-bbf1e8a08647/train2022_000000002031_left_body.jpg,train2022_000000002031,left_body,1,True,center,0,0.9609375,0.4783839280988674,d343a656a35f220010c0e64bd644caf2a433c90b9306902bbd8c17d7db28d43d
2072,hyena/cropped_images/left body/1da24c9f-d62d-48a6-81b9-afbdc5c0e7af/train2022_000000000296_left_body.jpg,train2022_000000000296,left_body,1,True,box_center,0,0.96875,0.5807620657806165,11c919de8493e0f1cd8f1d776394498d2f8407bd728a9ed8a1c5663c0dbf25e5
2073,hyena/cropped_images/left body/1da24c9f-d62d-48a6-81b9-afbdc5c0e7af/train2022_000000000630_left_body.jpg,train2022_000000000630,left_body,1,True,center,0,0.97265625,0.5200173570275685,265a1ba53c571d1e0834b3f5c124a657be626cf82cdebcd378ee3810c1fda7e9
2074,hyena/cropped_images/left body/1da24c9f-d62d-48a6-81b9-afbdc5c0e7af/train2022_000000001053_left_body.jpg,train2022_000000001053,left_body,1,True,center,0,0.8828125,0.4756848902600591,85f039b0c8019ea274ae0fec11eb0e31ccf19394c3e2c0f562f782b4fc7cea49
2075,hyena/cropped_images/left body/1da24c9f-d62d-48a6-81b9-afbdc5c0e7af/train2022_000000002124_left_body.jpg,train2022_000000002124,left_body,1,True,center,0,0.90234375,0.3656316523526389,23e0527563a447db019cb2c8c180e24aa1046e7db413b90eb45defb645d9c508
2076,hyena/cropped_images/left body/1da24c9f-d62d-48a6-81b9-afbdc5c0e7af/train2022_000000002522_left_body.jpg,train2022_000000002522,left_body,1,True,center,0,0.96484375,0.5332874390819645,2ff57c261b4faa4910522489db511ed879b7d11614c34a452c3cec35c2b4f060
2077,hyena/cropped_images/left body/1da24c9f-d62d-48a6-81b9-afbdc5c0e7af/train2022_000000002600_left_body.jpg,train2022_000000002600,left_body,1,True,center,0,0.96484375,0.5021620605376951,e06a79b63647dfe40356c55875a1e915a5689c124b02f9cdd6255704c051eff7
2078,hyena/cropped_images/left body/1da24c9f-d62d-48a6-81b9-afbdc5c0e7af/train2022_000000002767_left_body.jpg,train2022_000000002767,left_body,1,True,center,0,0.984375,0.5195346237150325,ed0d02eec8f6703d6659d51a3ef19e53d2df1b01e8c3531655e60949078b5e91
2079,hyena/cropped_images/left body/1da24c9f-d62d-48a6-81b9-afbdc5c0e7af/train2022_000000002935_left_body.jpg,train2022_000000002935,left_body,1,True,center,0,0.9453125,0.3853099233423777,d29691dd0d685eafa6cadae1d5ee4d4965b5ef3b6e64f3800d73025a24e04a3f
2080,hyena/cropped_images/left body/1e5eea5f-ede8-4660-9314-5b3e53b2cfcc/train2022_000000000829_left_body.jpg,train2022_000000000829,left_body,1,True,box_center,2,0.875,0.5863968265597245,dbf0e1cc5da2c5e2884bed6e3d321fd2566ccef2df88b8e92b3bbca9536e7678
2081,hyena/cropped_images/left body/1ec97520-1eae-4b9e-9f5c-1f181a8daf3a/train2022_000000000368_left_body.jpg,train2022_000000000368,left_body,1,True,box_center,2,0.87890625,0.48202099156639994,0ba1d6fb77925ea93fe76e67a489c646aba25d7865ec9059a3751891717b1156
2082,hyena/cropped_images/left body/1ec97520-1eae-4b9e-9f5c-1f181a8daf3a/train2022_000000000531_left_body.jpg,train2022_000000000531,left_body,1,True,center,0,0.9765625,0.5005554864651992,49497a72b50ee302ae50399497307dfebeb7b0a1545ae6bd06a9f490f46a8052
2083,hyena/cropped_images/left body/1ec97520-1eae-4b9e-9f5c-1f181a8daf3a/train2022_000000001170_left_body.jpg,train2022_000000001170,left_body,1,True,center,2,0.8515625,0.35922949699780676,8664dd79255366e52e77db0708aec67118ad9359bd58af013d3a0f53d882856f
2084,hyena/cropped_images/left body/1ec97520-1eae-4b9e-9f5c-1f181a8daf3a/train2022_000000001508_left_body.jpg,train2022_000000001508,left_body,1,True,box_center,2,0.96484375,0.5399777677775824,5cf30635982ae7722231d2ffab37d7765dcdb0058888a938114c8e94f275976f
2085,hyena/cropped_images/left body/1ec97520-1eae-4b9e-9f5c-1f181a8daf3a/train2022_000000001556_left_body.jpg,train2022_000000001556,left_body,1,False,box_center,2,0.703125,0.41591359929468813,
2086,hyena/cropped_images/left body/1ec97520-1eae-4b9e-9f5c-1f181a8daf3a/train2022_000000001876_left_body.jpg,train2022_000000001876,left_body,1,True,box_center,2,0.9375,0.44020762586133,f9824a7fcdf58b76282303f55c662ea83ec901b4a2a25d22dc88f48e63f58cb2
2087,hyena/cropped_images/left body/1ec97520-1eae-4b9e-9f5c-1f181a8daf3a/train2022_000000002586_left_body.jpg,train2022_000000002586,left_body,1,True,center,0,0.96875,0.5596513326951177,461dfd7240b0c9905de437c88b83894d5d72899f99e4d619f6dbe5bc545dec44
2088,hyena/cropped_images/left body/1ec97520-1eae-4b9e-9f5c-1f181a8daf3a/train2022_000000002727_left_body.jpg,train2022_000000002727,left_body,1,True,box_center,2,0.97265625,0.5819308790383171,9ca46fa359074878f7a89c8a3f5f393391639469f1a1e4ee261cfa4ff92bb5d7
2089,hyena/cropped_images/left body/1ec97520-1eae-4b9e-9f5c-1f181a8daf3a/train2022_000000002756_left_body.jpg,train2022_000000002756,left_body,1,True,box_center,0,0.90625,0.5690112409533423,3ff4b7f50df5a03b68bf6c62a8741d55dec51407f3d792778a0ef11608a4e1cf
2090,hyena/cropped_images/left body/1ec97520-1eae-4b9e-9f5c-1f181a8daf3a/train2022_000000002904_left_body.jpg,train2022_000000002904,left_body,1,True,box_center,2,0.890625,0.587769906037326,1fee7eaa9141a789228f2d66f3868e15b016cf13799b5e6a4493c492707f3d62
2091,hyena/cropped_images/left body/1ff8ad98-b860-4de4-ba7d-9c0177c44bab/train2022_000000003064_left_body.jpg,train2022_000000003064,left_body,1,True,center,0,0.9609375,0.5216982583525938,2a238bc50c835f41b7fc42e22568138ede736370d21f88ef62ff874c9e218c40
2092,hyena/cropped_images/left body/20086390-26ac-4539-9130-b31b9d993672/train2022_000000000154_left_body.jpg,train2022_000000000154,left_body,1,True,center,0,0.96484375,0.5474611420241053,540a2db85137598966c599acb163ab99286a82acf34a8024d6783f005bf567ba
2093,hyena/cropped_images/left body/20086390-26ac-4539-9130-b31b9d993672/train2022_000000000632_left_body.jpg,train2022_000000000632,left_body,1,True,center,0,0.9765625,0.607947232947233,ba2ffbd64f48ed3dda7c77865c81ef690dfc7090fe1093ef1e1b21ad7014c71a
2094,hyena/cropped_images/left body/20086390-26ac-4539-9130-b31b9d993672/train2022_000000000654_left_body.jpg,train2022_000000000654,left_body,1,True,center,0,0.9765625,0.5494099134539733,e6fd19f2de71bdb29e940c3cac93e9b16f1edc8a08f9c5dac83815f2b0ea6cab
2095,hyena/cropped_images/left body/20086390-26ac-4539-9130-b31b9d993672/train2022_000000000744_left_body.jpg,train2022_000000000744,left_body,1,True,center,2,0.95703125,0.5137656966314531,e7ce826cb4f44a913c449f077ee99dd446fc5dd721740f2a071d25dd07ab5689
2096,hyena/cropped_images/left body/20086390-26ac-4539-9130-b31b9d993672/train2022_000000000854_left_body.jpg,train2022_000000000854,left_body,1,True,center,0,0.9453125,0.48044609665427507,69a99a06687c829b2f4cbdf285afc448cc69fd7459544a256f04be4fd0ea5af1
2097,hyena/cropped_images/left body/20086390-26ac-4539-9130-b31b9d993672/train2022_000000001348_left_body.jpg,train2022_000000001348,left_body,1,True,center,0,0.9765625,0.6231127559287082,ec2c9b7c5380c073b7a1ee1909507477b4e4acca67190c25e1338ab1e97cce33
2098,hyena/cropped_images/left body/20086390-26ac-4539-9130-b31b9d993672/train2022_000000001351_left_body.jpg,train2022_000000001351,left_body,1,True,center,0,0.953125,0.6078114581730523,45782faba93ef97c25921c5996db85e6001c961c488779786c5eddc21c7b5642
2099,hyena/cropped_images/left body/20086390-26ac-4539-9130-b31b9d993672/train2022_000000002057_left_body.jpg,train2022_000000002057,left_body,1,True,box_center,2,0.9609375,0.625689798686685,c67a06e26b5e0c5080fa4528c38fb4eb6318c400b3d9af542a994025fb979421
2100,hyena/cropped_images/left body/20086390-26ac-4539-9130-b31b9d993672/train2022_000000002342_left_body.jpg,train2022_000000002342,left_body,1,True,center,0,0.97265625,0.5008086808210316,e32f234fa07f581a71bd7dc1ff89df6768ddf2167414a2e4fb9c658b8f0d1f68
2101,hyena/cropped_images/left body/204b687d-7113-4c69-95a9-6d40ef0e59e8/train2022_000000000716_left_body.jpg,train2022_000000000716,left_body,1,True,box_center,0,0.9765625,0.5815316183761154,863c126b858740bc7888fd04386e15f5d9e84cea2928fa1bbf6342356f0e3141
2102,hyena/cropped_images/left body/204b687d-7113-4c69-95a9-6d40ef0e59e8/train2022_000000000995_left_body.jpg,train2022_000000000995,left_body,1,True,center,0,0.96875,0.5467151652986942,0d18642c57808ba2e4c0b54f061ac06ea4fbca9d20d161e4e8ecc8be3c8c514e
2103,hyena/cropped_images/left body/204b687d-7113-4c69-95a9-6d40ef0e59e8/train2022_000000003061_left_body.jpg,train2022_000000003061,left_body,1,True,box_center,0,0.94140625,0.5971418024574171,59e60df87a485d496892dcc5b4d007457f37168e1abea334873aef62db344e3b
2104,hyena/cropped_images/left body/20c4e967-97c4-4546-b7ca-6b57b6f4c19a/train2022_000000000115_left_body.jpg,train2022_000000000115,left_body,1,True,box_center,0,0.96484375,0.5404349819510088,6a127e266547271e6969c75eac48f5cdb08ac4da9fd1a38f60900e5953e1346c
2105,hyena/cropped_images/left body/20c4e967-97c4-4546-b7ca-6b57b6f4c19a/train2022_000000001201_left_body.jpg,train2022_000000001201,left_body,1,True,box_center,2,0.9140625,0.39968794561710946,f6d6f01c2c9c4010d979839c1168fb169355eede6b6ab77a1fae4e65f2dc74d5
2106,hyena/cropped_images/left body/20c4e967-97c4-4546-b7ca-6b57b6f4c19a/train2022_000000001407_left_body.jpg,train2022_000000001407,left_body,1,True,box_center,0,0.93359375,0.6548829052575851,d04d4b0da739eb197e1768cd8ca739bd5e9f8c5445626133b6b53a2e3247ee4d
2107,hyena/cropped_images/left body/20c4e967-97c4-4546-b7ca-6b57b6f4c19a/train2022_000000002337_left_body.jpg,train2022_000000002337,left_body,1,True,center,0,0.9765625,0.5839691733332957,7ee1b48ae95e73e48ac890e0d55cf006afeeb2fb30f18b34b0beede261e3bf2b
2108,hyena/cropped_images/left body/20e1204f-ae7b-4297-b578-ef07ac24829a/train2022_000000001847_left_body.jpg,train2022_000000001847,left_body,1,True,center,2,0.9140625,0.44460136347969326,dbfe2dab3bd09a7bb66a3f8e4bd141ed8c421e14d0d25c50801bcdf4a7c4d6c9
2109,hyena/cropped_images/left body/20e1204f-ae7b-4297-b578-ef07ac24829a/train2022_000000003096_left_body.jpg,train2022_000000003096,left_body,1,True,box_center,2,0.87109375,0.455977628370014,a9405e6d44ce19847e8d6856b982b19f595971ad1a7b63615a79512b8c4afe52
2110,hyena/cropped_images/left body/21ff4f8a-be18-46de-872c-c10cd153631a/train2022_000000000904_left_body.jpg,train2022_000000000904,left_body,1,True,center,0,0.95703125,0.5979095228490106,30ee387839b6ec3456321affe851f276d0da2ed2803fe183ffa4afb9f995aeac
2111,hyena/cropped_images/left body/21ff4f8a-be18-46de-872c-c10cd153631a/train2022_000000001416_left_body.jpg,train2022_000000001416,left_body,1,True,center,0,0.9609375,0.6086240709839104,48f7be09704648c6e516f3d01f284ece2e215ab077a3e70d1be04e60c74cb4c5
2112,hyena/cropped_images/left body/21ff4f8a-be18-46de-872c-c10cd153631a/train2022_000000002417_left_body.jpg,train2022_000000002417,left_body,1,True,box_center,2,0.953125,0.5212682873820902,da41f0f520d01fb3f62b8995155160c1c2c84fcf2918189968b3dedcd5a5716f
2113,hyena/cropped_images/left body/23784095-dc48-48a0-8326-9340074ab4d1/train2022_000000000291_left_body.jpg,train2022_000000000291,left_body,1,True,box_center,2,0.8515625,0.4193581692518858,adcdb57281ad73198a9c5cee2cde90ae269f71719f2c6128c9f920bab1ec4ff9
2114,hyena/cropped_images/left body/23784095-dc48-48a0-8326-9340074ab4d1/train2022_000000000298_left_body.jpg,train2022_000000000298,left_body,1,True,box_center,2,0.921875,0.5260256984394915,96be671ca9bb8f6d2bb6dfa4be53c54d82d28e906cd807fcd7b2561c6bde9f8b
2115,hyena/cropped_images/left body/23784095-dc48-48a0-8326-9340074ab4d1/train2022_000000000337_left_body.jpg,train2022_000000000337,left_body,1,True,box_center,2,0.86328125,0.5231212613972936,07c560aafb88061265203bb7eb7dd3cd9015adfe289ee1820a01b714d993d489
2116,hyena/cropped_images/left body/23784095-dc48-48a0-8326-9340074ab4d1/train2022_000000000909_left_body.jpg,train2022_000000000909,left_body,1,True,box_center,2,0.89453125,0.5286298568507157,eaf09a6b89e78a69f9ffba4fd258931a18853bfeb320298cc6a58c39b583326c
2117,hyena/cropped_images/left body/23784095-dc48-48a0-8326-9340074ab4d1/train2022_000000001147_left_body.jpg,train2022_000000001147,left_body,1,False,box_center,0,0.84375,0.5647928213248878,
2118,hyena/cropped_images/left body/23784095-dc48-48a0-8326-9340074ab4d1/train2022_000000001538_left_body.jpg,train2022_000000001538,left_body,1,False,box_center,2,0.8046875,0.4436465200803317,
2119,hyena/cropped_images/left body/23784095-dc48-48a0-8326-9340074ab4d1/train2022_000000001894_left_body.jpg,train2022_000000001894,left_body,1,False,box_center,2,0.828125,0.44735352312409266,
2120,hyena/cropped_images/left body/23784095-dc48-48a0-8326-9340074ab4d1/train2022_000000002366_left_body.jpg,train2022_000000002366,left_body,1,False,box_center,0,0.7890625,0.8444936777261429,
2121,hyena/cropped_images/left body/23784095-dc48-48a0-8326-9340074ab4d1/train2022_000000002449_left_body.jpg,train2022_000000002449,left_body,1,False,box_center,0,0.7265625,0.8532702747552332,
2122,hyena/cropped_images/left body/23784095-dc48-48a0-8326-9340074ab4d1/train2022_000000002657_left_body.jpg,train2022_000000002657,left_body,1,True,box_center,0,0.87890625,0.8545326442322151,623fc34e54cbccf8fb239f68d94e2e5fe61fe48532c40166355c5c239e58c8e7
2123,hyena/cropped_images/left body/238a48f4-e86d-42d8-a18a-ae526e48f5c4/train2022_000000000839_left_body.jpg,train2022_000000000839,left_body,1,True,box_center,2,0.94921875,0.5898211490776076,2655b287fbc355722bc32f474b1d2f3c24f328fa58019ea9d4b18d5d1b9b28df
2124,hyena/cropped_images/left body/238a48f4-e86d-42d8-a18a-ae526e48f5c4/train2022_000000000846_left_body.jpg,train2022_000000000846,left_body,1,True,box_center,2,0.90625,0.5057870570908776,03e1f0ada89d8b86aee401a5602de146879a38c6156f3c67f8b53203abf7928b
2125,hyena/cropped_images/left body/238a48f4-e86d-42d8-a18a-ae526e48f5c4/train2022_000000001002_left_body.jpg,train2022_000000001002,left_body,1,True,center,0,0.953125,0.5591877199289691,f8c38d6fbd2d4536f173489dd3c86e1d1f9372467202e023e4ae0ac64df2950d
2126,hyena/cropped_images/left body/238a48f4-e86d-42d8-a18a-ae526e48f5c4/train2022_000000001126_left_body.jpg,train2022_000000001126,left_body,1,True,box_center,0,0.94921875,0.7330475080475081,793b2c850a58d30598efcf41ab7d5cfad5cb7822bcb61410889945337d82802e
2127,hyena/cropped_images/left body/238a48f4-e86d-42d8-a18a-ae526e48f5c4/train2022_000000001758_left_body.jpg,train2022_000000001758,left_body,1,True,center,0,0.921875,0.6612484049699356,570c86fb0932964f2c630f33838637d9faf876fee4b4a8b77c2feef464ef833b
2128,hyena/cropped_images/left body/238a48f4-e86d-42d8-a18a-ae526e48f5c4/train2022_000000002243_left_body.jpg,train2022_000000002243,left_body,1,True,box_center,0,0.9609375,0.6151198165049228,8927875744c60d797042f12aeaa581b7a13881395266ee5867aa4739724be9bd
2129,hyena/cropped_images/left body/238a48f4-e86d-42d8-a18a-ae526e48f5c4/train2022_000000002314_left_body.jpg,train2022_000000002314,left_body,1,True,center,0,0.98046875,0.5069143217847242,59571b79a04e9c84aff6cc342f0cb3ef7fff9be76cf406ff17b1cbc889efe2e2
2130,hyena/cropped_images/left body/238a48f4-e86d-42d8-a18a-ae526e48f5c4/train2022_000000002730_left_body.jpg,train2022_000000002730,left_body,1,True,box_center,2,0.94140625,0.5552528489138385,4a179915d24df93a534482c8f2c4e42fc4e245073deee9c2d17ee00376cb6818
2131,hyena/cropped_images/left body/238a48f4-e86d-42d8-a18a-ae526e48f5c4/train2022_000000002895_left_body.jpg,train2022_000000002895,left_body,1,True,box_center,2,0.921875,0.5814046849595536,98254a32bd5bb68219a24b00547463c0b3eb1119b6076ad0594f631626e9d327
2132,hyena/cropped_images/left body/238a48f4-e86d-42d8-a18a-ae526e48f5c4/train2022_000000002958_left_body.jpg,train2022_000000002958,left_body,1,True,center,0,0.93359375,0.5750096420747846,1374560935fd2b6ed5442838b03b28d91c36787821ad75f6c2d35f124bb48d14
2133,hyena/cropped_images/left body/23950465-b1cb-4e7e-a861-b18ce82aac55/train2022_000000000758_left_body.jpg,train2022_000000000758,left_body,1,True,box_center,2,0.90625,0.5784355636796046,595f7faafcadbf7658f5a6e5eaf6ab471812fad2f6fce0b950105ab3388a8d3e
2134,hyena/cropped_images/left body/23950465-b1cb-4e7e-a861-b18ce82aac55/train2022_000000000962_left_body.jpg,train2022_000000000962,left_body,1,True,center,2,0.96484375,0.49715048425401603,c8c9f829316ec30b8a955c442bb4de7fd0b893c3454ea4d8f6298ffdfb8fde4c
2135,hyena/cropped_images/left body/23950465-b1cb-4e7e-a861-b18ce82aac55/train2022_000000001799_left_body.jpg,train2022_000000001799,left_body,1,True,box_center,2,0.9609375,0.5403362398845744,c48507cb98a9e38535fdc0d63deb21e0115c00e94ee7ee9d7e24387384fa347b
2136,hyena/cropped_images/left body/23950465-b1cb-4e7e-a861-b18ce82aac55/train2022_000000002135_left_body.jpg,train2022_000000002135,left_body,1,True,center,0,0.91796875,0.5854461259787309,c77ce9c251b61f4a1ef3ada83e0622ad4534cd687700d7de037dc50695af3e01
2137,hyena/cropped_images/left body/23950465-b1cb-4e7e-a861-b18ce82aac55/train2022_000000002300_left_body.jpg,train2022_000000002300,left_body,1,True,center,0,0.87890625,0.5295377901210078,b2358af36ff00f5b9402ef9a70531248ea40118f99d9e53ab1b2b6f2bccfc2f3
2138,hyena/cropped_images/left body/23950465-b1cb-4e7e-a861-b18ce82aac55/train2022_000000002356_left_body.jpg,train2022_000000002356,left_body,1,True,box_center,2,0.9296875,0.5365258184315352,c390b5aaed85faefaadd64f3425c2b2253a45260310f226094b697fb3c777b82
2139,hyena/cropped_images/left body/23950465-b1cb-4e7e-a861-b18ce82aac55/train2022_000000002798_left_body.jpg,train2022_000000002798,left_body,1,True,box_center,2,0.94140625,0.6575114277631363,2e4975a2e04944b3a3f7a6ee8dbeb8fc3bb5b0992a26bcad8f6007f6dd5d8639
2140,hyena/cropped_images/left body/2434dcf2-9360-46ae-b7be-96de59209f91/train2022_000000001112_left_body.jpg,train2022_000000001112,left_body,1,True,center,0,0.984375,0.58672716755945,8eaa7157acb3c0803c0f3c22c42e0ab094e5db7119d0668e62f596759608a229
2141,hyena/cropped_images/left body/249a4d40-2256-444e-a4d5-68209d8d134d/train2022_000000000751_left_body.jpg,train2022_000000000751,left_body,1,True,box_center,2,0.91015625,0.5947942622309509,0e284c576e40422626ffcf93777cfda6006574f0d24ec31b81273b556100312a
2142,hyena/cropped_images/left body/249a4d40-2256-444e-a4d5-68209d8d134d/train2022_000000000824_left_body.jpg,train2022_000000000824,left_body,1,True,center,2,0.91796875,0.4326092820694746,bfb141ef7e426bbd7bac24743acf3f58147875036849562e52b9f10225f86832
2143,hyena/cropped_images/left body/249a4d40-2256-444e-a4d5-68209d8d134d/train2022_000000002084_left_body.jpg,train2022_000000002084,left_body,1,False,box_center,2,0.8125,0.5574816865045251,
2144,hyena/cropped_images/left body/249a4d40-2256-444e-a4d5-68209d8d134d/train2022_000000002543_left_body.jpg,train2022_000000002543,left_body,1,False,box_center,2,0.7421875,0.603258494359197,
2145,hyena/cropped_images/left body/252b0d87-abfc-4622-b3b6-2c815900026f/train2022_000000000961_left_body.jpg,train2022_000000000961,left_body,1,True,box_center,2,0.93359375,0.4675535250380722,5aa289d137a5a7d69a8786006d907b5a4722ff54f0a5e38d7f10372602c9a6c6
2146,hyena/cropped_images/left body/252b0d87-abfc-4622-b3b6-2c815900026f/train2022_000000001024_left_body.jpg,train2022_000000001024,left_body,1,False,box_center,2,0.80859375,0.6540301803459698,
2147,hyena/cropped_images/left body/252b0d87-abfc-4622-b3b6-2c815900026f/train2022_000000001615_left_body.jpg,train2022_000000001615,left_body,1,False,box_center,2,0.74609375,0.5533996706858182,
2148,hyena/cropped_images/left body/280baaed-937b-4984-b7af-3ab6cefd61f9/train2022_000000000167_left_body.jpg,train2022_000000000167,left_body,1,True,center,0,0.984375,0.4765891888526967,f68fef13ed002f686d63bf0f0d354268fd67a3ae0de554c916f0e8971f3db45b
2149,hyena/cropped_images/left body/280baaed-937b-4984-b7af-3ab6cefd61f9/train2022_000000000461_left_body.jpg,train2022_000000000461,left_body,1,True,center,0,0.953125,0.45565894846796656,aa01a4c23944ef36c82ac7ea96fe1164f4a85f5b442f2374b0513703cf140e3b
2150,hyena/cropped_images/left body/280baaed-937b-4984-b7af-3ab6cefd61f9/train2022_000000000526_left_body.jpg,train2022_000000000526,left_body,1,True,center,0,0.98828125,0.5916524541295889,887c2b2f7ebbeb95c5d9b2372d3bcfd043b5a9d0d4d98c5835a968804dbdd0b3
2151,hyena/cropped_images/left body/280baaed-937b-4984-b7af-3ab6cefd61f9/train2022_000000001220_left_body.jpg,train2022_000000001220,left_body,1,True,box_center,0,0.90625,0.8610981371979975,91f154da41a0fe378b04af260939a6ee858ebe7ffdcb75353f296faa039741ef
2152,hyena/cropped_images/left body/280baaed-937b-4984-b7af-3ab6cefd61f9/train2022_000000002402_left_body.jpg,train2022_000000002402,left_body,1,True,box_center,0,0.953125,0.8741953108297503,1abaf972ce3186dad6b675cdcbc0ae72fb2e74720bbfded0d5bcb19260047422
2153,hyena/cropped_images/left body/281d2f9c-e9d9-4125-9ecf-e5fd4c4f9fa0/train2022_000000002758_left_body.jpg,train2022_000000002758,left_body,1,True,box_center,0,0.87109375,0.8457577032569835,1009891bccd74c5ff567cbbe865f4a9e8718d2cb996e216659a7a88ee33db846
2154,hyena/cropped_images/left body/2b13d5a4-831c-4c87-8294-4b0c61541e3b/train2022_000000001513_left_body.jpg,train2022_000000001513,left_body,1,True,center,0,0.96875,0.5189265371817431,10c3c731dfb736d39bc7eb5ccc461b33bdd482610ddb688f55536285cb32ab72
2155,hyena/cropped_images/left body/2b13d5a4-831c-4c87-8294-4b0c61541e3b/train2022_000000002833_left_body.jpg,train2022_000000002833,left_body,1,True,box_center,2,0.90234375,0.4195922280705187,c4aa1e364ea92f0c44d8d6749bc657ed6a756c69f47a2a4b36b0714f59f7a307
2156,hyena/cropped_images/left body/2b733eca-99a6-482f-b57f-567970a2e8dd/train2022_000000000404_left_body.jpg,train2022_000000000404,left_body,1,True,center,0,0.984375,0.46879234417344173,bf190982ec1fd3987d10f3ac75c788e6a36b02071f51e69bdf377155e7cb914d
2157,hyena/cropped_images/left body/2b733eca-99a6-482f-b57f-567970a2e8dd/train2022_000000001846_left_body.jpg,train2022_000000001846,left_body,1,True,center,0,0.96484375,0.5305277318551654,21215813f9be69329d39e2bebcde0043513b603d9a382faada3b6970c4c589b1
2158,hyena/cropped_images/left body/2b733eca-99a6-482f-b57f-567970a2e8dd/train2022_000000002533_left_body.jpg,train2022_000000002533,left_body,1,True,center,0,0.984375,0.4928878780427834,50198e1feb0147e9ee0167cd7ff0f2f9034b129f4ac14fa73a93db747baf11a3
2159,hyena/cropped_images/left body/2c44f7c6-44e5-4d34-9304-7807962aa038/train2022_000000001843_left_body.jpg,train2022_000000001843,left_body,1,True,center,0,0.98046875,0.6148482244139329,69925f115abb1c7af3ac661534cb23643d8d22727198ccbf0636fb90c4143738
2160,hyena/cropped_images/left body/2c47b308-3b61-45db-b6fd-f1560b32f358/train2022_000000000142_left_body.jpg,train2022_000000000142,left_body,1,True,box_center,2,0.94140625,0.36137203656722944,e5fb1c372c44ff51fc7f3d8a21d0029c260fb7f8fec61e59b91eb46e34679135
2161,hyena/cropped_images/left body/2c47b308-3b61-45db-b6fd-f1560b32f358/train2022_000000000178_left_body.jpg,train2022_000000000178,left_body,1,True,center,0,0.9765625,0.5818866836118473,d0ac3754f9b234acac9f0384a270ef4b92524329794d7b3cadbbeffee88d8724
2162,hyena/cropped_images/left body/2c47b308-3b61-45db-b6fd-f1560b32f358/train2022_000000000260_left_body.jpg,train2022_000000000260,left_body,1,True,center,0,0.92578125,0.553902550264148,fa79757e1eb1cc3533c89ff22d4b02d40588c7d58b772b3f9a7998778cf6db59
2163,hyena/cropped_images/left body/2c47b308-3b61-45db-b6fd-f1560b32f358/train2022_000000000266_left_body.jpg,train2022_000000000266,left_body,1,True,box_center,2,0.91796875,0.4680911046722822,636872e9e8b7a92bf6e0ba8ce4f7e67536366e2d375c94e36ebc6520a03ebf97
2164,hyena/cropped_images/left body/2c47b308-3b61-45db-b6fd-f1560b32f358/train2022_000000000372_left_body.jpg,train2022_000000000372,left_body,1,True,center,0,0.9375,0.45853054771164325,a1c04556b98ed2ded1593e06834cea2b6b1721d794a815b75e7f5333f4863a07
2165,hyena/cropped_images/left body/2c47b308-3b61-45db-b6fd-f1560b32f358/train2022_000000000578_left_body.jpg,train2022_000000000578,left_body,1,False,box_center,2,0.67578125,0.4023912497369082,
2166,hyena/cropped_images/left body/2c47b308-3b61-45db-b6fd-f1560b32f358/train2022_000000000628_left_body.jpg,train2022_000000000628,left_body,1,True,center,0,0.9765625,0.4170857839732012,794c332d0a1b58796baf7613546aac0c7687338f3faffa8b6fa3ee39e51d16cb
2167,hyena/cropped_images/left body/2c47b308-3b61-45db-b6fd-f1560b32f358/train2022_000000000653_left_body.jpg,train2022_000000000653,left_body,1,True,center,0,0.97265625,0.4176627156097627,e9f3d4520b3deedb0e7a342b51f3539f26412384a0b7a05d9432c5fd396d90f6
2168,hyena/cropped_images/left body/2c47b308-3b61-45db-b6fd-f1560b32f358/train2022_000000000868_left_body.jpg,train2022_000000000868,left_body,1,True,center,0,0.97265625,0.4112629264170348,ff36244e6153b540ee1e3e8b5fe20cbd065a8b0d22f540bd14d4360936846bc8
2169,hyena/cropped_images/left body/2c47b308-3b61-45db-b6fd-f1560b32f358/train2022_000000000895_left_body.jpg,train2022_000000000895,left_body,1,True,center,0,0.94921875,0.467473841291362,e4b6e01606c8339cdde6d8589bdc0a49c23ff124f0df753913ad614059ad6343
2170,hyena/cropped_images/left body/2c47b308-3b61-45db-b6fd-f1560b32f358/train2022_000000001036_left_body.jpg,train2022_000000001036,left_body,1,True,center,0,0.96484375,0.3803741835717338,2ea2e6c635c78105709e5564e0e17266e93c7fc0a49da2d99bf345aa3df3dc36
2171,hyena/cropped_images/left body/2c47b308-3b61-45db-b6fd-f1560b32f358/train2022_000000001381_left_body.jpg,train2022_000000001381,left_body,1,False,box_center,2,0.78125,0.7051670972059771,
2172,hyena/cropped_images/left body/2c47b308-3b61-45db-b6fd-f1560b32f358/train2022_000000001598_left_body.jpg,train2022_000000001598,left_body,1,True,box_center,2,0.90625,0.4434594944049894,ebbe4c09f531c09d9d07bb25ea2d6c794a63fb23828769656cc13a0bb588ae26
2173,hyena/cropped_images/left body/2c47b308-3b61-45db-b6fd-f1560b32f358/train2022_000000001867_left_body.jpg,train2022_000000001867,left_body,1,False,box_center,2,0.76953125,0.19221982832324475,
2174,hyena/cropped_images/left body/2c47b308-3b61-45db-b6fd-f1560b32f358/train2022_000000002142_left_body.jpg,train2022_000000002142,left_body,1,True,center,0,0.93359375,0.8173967908187663,a5f19bf6e76fad2f016d59a5e39db35b558b7bd7abf57ad4da248669562f20d3
2175,hyena/cropped_images/left body/2c47b308-3b61-45db-b6fd-f1560b32f358/train2022_000000002430_left_body.jpg,train2022_000000002430,left_body,1,True,center,0,0.97265625,0.41315005831134866,4483e8b7eb7a5ae82e8c3303f4fbf2c2b78e9cc939520c666e6b672ee1b3bad1
2176,hyena/cropped_images/left body/2c47b308-3b61-45db-b6fd-f1560b32f358/train2022_000000002862_left_body.jpg,train2022_000000002862,left_body,1,False,box_center,0,0.71875,0.8621061087377223,
2177,hyena/cropped_images/left body/2c47b308-3b61-45db-b6fd-f1560b32f358/train2022_000000002966_left_body.jpg,train2022_000000002966,left_body,1,True,center,0,0.96875,0.5382497448213189,2736b43d7372e19ce0561591df6ebcc4e31bf0212accca394f6053926f757e99
2178,hyena/cropped_images/left body/2db6e83c-f316-45ea-9a60-b1fc2482a2f8/train2022_000000000105_left_body.jpg,train2022_000000000105,left_body,1,True,box_center,0,0.9375,0.8731678112343723,0eaf7b2a71a63ec433972f350f79ee4272f3d7a2d8ce5cdd1bdd9bc307233a96
2179,hyena/cropped_images/left body/2db6e83c-f316-45ea-9a60-b1fc2482a2f8/train2022_000000000764_left_body.jpg,train2022_000000000764,left_body,1,True,center,0,0.98046875,0.5242844935068574,efdafba6a10d17a7cc6f6a4d880357403c0e95afbd22a80c86bdd72bd7f3cde4
2180,hyena/cropped_images/left body/2db6e83c-f316-45ea-9a60-b1fc2482a2f8/train2022_000000001317_left_body.jpg,train2022_000000001317,left_body,1,True,box_center,2,0.9609375,0.48736945185613434,dba343c3a73e020b4f8d32c8357d1dc418a928840219d8cf6d81eedaa413daea
2181,hyena/cropped_images/left body/2db6e83c-f316-45ea-9a60-b1fc2482a2f8/train2022_000000001711_left_body.jpg,train2022_000000001711,left_body,1,False,center,2,0.8203125,0.40520104895104897,
2182,hyena/cropped_images/left body/2db6e83c-f316-45ea-9a60-b1fc2482a2f8/train2022_000000002034_left_body.jpg,train2022_000000002034,left_body,1,True,center,0,0.96875,0.4164455756736536,bb67389ebd9895c045d9f001364ebe36f9c960bab8882f9e1f18252e4623ce79
2183,hyena/cropped_images/left body/2f698ae6-cb0a-44e4-b813-ebd2faf0af13/train2022_000000000139_left_body.jpg,train2022_000000000139,left_body,1,False,box_center,2,0.79296875,0.415499316358383,
2184,hyena/cropped_images/left body/2f698ae6-cb0a-44e4-b813-ebd2faf0af13/train2022_000000001678_left_body.jpg,train2022_000000001678,left_body,1,False,box_center,2,0.80078125,0.4695420948260321,
2185,hyena/cropped_images/left body/2f698ae6-cb0a-44e4-b813-ebd2faf0af13/train2022_000000002414_left_body.jpg,train2022_000000002414,left_body,1,False,box_center,0,0.71875,0.7532216759562318,
2186,hyena/cropped_images/left body/306f89ef-3312-4218-8c1c-59f94f3fc32c/train2022_000000000784_left_body.jpg,train2022_000000000784,left_body,1,False,box_center,2,0.77734375,0.5987304140516164,
2187,hyena/cropped_images/left body/306f89ef-3312-4218-8c1c-59f94f3fc32c/train2022_000000001240_left_body.jpg,train2022_000000001240,left_body,1,False,box_center,2,0.828125,0.6363356428021555,
2188,hyena/cropped_images/left body/306f89ef-3312-4218-8c1c-59f94f3fc32c/train2022_000000001489_left_body.jpg,train2022_000000001489,left_body,1,True,box_center,2,0.89453125,0.5927643156897252,0bd69458c05c32ef126a2db41bd6153035287b07c7ca9918fb983f13d5cdd133
2189,hyena/cropped_images/left body/306f89ef-3312-4218-8c1c-59f94f3fc32c/train2022_000000002598_left_body.jpg,train2022_000000002598,left_body,1,True,box_center,2,0.8828125,0.7216872963444878,6c94b594316dfbc3a47a9d60e8f7394049a7102d19ceddec2f7cac2366ac06e5
2190,hyena/cropped_images/left body/306f89ef-3312-4218-8c1c-59f94f3fc32c/train2022_000000002749_left_body.jpg,train2022_000000002749,left_body,1,True,box_center,2,0.93359375,0.5533901687956204,b25c94f94b1c023391732884da15634b6d4242bb1659932ab57da70cc49a6b45
2191,hyena/cropped_images/left body/310eb8ee-7097-4ea5-b91e-31ce40b9685c/train2022_000000000199_left_body.jpg,train2022_000000000199,left_body,1,True,box_center,2,0.90234375,0.4048870092699389,373fd3ca40efb99bf1acf360647301395a230e5396ea21b132e3e91792045980
2192,hyena/cropped_images/left body/310eb8ee-7097-4ea5-b91e-31ce40b9685c/train2022_000000000290_left_body.jpg,train2022_000000000290,left_body,1,True,center,0,0.953125,0.49398964230321074,e2f22e5c508e1b24e8c471f74b98e84fcb55574f0d20eb347a20517696a29172
2193,hyena/cropped_images/left body/310eb8ee-7097-4ea5-b91e-31ce40b9685c/train2022_000000000553_left_body.jpg,train2022_000000000553,left_body,1,True,center,0,0.9375,0.4447401237333075,70e9edea810be0342a64bc768b9f6865d6673983fdc460ec51db6732c0a3c8e2
2194,hyena/cropped_images/left body/310eb8ee-7097-4ea5-b91e-31ce40b9685c/train2022_000000002090_left_body.jpg,train2022_000000002090,left_body,1,True,center,0,0.890625,0.41069441202844964,0f172cbf69ab038fbb31c7e5954b6de0a21fbd0c7f1c2197490a007df44ffcbb
2195,hyena/cropped_images/left body/310eb8ee-7097-4ea5-b91e-31ce40b9685c/train2022_000000002189_left_body.jpg,train2022_000000002189,left_body,1,True,center,0,0.97265625,0.575675870002876,d1d608cfa7ff12241a6495dc8c1ec5e8b12f8e86a106b15a5b55790b5909031f
2196,hyena/cropped_images/left body/310eb8ee-7097-4ea5-b91e-31ce40b9685c/train2022_000000002334_left_body.jpg,train2022_000000002334,left_body,1,True,center,0,0.9296875,0.41953782564761266,cfa11b59406f719f628b74e08abecf797cab312828675dc112fd52d537b79db3
2197,hyena/cropped_images/left body/3347e8b1-1d84-412a-8e3f-5b0c146f9b95/train2022_000000001471_left_body.jpg,train2022_000000001471,left_body,1,True,box_center,2,0.91015625,0.4423211234118434,1c966f143210a2ab0c10621ad958fb095fc0794e8b72a4d6d68e013b7c79dea7
2198,hyena/cropped_images/left body/3347e8b1-1d84-412a-8e3f-5b0c146f9b95/train2022_000000002753_left_body.jpg,train2022_000000002753,left_body,1,True,box_center,0,0.87890625,0.8247489284746385,ff21f2a7a6383d399730172e545493158f64b5652383f379436b173ccdf5b437
2199,hyena/cropped_images/left body/34365bcc-5b2d-4f80-b721-ef7039e64fe8/train2022_000000000089_left_body.jpg,train2022_000000000089,left_body,1,True,box_center,2,0.8828125,0.47086174242424245,5801a8568f9a73b210a6babacf61a77ad7d4dbb9dc3ca8f3f4961322b0fe159e
2200,hyena/cropped_images/left body/34365bcc-5b2d-4f80-b721-ef7039e64fe8/train2022_000000000383_left_body.jpg,train2022_000000000383,left_body,1,True,center,0,0.98828125,0.5222686246533177,44961c4813fa43b54a7229c718a0188bd26ce2305a4fb0177d1369c1c7cdc97f
2201,hyena/cropped_images/left body/34365bcc-5b2d-4f80-b721-ef7039e64fe8/train2022_000000000387_left_body.jpg,train2022_000000000387,left_body,1,True,box_center,2,0.94140625,0.44056757018862436,192ee2775868dc72ec4342dd47cd0c413f77a7fa79098fd992c34b5c174c3604
2202,hyena/cropped_images/left body/34365bcc-5b2d-4f80-b721-ef7039e64fe8/train2022_000000000414_left_body.jpg,train2022_000000000414,left_body,1,True,box_center,2,0.89453125,0.52661381488474,d768ae2ba89619a509801c96cbe777ba1d389726b48b7b72a2aded17bf0ffdbd
2203,hyena/cropped_images/left body/34365bcc-5b2d-4f80-b721-ef7039e64fe8/train2022_000000000652_left_body.jpg,train2022_000000000652,left_body,1,True,center,0,0.91015625,0.8424218718387937,6d7bf0a85d076f288782afe4c14e462d90bcca61d557eecea064fe23275ae6e4
2204,hyena/cropped_images/left body/34365bcc-5b2d-4f80-b721-ef7039e64fe8/train2022_000000000915_left_body.jpg,train2022_000000000915,left_body,1,True,box_center,2,0.9140625,0.6097238790589029,efc5092eb1e5fc2a047695333d853da4b88a5d4bf76a7e23202513fdc06fe03a
2205,hyena/cropped_images/left body/34365bcc-5b2d-4f80-b721-ef7039e64fe8/train2022_000000001373_left_body.jpg,train2022_000000001373,left_body,1,True,center,0,0.984375,0.5820750294361345,015bf154bc93ab6b28b1b5426c0d89d3ffb0c07cf4b907c65f004179aa1163c4
2206,hyena/cropped_images/left body/34365bcc-5b2d-4f80-b721-ef7039e64fe8/train2022_000000001649_left_body.jpg,train2022_000000001649,left_body,1,True,center,0,0.9765625,0.6882489419395441,1cf371e019bb2e80da2a3079f4dc162c1183220520c55db118c22befb15afba6
2207,hyena/cropped_images/left body/34365bcc-5b2d-4f80-b721-ef7039e64fe8/train2022_000000001890_left_body.jpg,train2022_000000001890,left_body,1,True,center,0,0.97265625,0.5122304858078602,fbb33590171a23b59bf2e5a36d184b83e9653baf5d2c85e8e32779491d7da2a4
2208,hyena/cropped_images/left body/34365bcc-5b2d-4f80-b721-ef7039e64fe8/train2022_000000001899_left_body.jpg,train2022_000000001899,left_body,1,True,center,0,0.90234375,0.7504961952262723,07dd4b27842a7cf440711bfc5685165ae5fb67514229603bf679e700951f43a8
2209,hyena/cropped_images/left body/34365bcc-5b2d-4f80-b721-ef7039e64fe8/train2022_000000001907_left_body.jpg,train2022_000000001907,left_body,1,True,box_center,2,0.921875,0.5945821268160099,8349148b408cf97b7b9a7c50128deadc658c3737d523cd039906025085cce855
2210,hyena/cropped_images/left body/34365bcc-5b2d-4f80-b721-ef7039e64fe8/train2022_000000001928_left_body.jpg,train2022_000000001928,left_body,1,True,center,0,0.98046875,0.5472959187458731,3f3e174ba00cf745644220f68aa8ec9e52ea495e6e569fee0f5defe5a9decfb0
2211,hyena/cropped_images/left body/34365bcc-5b2d-4f80-b721-ef7039e64fe8/train2022_000000001997_left_body.jpg,train2022_000000001997,left_body,1,True,box_center,0,0.875,0.8179384203480589,80bf30740bbe569aea68bfa4c91f11fc34857931822245c76c24aef61fe72dcc
2212,hyena/cropped_images/left body/34365bcc-5b2d-4f80-b721-ef7039e64fe8/train2022_000000002204_left_body.jpg,train2022_000000002204,left_body,1,True,box_center,2,0.90625,0.4732491111801457,8a1d4c768d3d3e0ef8516133c83aa110a7ea7d94c5f50cb129cecbc14c6144fd
2213,hyena/cropped_images/left body/34365bcc-5b2d-4f80-b721-ef7039e64fe8/train2022_000000002589_left_body.jpg,train2022_000000002589,left_body,1,True,center,0,0.9765625,0.5271334172684657,12dbf5cbdccb4b6fac44debc682776f181ecf4141bb6ef03df09c56f5d944755
2214,hyena/cropped_images/left body/34365bcc-5b2d-4f80-b721-ef7039e64fe8/train2022_000000002639_left_body.jpg,train2022_000000002639,left_body,1,True,center,2,0.8984375,0.4029823970316048,e998b531b5dc8550e34940e41c989efef5670b72c11467b731140ab1d063936f
2215,hyena/cropped_images/left body/34365bcc-5b2d-4f80-b721-ef7039e64fe8/train2022_000000002874_left_body.jpg,train2022_000000002874,left_body,1,True,center,0,0.95703125,0.47991382801601945,5be8c85105646ded7ffadb58a638a140b78a8a0648aa919ab09df4d8332bbd62
2216,hyena/cropped_images/left body/34365bcc-5b2d-4f80-b721-ef7039e64fe8/train2022_000000002915_left_body.jpg,train2022_000000002915,left_body,1,True,box_center,2,0.890625,0.464705747345021,b1480a4b113ffe9903a50e86b8d7af8aab609fa60310ca014d94eb41d298a4c4
2217,hyena/cropped_images/left body/34365bcc-5b2d-4f80-b721-ef7039e64fe8/train2022_000000002973_left_body.jpg,train2022_000000002973,left_body,1,True,center,0,0.98046875,0.5641219760432161,9affc1ce504877a98a8ee24a0fa4478bbfe93c36eb9f8b5fb8e37df2cafa5d5e
2218,hyena/cropped_images/left body/34365bcc-5b2d-4f80-b721-ef7039e64fe8/train2022_000000003092_left_body.jpg,train2022_000000003092,left_body,1,True,box_center,0,0.859375,0.8157633822808061,17701f4cf1f0bbbb80bbe8f9ff4b705c2fb464d1242840a91b89d5d6f82f2b52
2219,hyena/cropped_images/left body/3772d75f-1801-4307-a18f-5fbcc1c10897/train2022_000000000184_left_body.jpg,train2022_000000000184,left_body,1,True,center,0,0.97265625,0.5707365033833209,dc040e0a16b95858e2fcbfa6054cd6698c1d2c4c5341a3c79eeb34cd14f57672
2220,hyena/cropped_images/left body/3772d75f-1801-4307-a18f-5fbcc1c10897/train2022_000000000261_left_body.jpg,train2022_000000000261,left_body,1,True,center,0,0.9765625,0.4828909082875997,e92b0b8272d5d8dd62dac0c0cdbb43fc94812dc468d1f92e464171be53b2cb49
2221,hyena/cropped_images/left body/3772d75f-1801-4307-a18f-5fbcc1c10897/train2022_000000000264_left_body.jpg,train2022_000000000264,left_body,1,True,center,0,0.97265625,0.5615889421511849,0e5b4ccf2cd51087ff108b8a0c59fcd9b56a209805d00ceccb842889c3f63aa1
2222,hyena/cropped_images/left body/39e2a478-dfec-4851-be25-af197a3d183f/train2022_000000002556_left_body.jpg,train2022_000000002556,left_body,1,True,center,0,0.9765625,0.464393533463152,ec6df23efae2351e0fb4cec6d4b3cff0d2c92be3c2ecb48691fec6489ced945c
2223,hyena/cropped_images/left body/39e2a478-dfec-4851-be25-af197a3d183f/train2022_000000002607_left_body.jpg,train2022_000000002607,left_body,1,True,center,2,0.92578125,0.3872274625019329,a92096013a036ff63d0a9b159af4b7567e57165cfd1428a5b5d1da77be125014
2224,hyena/cropped_images/left body/3a43347c-9ad1-47aa-969b-843ce5a0eac7/train2022_000000000230_left_body.jpg,train2022_000000000230,left_body,1,True,box_center,2,0.87109375,0.607050488041987,4269a0994a34db9aae80e66af6bd789cd91fceded1db8c1d53cc0451f310a2c0
2225,hyena/cropped_images/left body/3a43347c-9ad1-47aa-969b-843ce5a0eac7/train2022_000000000367_left_body.jpg,train2022_000000000367,left_body,1,True,center,0,0.9765625,0.45018084029416094,25aaf10baac6fccd616c3b46f9cb88e270900d6f65867db6ec4f47c11cbe2178
2226,hyena/cropped_images/left body/3a43347c-9ad1-47aa-969b-843ce5a0eac7/train2022_000000000644_left_body.jpg,train2022_000000000644,left_body,1,True,box_center,2,0.875,0.49935978573019923,d9563e852f4f038b9c5ea9867d54c3fe81d4a3ff6195fe0e17a45308bf3446da
2227,hyena/cropped_images/left body/3a43347c-9ad1-47aa-969b-843ce5a0eac7/train2022_000000001622_left_body.jpg,train2022_000000001622,left_body,1,False,box_center,0,0.8046875,0.6743047578339968,
2228,hyena/cropped_images/left body/3a43347c-9ad1-47aa-969b-843ce5a0eac7/train2022_000000001845_left_body.jpg,train2022_000000001845,left_body,1,True,center,0,0.87890625,0.8286411409966787,ff5e744b0fff54dc96286ecad0cd779af90e1842c9a4c6488b8c295885f522f5
2229,hyena/cropped_images/left body/3a43347c-9ad1-47aa-969b-843ce5a0eac7/train2022_000000002456_left_body.jpg,train2022_000000002456,left_body,1,False,box_center,2,0.828125,0.5575206972583933,
2230,hyena/cropped_images/left body/3a43347c-9ad1-47aa-969b-843ce5a0eac7/train2022_000000002748_left_body.jpg,train2022_000000002748,left_body,1,True,box_center,2,0.86328125,0.5113682329939999,be6956f01a3ab8983f6430743f128a0da97ff8b5265e5aeab6d3866e3f076df9
2231,hyena/cropped_images/left body/3be4ffda-e5d4-4ff8-bed2-da0417e3636f/train2022_000000000028_left_body.jpg,train2022_000000000028,left_body,1,True,box_center,2,0.875,0.5378287465168688,f9599b53d952984220a077f686ff3d1d9ba5277e0016908516f3f846dab996b6
2232,hyena/cropped_images/left body/3be4ffda-e5d4-4ff8-bed2-da0417e3636f/train2022_000000000259_left_body.jpg,train2022_000000000259,left_body,1,True,box_center,2,0.8984375,0.44326051580329795,7450774c4cc85349f0d617bf3be7bc549b66a6bcce3ab5463057e8528cc3f4c1
2233,hyena/cropped_images/left body/3be4ffda-e5d4-4ff8-bed2-da0417e3636f/train2022_000000000896_left_body.jpg,train2022_000000000896,left_body,1,True,box_center,0,0.93359375,0.5566066481994459,91baadc178bd6e1b5b8712df8b72e61c07e1e7d26e2d79fe250ebc6d2b17f750
2234,hyena/cropped_images/left body/3be4ffda-e5d4-4ff8-bed2-da0417e3636f/train2022_000000001056_left_body.jpg,train2022_000000001056,left_body,1,True,box_center,0,0.9140625,0.8218346111719605,b3e03961f110401921f7c044cbb797f9995bc43e0e03767b6bd71e5543bde8ce
2235,hyena/cropped_images/left body/3c5a76ad-2355-4293-a88a-03d7f6296c65/train2022_000000000807_left_body.jpg,train2022_000000000807,left_body,1,True,center,0,0.9765625,0.6027553150435027,b0250a380e3303a5cd155091411860f0598cd31f818efd03751cb5423dcb49dd
2236,hyena/cropped_images/left body/3c5a76ad-2355-4293-a88a-03d7f6296c65/train2022_000000001234_left_body.jpg,train2022_000000001234,left_body,1,True,center,0,0.984375,0.4498272098516315,ce4c7f9b80e0a720cdf573442ab890bae4ced3ae4a96e65bb2e2321cb97575f0
2237,hyena/cropped_images/left body/3c5a76ad-2355-4293-a88a-03d7f6296c65/train2022_000000001309_left_body.jpg,train2022_000000001309,left_body,1,True,center,0,0.96484375,0.5073607833267645,b4b16dd470b301be78ec1c3e3fff0e6b5ec57281a3d1b1ebf7ba9620be3f0483
2238,hyena/cropped_images/left body/3c5a76ad-2355-4293-a88a-03d7f6296c65/train2022_000000002111_left_body.jpg,train2022_000000002111,left_body,1,True,center,0,0.98828125,0.54483050865324,2ce9348d6f4937115c80589c39ff9fc0d669c7cd7ca35a5cd35b579920acf8af
2239,hyena/cropped_images/left body/3c5a76ad-2355-4293-a88a-03d7f6296c65/train2022_000000002220_left_body.jpg,train2022_000000002220,left_body,1,True,box_center,0,0.96875,0.525413012655569,5075ff5962988486b9d353758f61775d21cc434e08c193dafb86de7a87ecd5ee
2240,hyena/cropped_images/left body/3c5a76ad-2355-4293-a88a-03d7f6296c65/train2022_000000002687_left_body.jpg,train2022_000000002687,left_body,1,True,center,0,0.96875,0.5226061749413334,c3ad90f93c78ae77557ccf41da5593bf6e4852b1c0cc987c37c98c0de8b0966a
2241,hyena/cropped_images/left body/3c5a76ad-2355-4293-a88a-03d7f6296c65/train2022_000000002921_left_body.jpg,train2022_000000002921,left_body,1,True,center,0,0.98046875,0.4420945822804762,33d5f175b3f95728a96da21db6064202c2a1e8c1f155301de63a4098b0694648
2242,hyena/cropped_images/left body/3c5a76ad-2355-4293-a88a-03d7f6296c65/train2022_000000003040_left_body.jpg,train2022_000000003040,left_body,1,True,box_center,2,0.89453125,0.4619894548072752,f8c2f3fa41bca75b75eea1e9919790f76e8d1873a512f6cc9b8dc5e57d06fa6b
2243,hyena/cropped_images/left body/3c7716c2-9660-4e75-8db1-3739a147837d/train2022_000000002631_left_body.jpg,train2022_000000002631,left_body,1,True,box_center,0,0.890625,0.7687687496101215,1edd9154c1600e3341088f3248ed13eed656f8903e5a362a4a63048fac06cc52
2244,hyena/cropped_images/left body/3d7cacfc-f9da-4922-8603-69f8007b2e55/train2022_000000002601_left_body.jpg,train2022_000000002601,left_body,1,True,center,0,0.96484375,0.579483565136899,69be8ec27a166e4afdc40b74ff0ac27844cb15b3ade66a12ce8acd4411b75f7b
2245,hyena/cropped_images/left body/3d7cacfc-f9da-4922-8603-69f8007b2e55/train2022_000000002821_left_body.jpg,train2022_000000002821,left_body,1,True,box_center,2,0.90625,0.5189174265139058,fd834677b8f52c8c7ecb99a185d283b2bd274e436fc8bcfed37bcbd7578aedcb
2246,hyena/cropped_images/left body/3e73eeb2-add8-4aa2-9641-96c456ad837a/train2022_000000000978_left_body.jpg,train2022_000000000978,left_body,1,False,box_center,2,0.84375,0.5134996465154437,
2247,hyena/cropped_images/left body/4004afe6-b476-475e-867c-8d3b17e378c6/train2022_000000000220_left_body.jpg,train2022_000000000220,left_body,1,True,box_center,2,0.9296875,0.5388932929003142,98cb07fd7c324d87bbacd7df1a602cbb04bf4a3da8397c7ef8f0e648c89a2b94
2248,hyena/cropped_images/left body/4004afe6-b476-475e-867c-8d3b17e378c6/train2022_000000000723_left_body.jpg,train2022_000000000723,left_body,1,True,box_center,2,0.90234375,0.5546243884428651,cc9054539c91f4f13c9525fcc23ddea50a3e44428fe6777eeb6feb78578954a3
2249,hyena/cropped_images/left body/4004afe6-b476-475e-867c-8d3b17e378c6/train2022_000000000798_left_body.jpg,train2022_000000000798,left_body,1,True,box_center,0,0.94921875,0.7043060869565217,fb59ad50032c8ad892c2d6aed01fd41287ec5158019ab49323a27635e5a85691
2250,hyena/cropped_images/left body/4004afe6-b476-475e-867c-8d3b17e378c6/train2022_000000001150_left_body.jpg,train2022_000000001150,left_body,1,True,center,0,0.953125,0.47990430255508093,4b50208dfbb75d7bfdcdd493c7009999537a8aa5359c9868f02c5701f6079888
2251,hyena/cropped_images/left body/4004afe6-b476-475e-867c-8d3b17e378c6/train2022_000000001162_left_body.jpg,train2022_000000001162,left_body,1,True,box_center,0,0.9375,0.8430816909868578,b9bcb274855f0c449b1928f79270f320ee632cf911b45ecef64fb1b48f2b74c9
2252,hyena/cropped_images/left body/4004afe6-b476-475e-867c-8d3b17e378c6/train2022_000000001328_left_body.jpg,train2022_000000001328,left_body,1,True,center,0,0.8828125,0.505954045625357,37d138c62a95edf9dfb2520753905041a09ac250d785f1aed5791900f805451f
2253,hyena/cropped_images/left body/4004afe6-b476-475e-867c-8d3b17e378c6/train2022_000000001808_left_body.jpg,train2022_000000001808,left_body,1,True,center,0,0.93359375,0.4083217272276251,bfccbfc55cd720bb7a2377039c7d009b51553927f7a1210a16c85f0548cac741
2254,hyena/cropped_images/left body/4004afe6-b476-475e-867c-8d3b17e378c6/train2022_000000002192_left_body.jpg,train2022_000000002192,left_body,1,True,center,0,0.95703125,0.3545674044265594,89b001cadaf88b17c5a0cc7da4aa36e8f08ceb0d4e9b39277674d7b306e7e92e
2255,hyena/cropped_images/left body/4004afe6-b476-475e-867c-8d3b17e378c6/train2022_000000002509_left_body.jpg,train2022_000000002509,left_body,1,True,center,0,0.93359375,0.4493710259128409,ef86453654390626cde90400bdda84891295d711364897819d18498e915b00ef
2256,hyena/cropped_images/left body/4004afe6-b476-475e-867c-8d3b17e378c6/train2022_000000002645_left_body.jpg,train2022_000000002645,left_body,1,True,box_center,2,0.953125,0.4976559535847871,0adb178ff78ec18fcd8bfbc2c3ef2d22e2439542b2ab867ae28c859718defb0d
2257,hyena/cropped_images/left body/4004afe6-b476-475e-867c-8d3b17e378c6/train2022_000000002836_left_body.jpg,train2022_000000002836,left_body,1,True,box_center,0,0.890625,0.8865664190247612,30a2bf5e574f203926a825c8ae3706ed2ef3f78b6e08da0605239df97cd5a4e1
2258,hyena/cropped_images/left body/4004afe6-b476-475e-867c-8d3b17e378c6/train2022_000000002843_left_body.jpg,train2022_000000002843,left_body,1,False,box_center,2,0.79296875,0.43628129826387213,
2259,hyena/cropped_images/left body/400b4d96-c51c-4184-8f66-7f95319e45f3/train2022_000000000377_left_body.jpg,train2022_000000000377,left_body,1,True,box_center,2,0.953125,0.5418452515226708,2b6afd8fcb064baca6bbdd2c4f2e12ddbf8be26e0a1835688eb02c61a9d0dc86
2260,hyena/cropped_images/left body/400b4d96-c51c-4184-8f66-7f95319e45f3/train2022_000000001236_left_body.jpg,train2022_000000001236,left_body,1,True,box_center,0,0.85546875,0.6640909954407295,ed06eb2d56d4237370c4cf1df5ccafa711cfc5f7e6810a97ba5a9af38d766bdd
2261,hyena/cropped_images/left body/400b4d96-c51c-4184-8f66-7f95319e45f3/train2022_000000002237_left_body.jpg,train2022_000000002237,left_body,1,True,box_center,2,0.9609375,0.5354141748120158,9dda83d50ca42d13023db89691f7ab27ab56a04149100f6420519f8ea934d0d6
2262,hyena/cropped_images/left body/400b4d96-c51c-4184-8f66-7f95319e45f3/train2022_000000002248_left_body.jpg,train2022_000000002248,left_body,1,True,center,0,0.984375,0.6363477173233271,8421d4f2581ace4a06805da066984f09b8199a40d6441da5eed4eb30519abd94
2263,hyena/cropped_images/left body/400b4d96-c51c-4184-8f66-7f95319e45f3/train2022_000000002298_left_body.jpg,train2022_000000002298,left_body,1,True,box_center,0,0.91015625,0.7176927914642609,007c8108971780d2297bb7a169c7d873402859c95152d2fd92dccd9e4d454db9
2264,hyena/cropped_images/left body/400b6573-9ae7-400a-b437-b18098f2a67f/train2022_000000002738_left_body.jpg,train2022_000000002738,left_body,1,True,box_center,2,0.87890625,0.5940615480476322,d88c3e354d45539f3c54f81e423974626078d1019ae374b25caeaaa808049a4b
2265,hyena/cropped_images/left body/41eef245-4fd5-42e4-9db8-c2076bd902b9/train2022_000000000727_left_body.jpg,train2022_000000000727,left_body,1,False,box_center,2,0.796875,0.5180221613928209,
2266,hyena/cropped_images/left body/41eef245-4fd5-42e4-9db8-c2076bd902b9/train2022_000000001358_left_body.jpg,train2022_000000001358,left_body,1,True,center,0,0.98046875,0.5084333408754366,6fba1deef84d3495283101478ffc25b105a6e0ec2a3c45e4726a26e0937db1aa
2267,hyena/cropped_images/left body/42779875-0894-4e77-99f4-da82f72a17fa/train2022_000000000007_left_body.jpg,train2022_000000000007,left_body,1,False,box_center,2,0.80859375,0.5056667400139448,
2268,hyena/cropped_images/left body/42779875-0894-4e77-99f4-da82f72a17fa/train2022_000000000052_left_body.jpg,train2022_000000000052,left_body,1,False,box_center,2,0.84765625,0.4306978335721465,
2269,hyena/cropped_images/left body/42779875-0894-4e77-99f4-da82f72a17fa/train2022_000000000415_left_body.jpg,train2022_000000000415,left_body,1,True,box_center,2,0.9296875,0.4530148696721856,80092d7fc7ea54c4587472efee7263c51d0332053a72c2bf4315daa67f7bddc8
2270,hyena/cropped_images/left body/42779875-0894-4e77-99f4-da82f72a17fa/train2022_000000000893_left_body.jpg,train2022_000000000893,left_body,1,True,box_center,2,0.875,0.44462408280797083,c8e15bddf2f690ba46ce0b4828de2c95a02bab420326f9984ad1cef1cae84fe3
2271,hyena/cropped_images/left body/42779875-0894-4e77-99f4-da82f72a17fa/train2022_000000000929_left_body.jpg,train2022_000000000929,left_body,1,True,center,0,0.9609375,0.49704093983768544,565e26c93fa948b79a19bad1c7bd620d7365cdd180751b15dcd0de3507e277be
2272,hyena/cropped_images/left body/42779875-0894-4e77-99f4-da82f72a17fa/train2022_000000002175_left_body.jpg,train2022_000000002175,left_body,1,True,box_center,0,0.8984375,0.8153597419555133,ec8267e5095538e4befc16dabeec92231dd7abce091f179b0bb5c79dcb723452
2273,hyena/cropped_images/left body/42779875-0894-4e77-99f4-da82f72a17fa/train2022_000000002517_left_body.jpg,train2022_000000002517,left_body,1,True,center,0,0.96875,0.5034052003331174,717b355d838440f35fa601b9856ab86201807953f6a010ae29ec5bf0791e4e58
2274,hyena/cropped_images/left body/42779875-0894-4e77-99f4-da82f72a17fa/train2022_000000002538_left_body.jpg,train2022_000000002538,left_body,1,True,box_center,2,0.96484375,0.5434892494971287,6033436604c79d3007940c03c83ffdc32f60015cbbefda3065d2ad4113047d80
2275,hyena/cropped_images/left body/44af1942-49f4-45ef-aed6-df0ce47d4bc9/train2022_000000000613_left_body.jpg,train2022_000000000613,left_body,1,True,center,0,0.97265625,0.4515282042826817,a998e9016a437c8888c165602172fd781edf3cc565f8b5ada7d3ee3f97143510
2276,hyena/cropped_images/left body/44af1942-49f4-45ef-aed6-df0ce47d4bc9/train2022_000000002523_left_body.jpg,train2022_000000002523,left_body,1,True,center,0,0.94140625,0.5265248961076523,cf1441b941c642a9ef978eb5d175f34c497c9384d6fbd516affda20d17e66bdc
2277,hyena/cropped_images/left body/44b705bc-5e1f-4759-aa8d-a888223e921f/train2022_000000000217_left_body.jpg,train2022_000000000217,left_body,1,True,center,0,0.96875,0.537161903302429,ffd60afba62cae249543cc2d54d0b7e00ee052a80bd91b5e3321fa91c5d82129
2278,hyena/cropped_images/left body/44b705bc-5e1f-4759-aa8d-a888223e921f/train2022_000000002137_left_body.jpg,train2022_000000002137,left_body,1,True,box_center,2,0.9609375,0.5620305545782822,98d32f1a610256d3bf3a71a663caa3570473e42d2ebcc89feaea9696a0b87560
2279,hyena/cropped_images/left body/44b705bc-5e1f-4759-aa8d-a888223e921f/train2022_000000002358_left_body.jpg,train2022_000000002358,left_body,1,True,box_center,0,0.8828125,0.5367934136818876,8ba61abe6052e10fa5d20d7af86bca1bc0d7727bde4bb5588cc05bbe4d60878f
2280,hyena/cropped_images/left body/44b705bc-5e1f-4759-aa8d-a888223e921f/train2022_000000002700_left_body.jpg,train2022_000000002700,left_body,1,True,center,0,0.9453125,0.4796289109735041,97083a3b38d4cad25cd200bd4aef9b9419ac7daa4fd78f9628573ef56ba7eb4a
2281,hyena/cropped_images/left body/44b705bc-5e1f-4759-aa8d-a888223e921f/train2022_000000002885_left_body.jpg,train2022_000000002885,left_body,1,True,center,0,0.96484375,0.5399884777877353,b307ec19c8e5be7e6dd8ec979875364b56dc575a1a1ada97a6fb47f255d70468
2282,hyena/cropped_images/left body/45712db8-9da3-4558-bcc9-22d25d842af7/train2022_000000000177_left_body.jpg,train2022_000000000177,left_body,1,True,box_center,2,0.8671875,0.590098299578666,8cc1b505728a44c19bc6c1a292b140650aaf221c2b349a26c41e708f8b0f1e2d
2283,hyena/cropped_images/left body/45712db8-9da3-4558-bcc9-22d25d842af7/train2022_000000001550_left_body.jpg,train2022_000000001550,left_body,1,True,center,0,0.9609375,0.6054692365737181,d93e790cfdd6832a066eccc88e6047ebe8197b8fb4419a6adabe3aa0f6d37cfc
2284,hyena/cropped_images/left body/45712db8-9da3-4558-bcc9-22d25d842af7/train2022_000000002560_left_body.jpg,train2022_000000002560,left_body,1,True,center,0,0.95703125,0.7268030539687395,4d09a2a1dd85271c62353ebbead477556c0e3d9950f4a7aca68307b618f17f4b
2285,hyena/cropped_images/left body/45712db8-9da3-4558-bcc9-22d25d842af7/train2022_000000002801_left_body.jpg,train2022_000000002801,left_body,1,True,box_center,2,0.94921875,0.6497968947028984,19de2ec5c410e98b8ec48edabbc4e6f9e9720bad8601285d8f1f17bcbdc1a0f6
2286,hyena/cropped_images/left body/477d721a-6027-42a5-a2d7-94dc7e550fcc/train2022_000000000017_left_body.jpg,train2022_000000000017,left_body,1,True,center,0,0.9765625,0.6175724747321915,59c51bd88c569a2c939b504f77158c7e21233b54d4445d38825a21df00d1d8c6
2287,hyena/cropped_images/left body/477d721a-6027-42a5-a2d7-94dc7e550fcc/train2022_000000000432_left_body.jpg,train2022_000000000432,left_body,1,True,center,0,0.9765625,0.5711035445041442,7d8030bc524f5f1700ad4eefcabd9f1cae31c82c66f3b3783cb8c7faec3254c8
2288,hyena/cropped_images/left body/477d721a-6027-42a5-a2d7-94dc7e550fcc/train2022_000000000616_left_body.jpg,train2022_000000000616,left_body,1,True,box_center,2,0.88671875,0.48712158203125,b451b10eac8691a9b7323e0f4652fa4f6a83781da3a3129e31dba37fb889e46c
2289,hyena/cropped_images/left body/477d721a-6027-42a5-a2d7-94dc7e550fcc/train2022_000000000717_left_body.jpg,train2022_000000000717,left_body,1,True,center,0,0.96484375,0.5299527349595041,46b0fe0d12308b3d8b105ad298660d8a3d97ea3a5a65a0731d93a32a08f1cdc4
2290,hyena/cropped_images/left body/477d721a-6027-42a5-a2d7-94dc7e550fcc/train2022_000000002065_left_body.jpg,train2022_000000002065,left_body,1,True,box_center,2,0.95703125,0.5513883667221655,9554485597aeda3ff600cced1190a2b6e79b596074357065a4067755d6ef8c40
2291,hyena/cropped_images/left body/477d721a-6027-42a5-a2d7-94dc7e550fcc/train2022_000000003069_left_body.jpg,train2022_000000003069,left_body,1,True,center,0,0.98046875,0.5957142186546496,cde890f291e6c6c63f766ad2071e963e6829180d2695d4d7bd601279710f5ff4
2292,hyena/cropped_images/left body/477d721a-6027-42a5-a2d7-94dc7e550fcc/train2022_000000003076_left_body.jpg,train2022_000000003076,left_body,1,False,box_center,0,0.78515625,0.6817595602747458,
2293,hyena/cropped_images/left body/477d721a-6027-42a5-a2d7-94dc7e550fcc/train2022_000000003090_left_body.jpg,train2022_000000003090,left_body,1,True,center,0,0.98046875,0.601972380925038,1c0e8f920febb61f192eda1b2f708bbd9c2cd34f01b054c83d3312e999ec48cf
2294,hyena/cropped_images/left body/48a2a80a-436d-4af1-b67a-8084c52f60d4/train2022_000000000026_left_body.jpg,train2022_000000000026,left_body,1,True,box_center,0,0.890625,0.7844579621339441,4a4ed1aa5c0e07e80b78a30577d978ebd92196446cb8986ae7941f852ab2b82c
2295,hyena/cropped_images/left body/48a2a80a-436d-4af1-b67a-8084c52f60d4/train2022_000000000040_left_body.jpg,train2022_000000000040,left_body,1,True,box_center,0,0.9296875,0.79758298113967,12d5bdad479af7641d07077e208005d0e67ff2c7d7d5b7f70bd9c66c49b8d628
2296,hyena/cropped_images/left body/48a2a80a-436d-4af1-b67a-8084c52f60d4/train2022_000000000952_left_body.jpg,train2022_000000000952,left_body,1,True,center,0,0.94921875,0.5746827496003488,7a25d530348793d89ee17ecdd4cda82dd51a3eefbd9373323ab47d215bf8ba0c
2297,hyena/cropped_images/left body/48a2a80a-436d-4af1-b67a-8084c52f60d4/train2022_000000001585_left_body.jpg,train2022_000000001585,left_body,1,True,box_center,0,0.85546875,0.7689586104642077,fbec9cda9c7977fa5629941a4216a0b9ba32dfc6a52d22f89f9e35f33039fdf2
2298,hyena/cropped_images/left body/4b3d02b4-f522-464b-ab0e-79e1089c5b57/train2022_000000000172_left_body.jpg,train2022_000000000172,left_body,1,True,center,0,0.98828125,0.5178148262260411,3e04d0f9db7062a7c23fc3a963ece0fbed29901bbb9fdce8f52729b3e52b088b
2299,hyena/cropped_images/left body/4b3d02b4-f522-464b-ab0e-79e1089c5b57/train2022_000000000490_left_body.jpg,train2022_000000000490,left_body,1,False,box_center,2,0.83203125,0.28880105633802816,
2300,hyena/cropped_images/left body/4b3d02b4-f522-464b-ab0e-79e1089c5b57/train2022_000000000504_left_body.jpg,train2022_000000000504,left_body,1,True,box_center,2,0.98046875,0.5257627559698205,9e6c2abfd4ee59ce5395cc948d75b5de688f485ca0f2d28bb5edd1c39336c016
2301,hyena/cropped_images/left body/4b3d02b4-f522-464b-ab0e-79e1089c5b57/train2022_000000001227_left_body.jpg,train2022_000000001227,left_body,1,True,center,0,0.9765625,0.47720447208448047,b303fe71ce8af0af89d8db92091204d360263101e52737a8176c49ac710fefb4
2302,hyena/cropped_images/left body/4b3d02b4-f522-464b-ab0e-79e1089c5b57/train2022_000000001465_left_body.jpg,train2022_000000001465,left_body,1,True,center,0,0.9765625,0.5160801784125146,1bf75f669c09486803e9fcf7fe828e3ceb7dd37c4b88d7015cbcef98f275fe55
2303,hyena/cropped_images/left body/4b3d02b4-f522-464b-ab0e-79e1089c5b57/train2022_000000002059_left_body.jpg,train2022_000000002059,left_body,1,True,center,0,0.87109375,0.3423460470854323,41718f63b317963912c83b88537a8290b2577c6023ee9f2a9ab18a1747b6efba
2304,hyena/cropped_images/left body/4b3d02b4-f522-464b-ab0e-79e1089c5b57/train2022_000000002306_left_body.jpg,train2022_000000002306,left_body,1,True,center,0,0.9765625,0.536331923759631,6d0750b75cd76bbd2673e6d591be2987dac86429bcabc2d6fe846e2ef8cee633
2305,hyena/cropped_images/left body/4bb25d71-806b-442d-950b-f137f820a90f/train2022_000000000338_left_body.jpg,train2022_000000000338,left_body,1,False,box_center,2,0.734375,0.3399504720117006,
2306,hyena/cropped_images/left body/4bb25d71-806b-442d-950b-f137f820a90f/train2022_000000000937_left_body.jpg,train2022_000000000937,left_body,1,True,box_center,2,0.88671875,0.5777830479177584,32334768558ff67e03bf919288d564deffb9f53c4dac834a70f72063ebba724e
2307,hyena/cropped_images/left body/4bb25d71-806b-442d-950b-f137f820a90f/train2022_000000001593_left_body.jpg,train2022_000000001593,left_body,1,True,center,0,0.91796875,0.5615399155157511,88e48ba9b4ceb2345ae93af2b9aa66fd22ad0d5ea2247774fde04a1531d1af2a
2308,hyena/cropped_images/left body/4bb25d71-806b-442d-950b-f137f820a90f/train2022_000000002969_left_body.jpg,train2022_000000002969,left_body,1,True,box_center,2,0.953125,0.5317390970810479,bc412e29a435d4468cdc1fd477c6532d690cc2875e791aef670892debf98f104
2309,hyena/cropped_images/left body/4c139246-f943-4f0b-a658-d1a2fac27dc7/train2022_000000000775_left_body.jpg,train2022_000000000775,left_body,1,False,box_center,2,0.80078125,0.5088436645716021,
2310,hyena/cropped_images/left body/4c139246-f943-4f0b-a658-d1a2fac27dc7/train2022_000000001195_left_body.jpg,train2022_000000001195,left_body,1,True,box_center,0,0.89453125,0.8768280669849208,764d66e5949403293b5cc320c88e0b0e5e43f28dd31076740fe588f49d69fc56
2311,hyena/cropped_images/left body/4f461caa-6f3a-47c7-8926-050f87f9c8f0/train2022_000000000189_left_body.jpg,train2022_000000000189,left_body,1,True,center,0,0.9765625,0.49868698674843276,dce884652120ced1a8ecb2bd64fa6efdf057a74a3277c833cf9faa7974beec31
2312,hyena/cropped_images/left body/4f461caa-6f3a-47c7-8926-050f87f9c8f0/train2022_000000001301_left_body.jpg,train2022_000000001301,left_body,1,True,box_center,0,0.86328125,0.5446770261620385,df255750f64c8568b7e058359510acd73c12541306eca0eb0fea9ae09f7c5345
2313,hyena/cropped_images/left body/4f895a17-6192-4ff1-863a-004837871796/train2022_000000001700_left_body.jpg,train2022_000000001700,left_body,1,True,center,0,0.9765625,0.6341084744226105,1b922d7a1f6b16bcebcd0240061c8c82d7d3510e8cceebbdf6ffcc073c3ee57f
2314,hyena/cropped_images/left body/4f895a17-6192-4ff1-863a-004837871796/train2022_000000001844_left_body.jpg,train2022_000000001844,left_body,1,True,center,0,0.98046875,0.6538693868112628,63126b40a0e140dc147107b4a6a2f57f73a7a3362ce80c113069dd4a53119c3f
2315,hyena/cropped_images/left body/4f895a17-6192-4ff1-863a-004837871796/train2022_000000002463_left_body.jpg,train2022_000000002463,left_body,1,True,center,2,0.9453125,0.6548080524150474,28bc176b73000fabcadf7a8edb8da3751eb266d41b39f0d00fa241748ec8eb7d
2316,hyena/cropped_images/left body/51029c66-ec8d-4601-afb1-6c0164c303b4/train2022_000000000286_left_body.jpg,train2022_000000000286,left_body,1,True,center,0,0.8984375,0.5594781669571194,a6dccf73c6edc51b4b2b8dd70e30aea64156d608de626519d531d447b5a2fa97
2317,hyena/cropped_images/left body/51029c66-ec8d-4601-afb1-6c0164c303b4/train2022_000000001620_left_body.jpg,train2022_000000001620,left_body,1,False,box_center,0,0.84375,0.7509035134330495,
2318,hyena/cropped_images/left body/51029c66-ec8d-4601-afb1-6c0164c303b4/train2022_000000001661_left_body.jpg,train2022_000000001661,left_body,1,True,center,0,0.93359375,0.5219783510888633,98f50f12d315c394f8ec18373e7a0a47794a049dc50e25c21b749d0324cba11b
2319,hyena/cropped_images/left body/51029c66-ec8d-4601-afb1-6c0164c303b4/train2022_000000002832_left_body.jpg,train2022_000000002832,left_body,1,True,center,0,0.984375,0.6003026884542784,a5516dfb98c234327783b12e58a3e90a97e108b165d5f18d1a1d3f4479c3a7a9
2320,hyena/cropped_images/left body/525405f2-808c-4ab9-9364-f7fd9d076f6b/train2022_000000001853_left_body.jpg,train2022_000000001853,left_body,1,True,center,0,0.97265625,0.5673124001602382,0085fe00dbdee9deb5c21d10f88be17df223e83a53c1da63ee8b25f8f3c7e490
2321,hyena/cropped_images/left body/525405f2-808c-4ab9-9364-f7fd9d076f6b/train2022_000000002665_left_body.jpg,train2022_000000002665,left_body,1,True,center,0,0.90625,0.8595160778788483,d7039b8c37ef772bb0ede0a93eb02733f27575880cf7ed0b0d33f59d682679e2
2322,hyena/cropped_images/left body/525405f2-808c-4ab9-9364-f7fd9d076f6b/train2022_000000002806_left_body.jpg,train2022_000000002806,left_body,1,True,center,0,0.97265625,0.6649030239409226,12656e00e07d942377c415d0fb6792fbd08a069c1c8e0c7a055de9655f6fceb7
2323,hyena/cropped_images/left body/5260c0df-76a3-4cb1-82fc-fd2f6a6440ad/train2022_000000000002_left_body.jpg,train2022_000000000002,left_body,1,True,box_center,2,0.94921875,0.5103541436648934,2283ecf783a871335f6c56761d764e74b86a637ece19a219c8d6c84dbf1b0bce
2324,hyena/cropped_images/left body/5260c0df-76a3-4cb1-82fc-fd2f6a6440ad/train2022_000000000098_left_body.jpg,train2022_000000000098,left_body,1,True,box_center,2,0.9453125,0.5129355783308931,006bc58f0468648bea759658a6b81e0121acf4dc98d2ae0eada528371acc26df
2325,hyena/cropped_images/left body/5260c0df-76a3-4cb1-82fc-fd2f6a6440ad/train2022_000000000252_left_body.jpg,train2022_000000000252,left_body,1,True,center,0,0.97265625,0.569666246556433,c4381b03627b0df7dcf1e656a2aa7f41d43af1ebca804c624bcc1096cf7a4c89
2326,hyena/cropped_images/left body/5260c0df-76a3-4cb1-82fc-fd2f6a6440ad/train2022_000000000574_left_body.jpg,train2022_000000000574,left_body,1,True,box_center,2,0.9296875,0.46498544264853753,c69e8b8f653da795af8bb80fcf0e7a908a4273191dafa3674b31196a4470f06a
2327,hyena/cropped_images/left body/5260c0df-76a3-4cb1-82fc-fd2f6a6440ad/train2022_000000000668_left_body.jpg,train2022_000000000668,left_body,1,True,box_center,2,0.91015625,0.4238310654313839,5edf1ad3421e60f76a69803a6126f422e504bd2012bbd60e4ec0353aca1bc43f
2328,hyena/cropped_images/left body/5260c0df-76a3-4cb1-82fc-fd2f6a6440ad/train2022_000000001203_left_body.jpg,train2022_000000001203,left_body,1,True,box_center,2,0.88671875,0.48995506173557685,bbbdd8de0731969d3adb125b574caaa5703b6e29a8df8ce0400454427f02c62c
2329,hyena/cropped_images/left body/5260c0df-76a3-4cb1-82fc-fd2f6a6440ad/train2022_000000001376_left_body.jpg,train2022_000000001376,left_body,1,False,box_center,0,0.76171875,0.7409994151049681,
2330,hyena/cropped_images/left body/5260c0df-76a3-4cb1-82fc-fd2f6a6440ad/train2022_000000001708_left_body.jpg,train2022_000000001708,left_body,1,True,box_center,2,0.97265625,0.5512296967251021,a15d5b2ac97fbaec61319399bd9f808deab36a674746f2f58cd3e0f31e61af70
2331,hyena/cropped_images/left body/5260c0df-76a3-4cb1-82fc-fd2f6a6440ad/train2022_000000001919_left_body.jpg,train2022_000000001919,left_body,1,True,center,0,0.9609375,0.4921001249609497,48c49b2745470835caf085f414a9f272a7ac4c15bd9dcbc94d7e2ecc38d03d6e
2332,hyena/cropped_images/left body/5260c0df-76a3-4cb1-82fc-fd2f6a6440ad/train2022_000000001921_left_body.jpg,train2022_000000001921,left_body,1,True,box_center,2,0.93359375,0.42078042566154783,19d37f4a6a8583730ab6edf0687f4d435cd07ad59600b88275c320805e069442
2333,hyena/cropped_images/left body/5260c0df-76a3-4cb1-82fc-fd2f6a6440ad/train2022_000000002313_left_body.jpg,train2022_000000002313,left_body,1,True,box_center,2,0.859375,0.36534079764628963,347082d01bc4ee23ee173adcd2bd98ceb1f7ec6c983583ec684acdb4e8114cef
2334,hyena/cropped_images/left body/5260c0df-76a3-4cb1-82fc-fd2f6a6440ad/train2022_000000002348_left_body.jpg,train2022_000000002348,left_body,1,True,center,0,0.97265625,0.4445136161925741,b33eac4d7e19cd19d4426db9ef2a02a92493b7c926c77ca2f65b563bbeb250e9
2335,hyena/cropped_images/left body/5260c0df-76a3-4cb1-82fc-fd2f6a6440ad/train2022_000000002458_left_body.jpg,train2022_000000002458,left_body,1,True,center,0,0.96875,0.45454467527537457,bee8aacb888116d6c15ed11d625fdb53011f3bef77ed10fc36fba674fe3e0802
2336,hyena/cropped_images/left body/5260c0df-76a3-4cb1-82fc-fd2f6a6440ad/train2022_000000002540_left_body.jpg,train2022_000000002540,left_body,1,True,center,0,0.9609375,0.587475264318426,479bee6745cdb9ca9a2e6a851e4911d354247572d883534b1d5a43517d975333
2337,hyena/cropped_images/left body/5610d2b4-3e70-4ba0-8d05-47957e68b512/train2022_000000000865_left_body.jpg,train2022_000000000865,left_body,1,True,center,0,0.96484375,0.5292277415478245,f2f67aa5b91f4e54a0eee0ab3814c2334b7a0327ed38c8803d6264d5e59661b9
2338,hyena/cropped_images/left body/56d1a077-635d-4401-a74b-ce92bad46e70/train2022_000000000844_left_body.jpg,train2022_000000000844,left_body,1,True,center,0,0.90625,0.4577740492170022,b0ad7d6247135691473a783b0047445b24b8cb4994538b19f8800516149cbcf5
2339,hyena/cropped_images/left body/56d1a077-635d-4401-a74b-ce92bad46e70/train2022_000000001115_left_body.jpg,train2022_000000001115,left_body,1,True,box_center,2,0.8984375,0.6653029632905794,d3dbac5facf3580c8e1cf01de8ff64dc6bf3cf6026d8e195209700fd2a10cbb4
2340,hyena/cropped_images/left body/56d1a077-635d-4401-a74b-ce92bad46e70/train2022_000000001666_left_body.jpg,train2022_000000001666,left_body,1,True,center,0,0.96484375,0.5635652118931537,567f0a18492c2b6ec3483e5e3c7ca3cc287b6b11a6504c143e0fcbec320791c8
2341,hyena/cropped_images/left body/56d1a077-635d-4401-a74b-ce92bad46e70/train2022_000000002149_left_body.jpg,train2022_000000002149,left_body,1,False,box_center,2,0.80078125,0.5701104067328011,
2342,hyena/cropped_images/left body/56d1a077-635d-4401-a74b-ce92bad46e70/train2022_000000002269_left_body.jpg,train2022_000000002269,left_body,1,True,box_center,2,0.9296875,0.6898412664318241,f04ae9ba4fb9b8ab6fe0b8d8b31d2f1998b7ab7ce68bde33b1545922f66db1fb
2343,hyena/cropped_images/left body/5714276c-6415-4eae-980b-1e4b923847b2/train2022_000000001293_left_body.jpg,train2022_000000001293,left_body,1,False,box_center,2,0.82421875,0.8320117900026576,
2344,hyena/cropped_images/left body/5714276c-6415-4eae-980b-1e4b923847b2/train2022_000000001461_left_body.jpg,train2022_000000001461,left_body,1,False,box_center,2,0.82421875,0.6793802903401354,
2345,hyena/cropped_images/left body/5714276c-6415-4eae-980b-1e4b923847b2/train2022_000000002017_left_body.jpg,train2022_000000002017,left_body,1,True,center,0,0.98046875,0.464658269488811,5504bfe189627ba184be7b0c31a30f774845400d9f286999bea9c7f05ec8487f
2346,hyena/cropped_images/left body/5714276c-6415-4eae-980b-1e4b923847b2/train2022_000000002289_left_body.jpg,train2022_000000002289,left_body,1,False,box_center,2,0.82421875,0.7053471795222154,
2347,hyena/cropped_images/left body/5b3f1cd0-8656-4803-b85a-ac405603f434/train2022_000000001362_left_body.jpg,train2022_000000001362,left_body,1,True,center,0,0.98046875,0.5048988690735102,3d61fda2628145f2af3a89acf032e5ed035ef9d758713de3f158e5f32b7ddb25
2348,hyena/cropped_images/left body/5c6bdd77-0364-48e8-8022-591ca47f076e/train2022_000000000194_left_body.jpg,train2022_000000000194,left_body,1,True,center,0,0.9609375,0.5445620738146408,a2c61a82e429e3ae6e712c882049f3da7cf20b9bae7bd657b82a9f2be76adebc
2349,hyena/cropped_images/left body/5c6bdd77-0364-48e8-8022-591ca47f076e/train2022_000000002428_left_body.jpg,train2022_000000002428,left_body,1,True,center,0,0.98046875,0.49454101206678525,0fc37a432804eec58f107d00635457d5bcb046e60d92461a83ecda4f7ec50942
2350,hyena/cropped_images/left body/5c6bdd77-0364-48e8-8022-591ca47f076e/train2022_000000002865_left_body.jpg,train2022_000000002865,left_body,1,True,center,0,0.94921875,0.5232547330585938,bdeca7fdf3a41ee6db10a6afc8914f1028ca0416231274f58f7d0ad8d9437aa0
2351,hyena/cropped_images/left body/5fdac45d-b5e7-4133-a8f4-05b28552990c/train2022_000000000348_left_body.jpg,train2022_000000000348,left_body,1,True,box_center,2,0.90234375,0.8050687748202039,13f6767034f9cccb8413933fc45ebdd564d65ad67d780c03d0f587757cf83cec
2352,hyena/cropped_images/left body/5fdac45d-b5e7-4133-a8f4-05b28552990c/train2022_000000001420_left_body.jpg,train2022_000000001420,left_body,1,True,box_center,0,0.9375,0.6250208665788033,0421fecf98c2feb91841065f8c5b0b7b8d6bb46cc46ab88363da053414756f66
2353,hyena/cropped_images/left body/5fdac45d-b5e7-4133-a8f4-05b28552990c/train2022_000000001479_left_body.jpg,train2022_000000001479,left_body,1,True,box_center,2,0.921875,0.5068544608794592,99b2ac5068c94de82628817f1e270882e024fdaf713ae7007116e2a143f8193c
2354,hyena/cropped_images/left body/5fdac45d-b5e7-4133-a8f4-05b28552990c/train2022_000000002018_left_body.jpg,train2022_000000002018,left_body,1,True,center,0,0.98046875,0.6640780393153978,be59bf13041f31d040889fffe257a5bbfc4a95733471b034abf6bc5895e09457
2355,hyena/cropped_images/left body/5fdac45d-b5e7-4133-a8f4-05b28552990c/train2022_000000002278_left_body.jpg,train2022_000000002278,left_body,1,True,box_center,2,0.921875,0.4271277625646558,c2548f48ba69886846708b5992b4bfd62a4e7df6171be4d700fa1ff9f9f8838c
2356,hyena/cropped_images/left body/5fdac45d-b5e7-4133-a8f4-05b28552990c/train2022_000000002405_left_body.jpg,train2022_000000002405,left_body,1,True,box_center,2,0.8515625,0.46423353804696926,ba62e6f095d0e67cd2e16512c487c30ce37459ff4b9da8849e7e86192179f4a6
2357,hyena/cropped_images/left body/5fdac45d-b5e7-4133-a8f4-05b28552990c/train2022_000000002590_left_body.jpg,train2022_000000002590,left_body,1,True,center,0,0.96875,0.3965305310699668,7a1a4c8a35fc11cc8bbeaa6fccb093b9de2c7a69db5c5972fdd605dba6517c78
2358,hyena/cropped_images/left body/5fdac45d-b5e7-4133-a8f4-05b28552990c/train2022_000000002864_left_body.jpg,train2022_000000002864,left_body,1,True,box_center,2,0.89453125,0.5273682566723452,18f48fbc2626fbe3fbf473a16f97560f70f93406fa772f840768beb6e7e094d6
2359,hyena/cropped_images/left body/5fdac45d-b5e7-4133-a8f4-05b28552990c/train2022_000000003056_left_body.jpg,train2022_000000003056,left_body,1,True,box_center,2,0.90234375,0.4680825410790951,7a0d74556a28ebab3f1de48c71669127dac295f34c2c20b79f2904d1377f1615
2360,hyena/cropped_images/left body/5ff6a7d1-4616-4201-a82f-30fad5e933a1/train2022_000000000563_left_body.jpg,train2022_000000000563,left_body,1,True,center,0,0.97265625,0.5932691790376444,5ed735461dd5df370691de3941582a7bd286679ae19e9512063fbe343f154359
2361,hyena/cropped_images/left body/5ff6a7d1-4616-4201-a82f-30fad5e933a1/train2022_000000001568_left_body.jpg,train2022_000000001568,left_body,1,True,center,0,0.98828125,0.5596817060454233,d835e49120be57a413216839523adf65ad83e49ef6b9350dbfc77061c4303f50
2362,hyena/cropped_images/left body/5ff6a7d1-4616-4201-a82f-30fad5e933a1/train2022_000000003072_left_body.jpg,train2022_000000003072,left_body,1,True,center,0,0.9453125,0.46379738265840204,e506ee0777132b626b6d459f5861babd8031e398bb10f7a78b165d8bfd6782c7
2363,hyena/cropped_images/left body/60a80045-52d9-4d37-abc6-a396254d59f0/train2022_000000001658_left_body.jpg,train2022_000000001658,left_body,1,True,center,0,0.96484375,0.5044341453753218,d23638f6f9088f5790e68812176d76d3d011a510b913e0ce00a6c49a36953de2
2364,hyena/cropped_images/left body/60b9e2bb-87ef-4b1d-923c-f0585a74d0b7/train2022_000000000365_left_body.jpg,train2022_000000000365,left_body,1,True,box_center,2,0.95703125,0.4914507391407036,862c46dd68eb990e9b5f2a68f11c33a4d3649eb6b57ddddf95701063c851e2c8
2365,hyena/cropped_images/left body/60b9e2bb-87ef-4b1d-923c-f0585a74d0b7/train2022_000000000476_left_body.jpg,train2022_000000000476,left_body,1,True,box_center,2,0.87109375,0.5257161726168416,cc10f848a0ecd7f2e9b43d2f36599ce76a243dd2dd4c6f38e13f8e01e27255bc
2366,hyena/cropped_images/left body/60b9e2bb-87ef-4b1d-923c-f0585a74d0b7/train2022_000000002042_left_body.jpg,train2022_000000002042,left_body,1,True,box_center,2,0.88671875,0.5285453193165006,8353c9da01a43b6da144f35a90173a4d0f13818e85ea1a173601c3c7c7f98fd5
2367,hyena/cropped_images/left body/610a34bf-1456-4efe-b5c7-10c5b588be2e/train2022_000000000631_left_body.jpg,train2022_000000000631,left_body,1,True,box_center,2,0.89453125,0.5900251969668242,60ac3890773bb19df86aae0405022b2fd082bfb867fafbedb06f4440281b9923
2368,hyena/cropped_images/left body/61f3efff-c86f-48ed-8b36-0dec4078b231/train2022_000000000749_left_body.jpg,train2022_000000000749,left_body,1,True,center,0,0.94921875,0.42078943593802687,5758975d2283b0f4bb2c0bf941ac0e3a294641bf6eb80be52cae6281849ec354
2369,hyena/cropped_images/left body/61f3efff-c86f-48ed-8b36-0dec4078b231/train2022_000000001653_left_body.jpg,train2022_000000001653,left_body,1,True,box_center,2,0.98046875,0.5243688211914557,ee3172932928c30ea9618e1c2771cff865bd1b5fb9d0a685b5f6ab280a2dc1d8
2370,hyena/cropped_images/left body/62087513-88bc-4a3f-8699-cb8db0665501/train2022_000000001762_left_body.jpg,train2022_000000001762,left_body,1,True,center,0,0.96875,0.5576151891732584,8eb6e12a0b69eb7c427587c7734e8e5a54bcdb28cdf90a5761eb04f555411fd3
2371,hyena/cropped_images/left body/62087513-88bc-4a3f-8699-cb8db0665501/train2022_000000001788_left_body.jpg,train2022_000000001788,left_body,1,False,box_center,2,0.76171875,0.6641076912555404,
2372,hyena/cropped_images/left body/62087513-88bc-4a3f-8699-cb8db0665501/train2022_000000002299_left_body.jpg,train2022_000000002299,left_body,1,True,center,2,0.89453125,0.2214410021822299,62c3355fbbdd7e4a804b909751e4f7cb7cc9e08abbe4821e4e2f3e8b0f05c0a7
2373,hyena/cropped_images/left body/656932aa-cf53-4f70-985b-a388f6c88f69/train2022_000000001768_left_body.jpg,train2022_000000001768,left_body,1,True,center,0,0.94921875,0.5445385331002442,3f24f3461534d8c357d12c3205d64c829e66b2d1df120dec9c030af24e7649d9
2374,hyena/cropped_images/left body/656932aa-cf53-4f70-985b-a388f6c88f69/train2022_000000002092_left_body.jpg,train2022_000000002092,left_body,1,True,box_center,2,0.90234375,0.4587443579684468,db313a373945eab2ff8df1abd641db481dffed47584b410646b8c35589a0d265
2375,hyena/cropped_images/left body/66a99503-a6e9-47cd-b28a-ac543d20f110/train2022_000000001102_left_body.jpg,train2022_000000001102,left_body,1,True,center,0,0.96875,0.5365682045490855,65975beb3ccd11d844d67e6c3b04ee89b6602082f26bedde8cee37b0231b1be9
2376,hyena/cropped_images/left body/66a99503-a6e9-47cd-b28a-ac543d20f110/train2022_000000001704_left_body.jpg,train2022_000000001704,left_body,1,True,box_center,2,0.94921875,0.5070560840284513,6b3e6efee65d75b773dbd7d06351938cb2375a16b19d6a9295f87f4bf53f3383
2377,hyena/cropped_images/left body/66a99503-a6e9-47cd-b28a-ac543d20f110/train2022_000000002010_left_body.jpg,train2022_000000002010,left_body,1,True,center,0,0.95703125,0.4727901598411821,143449989cfdf53202a63ead29201b3208aff6fcd7853c1655ddac5be81638d0
2378,hyena/cropped_images/left body/66f06e87-bcea-487d-b5c6-6e5cbfb52ce4/train2022_000000001507_left_body.jpg,train2022_000000001507,left_body,1,True,center,0,0.97265625,0.5166847826086957,753742b5a8eb8a22077fcf54c5ff2b4109fb8c7f24799e4c761f454c47ee8904
2379,hyena/cropped_images/left body/67006b29-4adc-41dc-9b30-39a94363a81a/train2022_000000001134_left_body.jpg,train2022_000000001134,left_body,1,True,box_center,2,0.953125,0.5168518601682138,88aa155dd1eabe2e957b302e049c8dd088206ca56bbf3481538c35fcd3151eec
2380,hyena/cropped_images/left body/67006b29-4adc-41dc-9b30-39a94363a81a/train2022_000000001676_left_body.jpg,train2022_000000001676,left_body,1,True,center,0,0.9765625,0.4938041570485257,b7bc4fa0449f871d4cc225e3b7af2e397d50018b76cafc07590d996aa89b74e2
2381,hyena/cropped_images/left body/67006b29-4adc-41dc-9b30-39a94363a81a/train2022_000000002447_left_body.jpg,train2022_000000002447,left_body,1,True,center,0,0.984375,0.5506829435227929,48f162f252dbb19c1c101487f24b96f40c5b010ec62d58d31a407883e5ed7afc
2382,hyena/cropped_images/left body/67006b29-4adc-41dc-9b30-39a94363a81a/train2022_000000002695_left_body.jpg,train2022_000000002695,left_body,1,True,center,0,0.98828125,0.5348017270903664,169e5cf8465e9f70dff72d0a4c9bbcf724e91240b5d7b1c73f4e34b6a9012868
2383,hyena/cropped_images/left body/6810b958-c4ad-4c34-9590-94b819ff444b/train2022_000000000169_left_body.jpg,train2022_000000000169,left_body,1,True,center,0,0.953125,0.5255035420645563,aae304d51b9142f152bba5784e176614cf7c37955ed4214e4c25a1ae96663f29
2384,hyena/cropped_images/left body/6810b958-c4ad-4c34-9590-94b819ff444b/train2022_000000001292_left_body.jpg,train2022_000000001292,left_body,1,True,box_center,2,0.921875,0.546614815640797,3b53b512e52d72be5250a374577461aaba62f5ffc5d11236963c4d54eb40dd97
2385,hyena/cropped_images/left body/6810b958-c4ad-4c34-9590-94b819ff444b/train2022_000000001909_left_body.jpg,train2022_000000001909,left_body,1,True,box_center,2,0.9140625,0.5662154818949761,61347d940f084cb958ad6fff9088e706b17aef2c3666b965aa6bf68e42d179ff
2386,hyena/cropped_images/left body/6810b958-c4ad-4c34-9590-94b819ff444b/train2022_000000002661_left_body.jpg,train2022_000000002661,left_body,1,True,center,0,0.95703125,0.590067104460473,0977703e105b9f1e480501cd148f2ca3e2863ec3435eb6296bc4f2e7e531bad5
2387,hyena/cropped_images/left body/68996e21-12ab-4183-ab94-d2b0331efb10/train2022_000000000024_left_body.jpg,train2022_000000000024,left_body,1,True,center,0,0.9609375,0.8378898041571438,2247648a8859df8fafa44c491b40667207cb3a33b3eb7f2c596c4403a98feeae
2388,hyena/cropped_images/left body/68996e21-12ab-4183-ab94-d2b0331efb10/train2022_000000002815_left_body.jpg,train2022_000000002815,left_body,1,True,center,0,0.96875,0.6391679512097045,9f71afaa7ea1dd3ec8b38d657a31b0203204a88081b6824781719d7a515ef1bf
2389,hyena/cropped_images/left body/68996e21-12ab-4183-ab94-d2b0331efb10/train2022_000000002884_left_body.jpg,train2022_000000002884,left_body,1,False,box_center,0,0.83984375,0.8266702237991421,
2390,hyena/cropped_images/left body/68996e21-12ab-4183-ab94-d2b0331efb10/train2022_000000002918_left_body.jpg,train2022_000000002918,left_body,1,True,box_center,2,0.9140625,0.6585710846678968,f1b61153068202426fc5d249b58588da4445f0e5731975a9251a48e9dc70fb80
2391,hyena/cropped_images/left body/6a1fc5e8-c077-41c4-9c3b-ff5d0b0364a2/train2022_000000000042_left_body.jpg,train2022_000000000042,left_body,1,True,box_center,2,0.90234375,0.5715977862716993,c6ddfb0b2a37a16352247853fd550f63e7a9da75e5505f031c2bfbb4158bbbab
2392,hyena/cropped_images/left body/6a1fc5e8-c077-41c4-9c3b-ff5d0b0364a2/train2022_000000000236_left_body.jpg,train2022_000000000236,left_body,1,True,center,0,0.98046875,0.5583506810206388,9518a254a00a94c30e2b353eba7d9795df3614274e5ca1413ab66a8f3ba65917
2393,hyena/cropped_images/left body/6a1fc5e8-c077-41c4-9c3b-ff5d0b0364a2/train2022_000000001476_left_body.jpg,train2022_000000001476,left_body,1,True,box_center,0,0.91015625,0.867707955651394,09660a019463623d23ec4eeb01bd45a6c4d98d7d5693d598d651a592f95b5f93
2394,hyena/cropped_images/left body/6e8d3aef-1f16-4b06-a5d4-9cf11fd29530/train2022_000000000049_left_body.jpg,train2022_000000000049,left_body,1,True,box_center,0,0.9375,0.7288251866689466,23156ac9a0a8865b9a01ae2b2c721db1130d1263c8498dae49bf631c2944b427
2395,hyena/cropped_images/left body/6e8d3aef-1f16-4b06-a5d4-9cf11fd29530/train2022_000000002128_left_body.jpg,train2022_000000002128,left_body,1,True,box_center,2,0.89453125,0.476460649857827,4c03c5c4a2aa1e8262c8d09ba794a912687845bbc06fc7ed59dfeb2d49afbdf3
2396,hyena/cropped_images/left body/6e8d3aef-1f16-4b06-a5d4-9cf11fd29530/train2022_000000002274_left_body.jpg,train2022_000000002274,left_body,1,True,center,0,0.9375,0.5895422982835552,3fe515b9c4b23a72d85e2ee8b578d6d4161072a76eea8b802bd0b84085673f5e
2397,hyena/cropped_images/left body/7145ff09-9841-43c9-8137-9bb3ea90a5b8/train2022_000000002073_left_body.jpg,train2022_000000002073,left_body,1,True,center,0,0.96484375,0.6038108814445237,d00efb1f3199dada577c16eaccf6b776f5c95960e92d8840e9d984ac6f03a5a5
2398,hyena/cropped_images/left body/7145ff09-9841-43c9-8137-9bb3ea90a5b8/train2022_000000002583_left_body.jpg,train2022_000000002583,left_body,1,True,box_center,0,0.88671875,0.880106038680701,ce91695158740932ee88b601b6ec6893ed661d270ec9b82066329b2a998b56c7
2399,hyena/cropped_images/left body/7145ff09-9841-43c9-8137-9bb3ea90a5b8/train2022_000000002837_left_body.jpg,train2022_000000002837,left_body,1,True,box_center,2,0.9296875,0.5041486200006086,c88fbff7f6806be20035a860e7c3be47b5c15870b1c4b2e6e49cdd5725f91fbd
2400,hyena/cropped_images/left body/7153eda6-946a-4e9d-9c3d-c5c034cbc5e3/train2022_000000000109_left_body.jpg,train2022_000000000109,left_body,1,False,box_center,2,0.7421875,0.4954881230503896,
2401,hyena/cropped_images/left body/7153eda6-946a-4e9d-9c3d-c5c034cbc5e3/train2022_000000000942_left_body.jpg,train2022_000000000942,left_body,1,True,box_center,2,0.94140625,0.6265342096630746,093665d8412665784748b45fdad18021238cf8b7f09e933968ba31693385492a
2402,hyena/cropped_images/left body/7153eda6-946a-4e9d-9c3d-c5c034cbc5e3/train2022_000000002262_left_body.jpg,train2022_000000002262,left_body,1,True,center,0,0.9609375,0.5988802908880881,645f0a126864579d77f819458d6f3cdb62841c1b0a5a9d4214b3cfeb1f3a7bd8
2403,hyena/cropped_images/left body/7153eda6-946a-4e9d-9c3d-c5c034cbc5e3/train2022_000000002401_left_body.jpg,train2022_000000002401,left_body,1,True,box_center,2,0.85546875,0.5316936296007536,5d897e88231ba1b2b7d64934576160b579a990be77cd54c4e20891c671f15b84
2404,hyena/cropped_images/left body/7201896a-1323-4e70-b147-4cc6d13b2784/train2022_000000002038_left_body.jpg,train2022_000000002038,left_body,1,True,center,0,0.87890625,0.8935745734727573,9f8a92c4f1498442aaa67389df3094c8e24daad1c321b9903d594e7e2c1c109f
2405,hyena/cropped_images/left body/7201896a-1323-4e70-b147-4cc6d13b2784/train2022_000000002207_left_body.jpg,train2022_000000002207,left_body,1,True,center,0,0.95703125,0.5641691216497486,9353317232f4888325270f4223f6b624ded3ddee743707c9fd179ce439910a7a
2406,hyena/cropped_images/left body/7201896a-1323-4e70-b147-4cc6d13b2784/train2022_000000002492_left_body.jpg,train2022_000000002492,left_body,1,True,center,0,0.96875,0.7383461162765457,340c4fcb1ef56e4d4568ff210a860050090db3badc2d3b373d4c1b476a6aa0b8
2407,hyena/cropped_images/left body/7201896a-1323-4e70-b147-4cc6d13b2784/train2022_000000002649_left_body.jpg,train2022_000000002649,left_body,1,True,box_center,2,0.89453125,0.5676476210291985,c3d452ff1cec312ca465b3a974188eef15a430bb9a2d46efc02e8a0adf782b81
2408,hyena/cropped_images/left body/7250d64b-90db-40d5-8db0-db0b74f86cd3/train2022_000000001252_left_body.jpg,train2022_000000001252,left_body,1,True,box_center,2,0.890625,0.7804041470514451,6e3a52af4dc2ed2d75b1944869f2f8979f3739e72189fc19d1446ec0fc5567ee
2409,hyena/cropped_images/left body/7250d64b-90db-40d5-8db0-db0b74f86cd3/train2022_000000002444_left_body.jpg,train2022_000000002444,left_body,1,True,box_center,2,0.953125,0.5600924985899605,23455aafe531b5a60caa9545756ff2e270ed42f1b60cd903840da44c0d08b25d
2410,hyena/cropped_images/left body/7250d64b-90db-40d5-8db0-db0b74f86cd3/train2022_000000002841_left_body.jpg,train2022_000000002841,left_body,1,False,center,2,0.66796875,0.7139303339104095,
2411,hyena/cropped_images/left body/7251cda9-d3d5-4249-baf0-4f4c1480adc9/train2022_000000000310_left_body.jpg,train2022_000000000310,left_body,1,True,box_center,2,0.9609375,0.4983132435045079,50c0b2212d747773228230e74e2aa66eea3030a80bb9e0708c763beed3eb120b
2412,hyena/cropped_images/left body/7251cda9-d3d5-4249-baf0-4f4c1480adc9/train2022_000000000527_left_body.jpg,train2022_000000000527,left_body,1,True,box_center,2,0.90625,0.5389479214455906,5eb84e17fc1fc71c6d36ad89b5cabfc77522cf4a24b816c2d59832e3e74e7aec
2413,hyena/cropped_images/left body/7251cda9-d3d5-4249-baf0-4f4c1480adc9/train2022_000000000566_left_body.jpg,train2022_000000000566,left_body,1,True,center,0,0.9765625,0.5271380793119923,0d6355091aca728c5a770e9db7e12c769559de29e26a2a65bdd243d4aeac2c7e
2414,hyena/cropped_images/left body/7251cda9-d3d5-4249-baf0-4f4c1480adc9/train2022_000000000706_left_body.jpg,train2022_000000000706,left_body,1,True,center,0,0.984375,0.6615222222222222,8e31d0b5386113fc55fe875b71270ca87cd185e639c241de4f1c8f010fc51f81
2415,hyena/cropped_images/left body/7251cda9-d3d5-4249-baf0-4f4c1480adc9/train2022_000000000816_left_body.jpg,train2022_000000000816,left_body,1,True,center,0,0.9609375,0.4878869903569616,8c56addf4f5409febfa2e52bcbaeae60d1e2d190c474cf69a68b40c805f24de3
2416,hyena/cropped_images/left body/7251cda9-d3d5-4249-baf0-4f4c1480adc9/train2022_000000001007_left_body.jpg,train2022_000000001007,left_body,1,True,center,0,0.96875,0.5835928578843559,b1250939dc70bf99396f743d4a6af7be85ec1bec26be3fccf340cae3596c2bd3
2417,hyena/cropped_images/left body/7251cda9-d3d5-4249-baf0-4f4c1480adc9/train2022_000000001093_left_body.jpg,train2022_000000001093,left_body,1,True,box_center,2,0.91796875,0.5375482625482626,0b0b66e79e3a07436d0c2311ae28bf8ad434782634e3e35ccb6835c1f1a56bf3
2418,hyena/cropped_images/left body/7251cda9-d3d5-4249-baf0-4f4c1480adc9/train2022_000000001165_left_body.jpg,train2022_000000001165,left_body,1,True,center,0,0.98828125,0.47626903553299493,1c2878d0f2740d13a149a9f62cd40dc50194ce49deb9509edc99f524cb1a0c42
2419,hyena/cropped_images/left body/7251cda9-d3d5-4249-baf0-4f4c1480adc9/train2022_000000001444_left_body.jpg,train2022_000000001444,left_body,1,True,center,2,0.96875,0.8682186316718906,d017f1ed12e64815b78082090c2c4de36931a69905a694dbb920ffa9c3d305c8
2420,hyena/cropped_images/left body/7251cda9-d3d5-4249-baf0-4f4c1480adc9/train2022_000000001514_left_body.jpg,train2022_000000001514,left_body,1,True,box_center,2,0.97265625,0.5403018488882836,8bf8c2c12582af8b64573e7610f85a8cda7b4279f1760f814421d32bbb1c7131
2421,hyena/cropped_images/left body/7251cda9-d3d5-4249-baf0-4f4c1480adc9/train2022_000000001861_left_body.jpg,train2022_000000001861,left_body,1,True,box_center,0,0.953125,0.6391036414565826,93836d81f8f424a870efb7d96d76c55f24573a6862b29664222b6282fc00fad2
2422,hyena/cropped_images/left body/7251cda9-d3d5-4249-baf0-4f4c1480adc9/train2022_000000001954_left_body.jpg,train2022_000000001954,left_body,1,True,box_center,0,0.87109375,0.8633761140195753,c4e799391da89578fc7f430df7fdc82874911d86fb1138fed4aa75198a57d300
2423,hyena/cropped_images/left body/7251cda9-d3d5-4249-baf0-4f4c1480adc9/train2022_000000002166_left_body.jpg,train2022_000000002166,left_body,1,True,box_center,2,0.97265625,0.5164010538797018,459147e449752ba76b2ff73e80b1d85aa6146b19f478a0f6195877a11fdea3b0
2424,hyena/cropped_images/left body/7251cda9-d3d5-4249-baf0-4f4c1480adc9/train2022_000000002354_left_body.jpg,train2022_000000002354,left_body,1,True,box_center,2,0.97265625,0.519758043889713,72add716df5e210250a2b91b8edba7680815c276f5d73271da5513057ffa9a4c
2425,hyena/cropped_images/left body/7251cda9-d3d5-4249-baf0-4f4c1480adc9/train2022_000000002454_left_body.jpg,train2022_000000002454,left_body,1,True,box_center,2,0.9765625,0.5755171949628901,c39fa9312c754c0887d4070f107814d30ed0bdf53abefb06baff2fc623f07054
2426,hyena/cropped_images/left body/7251cda9-d3d5-4249-baf0-4f4c1480adc9/train2022_000000002592_left_body.jpg,train2022_000000002592,left_body,1,True,box_center,0,0.9609375,0.5816784283130607,050e5a89729dbad2c058da2dba4324cdef6cfb417224f66fa8248ed2ee6a0b19
2427,hyena/cropped_images/left body/7251cda9-d3d5-4249-baf0-4f4c1480adc9/train2022_000000002632_left_body.jpg,train2022_000000002632,left_body,1,True,center,0,0.9765625,0.6218806887135923,0496eea803f82b5bec2e2ef9ac862e58d7af9c6ce0884b60ce75d8dd3c270cd4
2428,hyena/cropped_images/left body/7251cda9-d3d5-4249-baf0-4f4c1480adc9/train2022_000000002883_left_body.jpg,train2022_000000002883,left_body,1,True,center,0,0.95703125,0.5537520384625134,028cb6c3dd0c35c8543883e9af44acd3550771dd605b11ff82694fd7fa1145d9
2429,hyena/cropped_images/left body/7251cda9-d3d5-4249-baf0-4f4c1480adc9/train2022_000000002913_left_body.jpg,train2022_000000002913,left_body,1,True,center,0,0.97265625,0.6596425892187332,2fe9df3f8f9d7c6b28dda650dd3fd1735694b2c6b845b111791ce326bea6ac3f
2430,hyena/cropped_images/left body/7251cda9-d3d5-4249-baf0-4f4c1480adc9/train2022_000000002999_left_body.jpg,train2022_000000002999,left_body,1,True,center,0,0.98046875,0.6044759418127564,3be6ca74ee36adb7d29f2fe6aa307aae56b6d67666d55f5ba1ee79089159ed26
2431,hyena/cropped_images/left body/736ca848-7821-430b-9aaa-f8870e80aec4/train2022_000000001579_left_body.jpg,train2022_000000001579,left_body,1,True,box_center,2,0.89453125,0.5732667885670514,8fc97598be7ea989fea260bf245f88b0611f9f4ecc6a1b6ff12e8ad339933984
2432,hyena/cropped_images/left body/736ca848-7821-430b-9aaa-f8870e80aec4/train2022_000000002531_left_body.jpg,train2022_000000002531,left_body,1,True,center,0,0.97265625,0.6174218891839143,fd272267588ded956c56332f41cf27197571aafce0d4ab4602e7fdc1fe0e65ed
2433,hyena/cropped_images/left body/736ca848-7821-430b-9aaa-f8870e80aec4/train2022_000000002744_left_body.jpg,train2022_000000002744,left_body,1,True,center,0,0.98046875,0.5442558621021715,8fd869266e82e5abf3a8e20c800a835a753838b80636118145fa162080651f7d
2434,hyena/cropped_images/left body/73ccff66-e431-422c-9c79-3026cb1280a1/train2022_000000000506_left_body.jpg,train2022_000000000506,left_body,1,False,center,0,0.7890625,0.5984478490522744,
2435,hyena/cropped_images/left body/73ccff66-e431-422c-9c79-3026cb1280a1/train2022_000000002462_left_body.jpg,train2022_000000002462,left_body,1,True,center,0,0.95703125,0.7345634296975919,490f7e21a665c57c4d7d65f768657649269c946d2a59edcce7f1b2bd948d92d1
2436,hyena/cropped_images/left body/73ccff66-e431-422c-9c79-3026cb1280a1/train2022_000000002711_left_body.jpg,train2022_000000002711,left_body,1,True,center,0,0.98828125,0.4192327622472949,bcd30130dfc91e90b9077abea423fa460bb69127a2d07f0e2144b501cf232cb4
2437,hyena/cropped_images/left body/73f670e9-5ee3-49f3-8db2-3ea557a428b8/train2022_000000000051_left_body.jpg,train2022_000000000051,left_body,1,True,box_center,2,0.9453125,0.5655628819167693,049f876bdf773f8e4590386d37c6f36509cfebedd27e01fdd0340e351cecd401
2438,hyena/cropped_images/left body/73f670e9-5ee3-49f3-8db2-3ea557a428b8/train2022_000000001212_left_body.jpg,train2022_000000001212,left_body,1,True,box_center,2,0.92578125,0.7189882412123498,41540ffbdc4340f6055ba96463e086a24c5a8fdb3a7498f3e9fa341b61afdd60
2439,hyena/cropped_images/left body/73f670e9-5ee3-49f3-8db2-3ea557a428b8/train2022_000000002623_left_body.jpg,train2022_000000002623,left_body,1,False,box_center,2,0.8125,0.6358763699860756,
2440,hyena/cropped_images/left body/74b049c5-916c-4dad-96f4-d34a63ef6e26/train2022_000000000196_left_body.jpg,train2022_000000000196,left_body,1,True,box_center,0,0.953125,0.5798919410760695,3c7f1004acace7f0b92ebc606d144da8eb5be0db7dadd38f34bb9097b92e572c
2441,hyena/cropped_images/left body/74b049c5-916c-4dad-96f4-d34a63ef6e26/train2022_000000000328_left_body.jpg,train2022_000000000328,left_body,1,True,center,0,0.9765625,0.6506836802575477,72d8556137531f99c17f6fce09ef9f53034f809e97fa058f08e524045fd7ebee
2442,hyena/cropped_images/left body/74b049c5-916c-4dad-96f4-d34a63ef6e26/train2022_000000000894_left_body.jpg,train2022_000000000894,left_body,1,True,box_center,0,0.93359375,0.6499473509199734,0f33e41d6999d311869e5c6dff6a4186bc789356080a600d58ac20bf72ef2439
2443,hyena/cropped_images/left body/74b049c5-916c-4dad-96f4-d34a63ef6e26/train2022_000000001427_left_body.jpg,train2022_000000001427,left_body,1,True,center,2,0.91015625,0.2991052458781308,9678600d0182071654c46a58bb080bd26126ca496402d034d6c50ef2693d1243
2444,hyena/cropped_images/left body/74b049c5-916c-4dad-96f4-d34a63ef6e26/train2022_000000001595_left_body.jpg,train2022_000000001595,left_body,1,True,center,0,0.921875,0.5356474800919245,2fda1fc73f8401a0e410c94a664ba3d71b2fd5ef97d477afef2db6fef67c50e7
2445,hyena/cropped_images/left body/74b049c5-916c-4dad-96f4-d34a63ef6e26/train2022_000000001992_left_body.jpg,train2022_000000001992,left_body,1,True,center,2,0.92578125,0.4202631289221623,aeb1850eb497a80d80e6a0567f681ef9cc2c8f39652d5a38a55d3de7087c722b
2446,hyena/cropped_images/left body/74d538f0-cb3e-4982-9584-7e0f886b8397/train2022_000000000047_left_body.jpg,train2022_000000000047,left_body,1,True,box_center,0,0.87890625,0.6255473835122338,a39cd90c24cedca2738c2b658ce25e32ef7b45d15ced739d684e70773c0ee6bf
2447,hyena/cropped_images/left body/74d538f0-cb3e-4982-9584-7e0f886b8397/train2022_000000000097_left_body.jpg,train2022_000000000097,left_body,1,True,box_center,2,0.90234375,0.4550845465383776,fde6732f91204f18aae1867d0a6a0539f18effedfb5f11d572f40ed9f23a9882
2448,hyena/cropped_images/left body/74d538f0-cb3e-4982-9584-7e0f886b8397/train2022_000000000822_left_body.jpg,train2022_000000000822,left_body,1,True,center,0,0.8515625,0.5179670025467833,52de3cb23cd84b764f3bd6a541e7db98910c7ebe2766ab0f2a30f66eefb58ce2
2449,hyena/cropped_images/left body/74d538f0-cb3e-4982-9584-7e0f886b8397/train2022_000000001049_left_body.jpg,train2022_000000001049,left_body,1,True,box_center,2,0.88671875,0.5055566802510321,b9fc439a8e6575173a6d6df6d7ec6ad6f1ff4e0c240678bfa5450e828c3da4eb
2450,hyena/cropped_images/left body/74d538f0-cb3e-4982-9584-7e0f886b8397/train2022_000000001194_left_body.jpg,train2022_000000001194,left_body,1,True,box_center,2,0.91015625,0.4740234232054332,baa92d1a714f8d4eb0467f554b4ec35deb8878acb978f75e120aab373a8e6ef4
2451,hyena/cropped_images/left body/74d538f0-cb3e-4982-9584-7e0f886b8397/train2022_000000001229_left_body.jpg,train2022_000000001229,left_body,1,True,box_center,0,0.875,0.6978076130227897,1af18f76feffd64d1026afe4563e54529d0605ae4e373423bde7b9564889343d
2452,hyena/cropped_images/left body/74d538f0-cb3e-4982-9584-7e0f886b8397/train2022_000000001290_left_body.jpg,train2022_000000001290,left_body,1,True,center,0,0.984375,0.5550395102601743,20b8fe5488a6333a4f8cf48b0d88dcd4861e9db9080e95af08206cae9941d309
2453,hyena/cropped_images/left body/74d538f0-cb3e-4982-9584-7e0f886b8397/train2022_000000001582_left_body.jpg,train2022_000000001582,left_body,1,True,center,0,0.90234375,0.5874903152750461,3bd4e97e28958ae1de4a506ec176ebbe89550e65af17d9c89ae77ea5cc979e9b
2454,hyena/cropped_images/left body/74d538f0-cb3e-4982-9584-7e0f886b8397/train2022_000000001956_left_body.jpg,train2022_000000001956,left_body,1,True,box_center,0,0.91015625,0.45301596779429293,b078bb4a186e6ca7cc35dc7b205b37350aa7b6214ee5eae2968c4c3c63892fea
2455,hyena/cropped_images/left body/74d538f0-cb3e-4982-9584-7e0f886b8397/train2022_000000002013_left_body.jpg,train2022_000000002013,left_body,1,True,box_center,2,0.9765625,0.5178670247656653,9238ee1b978214a2f9e809d80a08f5785926e808d4a967f8bdaab7c6c75a6d8a
2456,hyena/cropped_images/left body/74d538f0-cb3e-4982-9584-7e0f886b8397/train2022_000000002098_left_body.jpg,train2022_000000002098,left_body,1,True,box_center,2,0.89453125,0.6727105387835624,bcf003d0a7f0d0f19be6f3917377f9a9860da15e3833399b83d3794ceb5a5b33
2457,hyena/cropped_images/left body/74d538f0-cb3e-4982-9584-7e0f886b8397/train2022_000000002552_left_body.jpg,train2022_000000002552,left_body,1,True,box_center,2,0.91015625,0.5012354656293462,89dbe94794601c0b2bec2c476bc9e02b54254e6b0141704a95aa749b04042fbe
2458,hyena/cropped_images/left body/74d538f0-cb3e-4982-9584-7e0f886b8397/train2022_000000002646_left_body.jpg,train2022_000000002646,left_body,1,True,center,0,0.98828125,0.5779096157617284,91d391ebf463297f77477f295744bc58b12e29fceb227e2f9a124e046508e95c
2459,hyena/cropped_images/left body/74d538f0-cb3e-4982-9584-7e0f886b8397/train2022_000000002654_left_body.jpg,train2022_000000002654,left_body,1,True,center,0,0.984375,0.5684719774160709,d3ad0c67cf87387c34266e4b34e6874ba4c041075d659b8531b13e38dabf6270
2460,hyena/cropped_images/left body/74d538f0-cb3e-4982-9584-7e0f886b8397/train2022_000000002984_left_body.jpg,train2022_000000002984,left_body,1,True,box_center,0,0.8671875,0.7825960320810469,9624421b05c7c9a99f108bab0af03dfa53c8dcc8bf7c608662e89f9869e7ffe8
2461,hyena/cropped_images/left body/761abc97-f81c-4a09-823b-7cb1c528c290/train2022_000000000493_left_body.jpg,train2022_000000000493,left_body,1,True,center,0,0.97265625,0.5571960684341718,49bae8a98320405bfd3e059639d664598b906e9c2838b982210bfbf04621986f
2462,hyena/cropped_images/left body/761abc97-f81c-4a09-823b-7cb1c528c290/train2022_000000001015_left_body.jpg,train2022_000000001015,left_body,1,True,box_center,0,0.92578125,0.7522203908477942,1f18f139d6df68e3e03e05fd0f3dadbc46701fe8c2b1c363e3d843d7dcb293d9
2463,hyena/cropped_images/left body/761abc97-f81c-4a09-823b-7cb1c528c290/train2022_000000001784_left_body.jpg,train2022_000000001784,left_body,1,True,center,0,0.89453125,0.5485092533476528,93010546624263e3ac0b793ca35d1fd05c28954e2bf4a0c24996f05174210943
2464,hyena/cropped_images/left body/761abc97-f81c-4a09-823b-7cb1c528c290/train2022_000000001809_left_body.jpg,train2022_000000001809,left_body,1,True,box_center,2,0.87109375,0.5259085778316073,81df897f6ac48877e70812e03314025e5bc1fe143e76f1ca4306a9bc7d2e9eec
2465,hyena/cropped_images/left body/763682fe-336a-4e52-b076-e904de642832/train2022_000000000987_left_body.jpg,train2022_000000000987,left_body,1,True,center,0,0.97265625,0.5916665590016476,3efe878bcc24704d4449a3e7e09a6f67af6ca4860c4fb75ae933ee9ba2cd859e
2466,hyena/cropped_images/left body/763682fe-336a-4e52-b076-e904de642832/train2022_000000002041_left_body.jpg,train2022_000000002041,left_body,1,True,center,0,0.92578125,0.5017438400301492,ec6140c8cd1f41d29ac687d9b6f098d0b743db2627a491d74389ddfafd1a0f8b
2467,hyena/cropped_images/left body/763682fe-336a-4e52-b076-e904de642832/train2022_000000002335_left_body.jpg,train2022_000000002335,left_body,1,True,box_center,2,0.89453125,0.6040719231235988,317292879296d5783135c7ebebd39f176d315f5588e656c6f0c5eb90df4357bb
2468,hyena/cropped_images/left body/7802d893-e75c-48c3-b822-8a9704bbbd4d/train2022_000000002171_left_body.jpg,train2022_000000002171,left_body,1,True,box_center,0,0.89453125,0.6588522297319147,b02e8fe4215d30936611719634a31e90c023b3da9086cac85eeb5257973fca87
2469,hyena/cropped_images/left body/79dafc01-fa64-4db3-b3b6-ed5236ed6a68/train2022_000000000206_left_body.jpg,train2022_000000000206,left_body,1,False,center,2,0.80859375,0.17685784607260227,
2470,hyena/cropped_images/left body/79dafc01-fa64-4db3-b3b6-ed5236ed6a68/train2022_000000002829_left_body.jpg,train2022_000000002829,left_body,1,True,center,0,0.98046875,0.5734029656662262,f3f9c017555be15ada94e8a2cab303d3c5bfcaeda9cc3fc1e6ef55729351671b
2471,hyena/cropped_images/left body/7a0e8d37-e27f-4378-bab8-7cc37821cd8e/train2022_000000001842_left_body.jpg,train2022_000000001842,left_body,1,True,center,0,0.97265625,0.5337398806222358,2ea63cdf314a7b46a864768bcebd790d0e23a1d3c1d9b0a6370c0d893b5057da
2472,hyena/cropped_images/left body/7b38f393-27e8-45e1-9769-fa9af9f591f9/train2022_000000000014_left_body.jpg,train2022_000000000014,left_body,1,True,box_center,2,0.96875,0.48610728707782674,e954d4583b41bd6ec84184fbc282e2ab09982bbb94f42591132310dd1b6eb3fc
2473,hyena/cropped_images/left body/7b38f393-27e8-45e1-9769-fa9af9f591f9/train2022_000000000676_left_body.jpg,train2022_000000000676,left_body,1,True,center,0,0.9296875,0.33932530883750395,29f4c67c139ce0907f468d199a1b309ea3a93be5c3ec5e195fc17f4148eaef36
2474,hyena/cropped_images/left body/7b38f393-27e8-45e1-9769-fa9af9f591f9/train2022_000000000720_left_body.jpg,train2022_000000000720,left_body,1,True,center,2,0.890625,0.4625853474958334,cf91866eba5ac6cb6fc4bb65aeec1038fbbb5616a6058fa5d1f867ad396fe3f3
2475,hyena/cropped_images/left body/7b38f393-27e8-45e1-9769-fa9af9f591f9/train2022_000000000837_left_body.jpg,train2022_000000000837,left_body,1,True,box_center,2,0.89453125,0.5882170616565734,d97b811736cb6a1e6d77d6144fe675a992f119bf8db1bd2a5d7f462aade114de
2476,hyena/cropped_images/left body/7b38f393-27e8-45e1-9769-fa9af9f591f9/train2022_000000001178_left_body.jpg,train2022_000000001178,left_body,1,True,box_center,2,0.93359375,0.47664400387545486,3ea657f2e0447f56809ba7ad20105d304553f3758991b925c68565e998780df7
2477,hyena/cropped_images/left body/7b38f393-27e8-45e1-9769-fa9af9f591f9/train2022_000000001438_left_body.jpg,train2022_000000001438,left_body,1,True,center,0,0.9609375,0.5573660177841865,de59daf832b4b2699b795b49bc0f2587fec3f55b100d260a3bac49e1db10c39e
2478,hyena/cropped_images/left body/7b38f393-27e8-45e1-9769-fa9af9f591f9/train2022_000000001692_left_body.jpg,train2022_000000001692,left_body,1,True,center,0,0.984375,0.40426667344319783,059241290f479754575f5e29e6f2a0fb35590141517df251f925a2e7d20fe2e3
2479,hyena/cropped_images/left body/7b38f393-27e8-45e1-9769-fa9af9f591f9/train2022_000000002303_left_body.jpg,train2022_000000002303,left_body,1,True,box_center,0,0.921875,0.842233204456181,13f9ef2294199713599c1e44a0bf159aacad6d12a5be4bbf2c5d81b19aa2fa0b
2480,hyena/cropped_images/left body/7b38f393-27e8-45e1-9769-fa9af9f591f9/train2022_000000002387_left_body.jpg,train2022_000000002387,left_body,1,True,center,0,0.9765625,0.4546078389650183,4f6c9f8e3b25d08a4c6bbb66c97977f51dbf7ce0ddea2c77af678a8f6c0f1677
2481,hyena/cropped_images/left body/7b38f393-27e8-45e1-9769-fa9af9f591f9/train2022_000000003035_left_body.jpg,train2022_000000003035,left_body,1,True,box_center,2,0.87890625,0.5922172670097199,c3c382a2f2bf2da8dacaa31d3c5244f9d333b8cd3105ca4454609a9834032a66
2482,hyena/cropped_images/left body/7b9a9e8d-86d5-4c6c-8b10-8a129f8a10c4/train2022_000000000168_left_body.jpg,train2022_000000000168,left_body,1,True,center,0,0.94140625,0.49475818794000614,21b99fc0ccef8d72081815f620055d65b5a139c084f35e73d9a8402af16050f7
2483,hyena/cropped_images/left body/7b9a9e8d-86d5-4c6c-8b10-8a129f8a10c4/train2022_000000000269_left_body.jpg,train2022_000000000269,left_body,1,True,center,0,0.94140625,0.5158470773708465,ab6acac3e50ea8cc5b341688823ce941f1a795cb677ba26eed173b31f7524395
2484,hyena/cropped_images/left body/7b9a9e8d-86d5-4c6c-8b10-8a129f8a10c4/train2022_000000000581_left_body.jpg,train2022_000000000581,left_body,1,True,center,0,0.9375,0.5635576902273858,98a4c4b249656516014c7f4cd1e71849f2e536e7fd45a25159a5c3bd37b0cb8a
2485,hyena/cropped_images/left body/7b9a9e8d-86d5-4c6c-8b10-8a129f8a10c4/train2022_000000000600_left_body.jpg,train2022_000000000600,left_body,1,False,box_center,2,0.82421875,0.38893431753889673,
2486,hyena/cropped_images/left body/7b9a9e8d-86d5-4c6c-8b10-8a129f8a10c4/train2022_000000002233_left_body.jpg,train2022_000000002233,left_body,1,True,box_center,2,0.921875,0.47932134200790916,7c9633e39ae74ec134f15bec2748ffbaef52529b3056be03bc657541d8bad2ad
2487,hyena/cropped_images/left body/7b9a9e8d-86d5-4c6c-8b10-8a129f8a10c4/train2022_000000002257_left_body.jpg,train2022_000000002257,left_body,1,True,center,0,0.97265625,0.495601647182107,ea33d86522d71a3704c49c581c60c8adb960763b49a8869a866620aaab9a34ef
2488,hyena/cropped_images/left body/7b9a9e8d-86d5-4c6c-8b10-8a129f8a10c4/train2022_000000002286_left_body.jpg,train2022_000000002286,left_body,1,True,center,0,0.89453125,0.530206967833014,e5e51855e430c0b1ece79c9a77880529f7fb51e434e1e300bf2676eeff11bdfe
2489,hyena/cropped_images/left body/7dd17d2d-1eb3-4ccd-afc3-527226c935e6/train2022_000000000986_left_body.jpg,train2022_000000000986,left_body,1,True,center,0,0.98046875,0.6587287103111059,765a8223c5b9adfb7c11da7bcf693e0cc2be64af524e143c17f85feb4a3c3a51
2490,hyena/cropped_images/left body/7dd17d2d-1eb3-4ccd-afc3-527226c935e6/train2022_000000001175_left_body.jpg,train2022_000000001175,left_body,1,True,center,0,0.9140625,0.6495557886631514,7bf95e6369f8d6d71890407ab0cbce8e1d178778856fc52357462bccbc8b8ca2
2491,hyena/cropped_images/left body/7e67fb5a-4323-46b1-9686-68f84d2ee169/train2022_000000000318_left_body.jpg,train2022_000000000318,left_body,1,True,center,0,0.8828125,0.6507130771090162,36813eeb5f96e2fd67c90e526c72ba4a8488afccdd99e420a0b7962be216a3bc
2492,hyena/cropped_images/left body/7e67fb5a-4323-46b1-9686-68f84d2ee169/train2022_000000000520_left_body.jpg,train2022_000000000520,left_body,1,True,box_center,2,0.875,0.5367235359989461,0d5b18736d9f968241db7bc50311fc37bb53eab8dd89eb101bffa71649e77d71
2493,hyena/cropped_images/left body/7e67fb5a-4323-46b1-9686-68f84d2ee169/train2022_000000001355_left_body.jpg,train2022_000000001355,left_body,1,True,center,0,0.953125,0.6964029541469635,46c619f14ab2f5a5dfa50b88092393d565f8e74e966dfdf6e4d61c62744b42c2
2494,hyena/cropped_images/left body/7e67fb5a-4323-46b1-9686-68f84d2ee169/train2022_000000002268_left_body.jpg,train2022_000000002268,left_body,1,True,center,0,0.93359375,0.539733893557423,951563b04b5172cc8892fe4e47b02833a4e82939113b4240f745d8f8e26f9c02
2495,hyena/cropped_images/left body/7e67fb5a-4323-46b1-9686-68f84d2ee169/train2022_000000002483_left_body.jpg,train2022_000000002483,left_body,1,True,box_center,2,0.87890625,0.5439838301203953,86993df0c829ef35c7911b933f18529a35a29d0d51abf060569552032de4801c
2496,hyena/cropped_images/left body/7e9d299f-be22-497a-9d79-a1e9d909c013/train2022_000000001258_left_body.jpg,train2022_000000001258,left_body,1,True,box_center,2,0.8671875,0.8050515072652353,0a6f1a57666d8321adb305b5edb99b82a89e52777bf59417217fd358ed223bf8
2497,hyena/cropped_images/left body/7f9b060d-6457-4c82-bd00-37dfaec1d1d0/train2022_000000000537_left_body.jpg,train2022_000000000537,left_body,1,True,center,0,0.9765625,0.545819811466543,e45377feb82264af7e0df946d011d86deb4e725b1ecedd36406738b7d8392e6d
2498,hyena/cropped_images/left body/7f9b060d-6457-4c82-bd00-37dfaec1d1d0/train2022_000000000551_left_body.jpg,train2022_000000000551,left_body,1,True,center,0,0.98046875,0.4324644090813806,ce3df671224cde73b046418af6c27cb44870f6645698d90d2da7c7922f553d70
2499,hyena/cropped_images/left body/7f9b060d-6457-4c82-bd00-37dfaec1d1d0/train2022_000000000709_left_body.jpg,train2022_000000000709,left_body,1,True,center,0,0.96484375,0.5337716509965313,bc3f1c8bf620a14b20a70846b864408f78ff77f4aab2639d81e32398990cdf8d
2500,hyena/cropped_images/left body/7f9b060d-6457-4c82-bd00-37dfaec1d1d0/train2022_000000001467_left_body.jpg,train2022_000000001467,left_body,1,True,center,0,0.96875,0.5406554639390461,ed80260f3924819e11a870f455ac56c0b69f7ea1538b7dc72ae311d2d7a4a5e9
2501,hyena/cropped_images/left body/7f9b060d-6457-4c82-bd00-37dfaec1d1d0/train2022_000000002353_left_body.jpg,train2022_000000002353,left_body,1,True,center,0,0.97265625,0.49119934214338384,a245a72956287adaa948985816ea8702f2c84ffe3e61da70e2d2e5c4abeadf46
2502,hyena/cropped_images/left body/81725e48-3c1f-4c7c-89d6-334c10234cf9/train2022_000000000125_left_body.jpg,train2022_000000000125,left_body,1,True,center,0,0.8984375,0.5037167343949648,16f667ffff9f0dbb636107436f0ede28b84058fe750b1e17b25d75a88fddb722
2503,hyena/cropped_images/left body/81725e48-3c1f-4c7c-89d6-334c10234cf9/train2022_000000000601_left_body.jpg,train2022_000000000601,left_body,1,True,center,0,0.96875,0.6204782864276411,3126af6533c6131be6756eb725e7456f65f1bb0770fd5a1fa00815d50677aa13
2504,hyena/cropped_images/left body/81725e48-3c1f-4c7c-89d6-334c10234cf9/train2022_000000001274_left_body.jpg,train2022_000000001274,left_body,1,True,center,0,0.97265625,0.4714847725374041,a7b772546ea2027acf3f1c5d64417f713890a79cc6b5d32dfc26f4c810931bfc
2505,hyena/cropped_images/left body/81725e48-3c1f-4c7c-89d6-334c10234cf9/train2022_000000001782_left_body.jpg,train2022_000000001782,left_body,1,True,center,0,0.98828125,0.5730421348566912,76f53522296f8608ef43d6c861429a765520e80f3a57bb3a667f18bdd05c02a1
2506,hyena/cropped_images/left body/81725e48-3c1f-4c7c-89d6-334c10234cf9/train2022_000000002971_left_body.jpg,train2022_000000002971,left_body,1,True,box_center,2,0.87109375,0.47560162347400464,fb2fe0731a348197101d5f4df98de9bf47bc3a6ad9b3af2e3f69bc3e2e1c6bee
2507,hyena/cropped_images/left body/831e0a81-f0e5-435c-a1f3-6cd854e9ef3a/train2022_000000000161_left_body.jpg,train2022_000000000161,left_body,1,True,center,0,0.984375,0.5633693397005463,0eeb893228848a028f1f58973f367cf4364b86d43b443f223997e1f5898fe18c
2508,hyena/cropped_images/left body/83207e09-61eb-4594-80f5-6a452cdd1dcf/train2022_000000000060_left_body.jpg,train2022_000000000060,left_body,1,True,box_center,0,0.953125,0.6382306477093207,643362b7c558aa279ae2430849c07a3a47458aa4519cae45932cbafc8d1c84c3
2509,hyena/cropped_images/left body/83207e09-61eb-4594-80f5-6a452cdd1dcf/train2022_000000000062_left_body.jpg,train2022_000000000062,left_body,1,True,box_center,2,0.89453125,0.504639296633704,a45a64fceba3311b72a08ad4d22a5ee9ac61f6b6b4edae66994922ea4b64e99c
2510,hyena/cropped_images/left body/83207e09-61eb-4594-80f5-6a452cdd1dcf/train2022_000000000390_left_body.jpg,train2022_000000000390,left_body,1,True,center,0,0.953125,0.47971507175914735,cfeb3991a3d13b9c97e46f3231b317d56c12633e68ed125b7327ecaed6e02617
2511,hyena/cropped_images/left body/83207e09-61eb-4594-80f5-6a452cdd1dcf/train2022_000000000545_left_body.jpg,train2022_000000000545,left_body,1,True,box_center,0,0.85546875,0.8808863756753008,5fda41b6764a191649701467323754bb79745ff0b4fe2de12545e6fec0121ffd
2512,hyena/cropped_images/left body/83207e09-61eb-4594-80f5-6a452cdd1dcf/train2022_000000000649_left_body.jpg,train2022_000000000649,left_body,1,True,box_center,2,0.88671875,0.5129293765309246,b84eebce87eec03730ff3e8f27550f0cd301013b5f0ba92083e98e5ffd080e8b
2513,hyena/cropped_images/left body/83207e09-61eb-4594-80f5-6a452cdd1dcf/train2022_000000001950_left_body.jpg,train2022_000000001950,left_body,1,True,center,0,0.95703125,0.7707555205359756,f8d6178b010b824d41cfb3eb3efc18d99b733ac52de7e6a647fb4f4bee503759
2514,hyena/cropped_images/left body/83207e09-61eb-4594-80f5-6a452cdd1dcf/train2022_000000002105_left_body.jpg,train2022_000000002105,left_body,1,True,box_center,2,0.89453125,0.5279327178693992,2c23555316e79b65e3d91aaa35bb57b9096fd9a65ba782647cd6ef7ce71535a5
2515,hyena/cropped_images/left body/837298c0-13cb-470f-8a28-f513694ee20e/train2022_000000000100_left_body.jpg,train2022_000000000100,left_body,1,True,center,0,0.94140625,0.4844854282762335,d7f1d34c0249e7b1a41153b2da950aeed442d78aab33d4adfdeea8807876df93
2516,hyena/cropped_images/left body/837298c0-13cb-470f-8a28-f513694ee20e/train2022_000000000885_left_body.jpg,train2022_000000000885,left_body,1,True,box_center,2,0.96875,0.5136823149612741,eb2c2e4f783a3a9f34df56967d7499b5a016b60b02b3b86b5b5f2026f81c085a
2517,hyena/cropped_images/left body/837298c0-13cb-470f-8a28-f513694ee20e/train2022_000000002974_left_body.jpg,train2022_000000002974,left_body,1,True,center,0,0.96484375,0.5280347986766012,fd63df9e9fdd96b1302a9d28e87c387ed784941563dd0f6baa4b29eba872328e
2518,hyena/cropped_images/left body/83c4c239-d588-4d69-b848-dadb4810487c/train2022_000000000130_left_body.jpg,train2022_000000000130,left_body,1,True,center,0,0.9375,0.49897693452380953,2890c700a86597c3a89cbecbdc715cc8302526a70b24743e7ea3c60cd77b1a45
2519,hyena/cropped_images/left body/83c4c239-d588-4d69-b848-dadb4810487c/train2022_000000000544_left_body.jpg,train2022_000000000544,left_body,1,True,box_center,2,0.94921875,0.4775348244362842,f871201983433c1488d470950265477fc3b6e13f9cd8336c07ea13540c85cc0d
2520,hyena/cropped_images/left body/83c4c239-d588-4d69-b848-dadb4810487c/train2022_000000000999_left_body.jpg,train2022_000000000999,left_body,1,True,center,0,0.9375,0.4997845811276005,77c65bbe2b4926cd84c257304ddca06fc428023c8d09773491641790a6c36c7d
2521,hyena/cropped_images/left body/83c4c239-d588-4d69-b848-dadb4810487c/train2022_000000001217_left_body.jpg,train2022_000000001217,left_body,1,True,box_center,2,0.94140625,0.5649724914854598,b69800612e953f239cdec9285cb8759494e5f12401f746bbbd91295c6515e324
2522,hyena/cropped_images/left body/83c4c239-d588-4d69-b848-dadb4810487c/train2022_000000001797_left_body.jpg,train2022_000000001797,left_body,1,True,box_center,2,0.8984375,0.459343825249398,56aadc4d93fb9e9dc0ddb41796f4934a5651d1b3062a8dede4e2fe865c5e3faa
2523,hyena/cropped_images/left body/83c4c239-d588-4d69-b848-dadb4810487c/train2022_000000002928_left_body.jpg,train2022_000000002928,left_body,1,True,center,0,0.96484375,0.43248945147679324,26ed32458353417f091aebb84f17ac7fe4b40af429f73d59ac3e0d2beb1806e5
2524,hyena/cropped_images/left body/84040874-ad2a-4c44-9f3d-50d044367062/train2022_000000001262_left_body.jpg,train2022_000000001262,left_body,1,True,center,0,0.98046875,0.5185392267077482,f860f1d23c77c4670bb008ba83c677930f500aa86b8b8a8aece00ee0b208a43f
2525,hyena/cropped_images/left body/84040874-ad2a-4c44-9f3d-50d044367062/train2022_000000001713_left_body.jpg,train2022_000000001713,left_body,1,True,box_center,0,0.90234375,0.8719236174747108,abcd11d32c1a8f3c4308b26607f03539f289d0dff86919a45873fe83297fff12
2526,hyena/cropped_images/left body/84040874-ad2a-4c44-9f3d-50d044367062/train2022_000000002060_left_body.jpg,train2022_000000002060,left_body,1,True,center,0,0.98046875,0.5552969394027956,8f3e72d3343b738604fb8ffd9887b17cd24f3b655a18e0fb63791d0fbfe54289
2527,hyena/cropped_images/left body/84040874-ad2a-4c44-9f3d-50d044367062/train2022_000000002381_left_body.jpg,train2022_000000002381,left_body,1,True,center,0,0.97265625,0.6056969012841711,9800b95d509766b10265e4fcbca5201b457cd41dd6e68a3564dff113e63c2baf
2528,hyena/cropped_images/left body/844640ea-498e-4d2e-a578-3783c217fb3c/train2022_000000000311_left_body.jpg,train2022_000000000311,left_body,1,True,box_center,2,0.85546875,0.5872790873133816,65849aa1c48bfcbec27dc593e87083fd4e1756ae9315ff9ef28f5ac0415813f8
2529,hyena/cropped_images/left body/844640ea-498e-4d2e-a578-3783c217fb3c/train2022_000000001386_left_body.jpg,train2022_000000001386,left_body,1,True,box_center,2,0.91015625,0.5758725792346943,e67f7013716a965b59a9470554ddeea8b5f650e758ffbf6f428ecb44355e7faa
2530,hyena/cropped_images/left body/844640ea-498e-4d2e-a578-3783c217fb3c/train2022_000000002797_left_body.jpg,train2022_000000002797,left_body,1,True,box_center,2,0.8828125,0.6051053215425015,5c9db01297c317f0b7d0f86259320d2b7e9460a583ee17970727a7d5f3f48796
2531,hyena/cropped_images/left body/844cb3cc-89dc-4609-b33a-3ffc2bb85fd7/train2022_000000000012_left_body.jpg,train2022_000000000012,left_body,1,True,box_center,2,0.9140625,0.5486009540470523,ddb2a7fc77a7b29b499f7eeadc5bfc948d115f92c56f9004c00ece98c51d9b41
2532,hyena/cropped_images/left body/844cb3cc-89dc-4609-b33a-3ffc2bb85fd7/train2022_000000000210_left_body.jpg,train2022_000000000210,left_body,1,True,center,0,0.96484375,0.5656821963394343,18e354225d4160d8d0272ef0c1d459e8af5d41a5f1103bb0ff8d0a2d43a3fb7a
2533,hyena/cropped_images/left body/844cb3cc-89dc-4609-b33a-3ffc2bb85fd7/train2022_000000002616_left_body.jpg,train2022_000000002616,left_body,1,True,center,0,0.96484375,0.6380603394808216,12f2c921cbe8116aee66bcd0043010ef8597fd1f3280dc639963cb3359171bd6
2534,hyena/cropped_images/left body/85527fa6-6c14-45eb-91eb-32106f41f728/train2022_000000000246_left_body.jpg,train2022_000000000246,left_body,1,True,center,0,0.95703125,0.7140520248312061,a711f177c196480c346d2602e8f7def83a0667f5ee21e13e0ea408a1b8fb249b
2535,hyena/cropped_images/left body/85527fa6-6c14-45eb-91eb-32106f41f728/train2022_000000001069_left_body.jpg,train2022_000000001069,left_body,1,True,box_center,2,0.87109375,0.770775359182075,3cc9bada13f47e3f7b2818f6ea15a91fd59fb19f93a780abac6ec45e4f3275ed
2536,hyena/cropped_images/left body/85527fa6-6c14-45eb-91eb-32106f41f728/train2022_000000001308_left_body.jpg,train2022_000000001308,left_body,1,True,center,0,0.98828125,0.5327328811011824,5e029bdbfb65d8cd21c0bd6009f9b72554d145d576395796fd95238929b3143c
2537,hyena/cropped_images/left body/85527fa6-6c14-45eb-91eb-32106f41f728/train2022_000000001557_left_body.jpg,train2022_000000001557,left_body,1,True,center,0,0.96875,0.5005176139504498,63a9aefe71100f9799bee834fea81683cf7575c1833150d25acfa0c5c12de44c
2538,hyena/cropped_images/left body/85527fa6-6c14-45eb-91eb-32106f41f728/train2022_000000002460_left_body.jpg,train2022_000000002460,left_body,1,True,center,0,0.984375,0.6272981948386858,c092b0d1e50a3f09556f3a38b703b1fa006b1c8067f5f73a71c80105e7203b9a
2539,hyena/cropped_images/left body/85527fa6-6c14-45eb-91eb-32106f41f728/train2022_000000002747_left_body.jpg,train2022_000000002747,left_body,1,True,center,0,0.96484375,0.4976966424546292,5b16f4e55d8612676561eb47eab6d6c9759ac80ae26288bc7016d21cdbf127c1
2540,hyena/cropped_images/left body/85527fa6-6c14-45eb-91eb-32106f41f728/train2022_000000003044_left_body.jpg,train2022_000000003044,left_body,1,True,center,0,0.9609375,0.5918343015694095,9ece732f05342b3b1b9d89f1a54ae6741adf435c0f2d8e03fa3e398f845657b0
2541,hyena/cropped_images/left body/88db538e-05ee-4e9f-8163-e1bb7e4743fc/train2022_000000000547_left_body.jpg,train2022_000000000547,left_body,1,True,box_center,2,0.95703125,0.5243138822275513,a38a8c7a5777b14a0a64e2ba0d79a9adbab76c5c13d6a26adc8927ca72a863df
2542,hyena/cropped_images/left body/89390731-0ff1-454f-a2ac-8017c49d8da6/train2022_000000000849_left_body.jpg,train2022_000000000849,left_body,1,False,box_center,2,0.7109375,0.5117957090022272,
2543,hyena/cropped_images/left body/89390731-0ff1-454f-a2ac-8017c49d8da6/train2022_000000001751_left_body.jpg,train2022_000000001751,left_body,1,True,box_center,0,0.96484375,0.560737017448342,e4cab3c6ff6a3b41578cee65d919bad63f6081c6ddc6bdb81a3fda8b01b9f8a6
2544,hyena/cropped_images/left body/89390731-0ff1-454f-a2ac-8017c49d8da6/train2022_000000002082_left_body.jpg,train2022_000000002082,left_body,1,True,center,0,0.984375,0.5432375242065959,8e6e38c7937298a0d31d391d4f2daeddba485d3f0950d3ebe016645c293fa3b4
2545,hyena/cropped_images/left body/89d1463d-4e1c-4edd-88a1-19f30914d459/train2022_000000001143_left_body.jpg,train2022_000000001143,left_body,1,True,center,0,0.97265625,0.39468142290161773,459ee7e62fd5a5bd808dac5b9b1c9be2bc04accc8cf193fe095baa7d8ec157f2
2546,hyena/cropped_images/left body/89d1463d-4e1c-4edd-88a1-19f30914d459/train2022_000000001821_left_body.jpg,train2022_000000001821,left_body,1,True,center,0,0.8828125,0.4212279777141997,8b707dfc28168dd4e1353ea256f84f02895dbeb7a51a850e91562003e56e3f42
2547,hyena/cropped_images/left body/89d1463d-4e1c-4edd-88a1-19f30914d459/train2022_000000001902_left_body.jpg,train2022_000000001902,left_body,1,True,box_center,2,0.94140625,0.49278445006321114,1f27f6ae11a6783baf7e4fccce1b33ee823ff0669360cb70ee62d47b6be3fc68
2548,hyena/cropped_images/left body/8a8944da-f6b6-46a5-8b6c-2952d7a1733c/train2022_000000002715_left_body.jpg,train2022_000000002715,left_body,1,True,box_center,2,0.91796875,0.4814787672705243,115eb9e0d21ec3e55d307cfdffe0f6029fac872beb20c52a1cc52b4c38bc515a
2549,hyena/cropped_images/left body/8a8f6936-9ca2-49d1-a7b5-e6733beaebdf/train2022_000000000270_left_body.jpg,train2022_000000000270,left_body,1,True,box_center,0,0.95703125,0.49608466314502336,2e67e667cf358b9c2c932c791cffde81bfe6cf2dbd63af9832745a69b5339a0e
2550,hyena/cropped_images/left body/8a8f6936-9ca2-49d1-a7b5-e6733beaebdf/train2022_000000000552_left_body.jpg,train2022_000000000552,left_body,1,True,box_center,0,0.87109375,0.7782791905326568,41b59e4ee578eb9531eed20111019842d2103e66d068c5465eeb882647bcde0e
2551,hyena/cropped_images/left body/8a8f6936-9ca2-49d1-a7b5-e6733beaebdf/train2022_000000002998_left_body.jpg,train2022_000000002998,left_body,1,True,box_center,2,0.90234375,0.5006826721233396,1f9a360fd498f047a82a32ceb8c52d53fdb0378c70273fb243e11958701ffd87
2552,hyena/cropped_images/left body/8aa6f9e4-e249-494f-a762-11e847296544/train2022_000000001392_left_body.jpg,train2022_000000001392,left_body,1,True,center,0,0.984375,0.48914320685434515,e17c54f652975440eb4f5ca19eb3b0bce367ce6e4165ad6ea94b4b461bf0c81a
2553,hyena/cropped_images/left body/8aa6f9e4-e249-494f-a762-11e847296544/train2022_000000001822_left_body.jpg,train2022_000000001822,left_body,1,True,center,0,0.93359375,0.49660336038437874,98de2a739b753d728d95522e6911379290c4d2ad70e89630ff567bffab89cd9c
2554,hyena/cropped_images/left body/8b046377-529a-460d-8114-887322c52cde/train2022_000000000034_left_body.jpg,train2022_000000000034,left_body,1,True,box_center,2,0.9296875,0.4309339760017965,e1c16c9fac92030fa5f869d896d71398ff44bcd9ce38188c3a7d12a84d769b35
2555,hyena/cropped_images/left body/8b046377-529a-460d-8114-887322c52cde/train2022_000000000374_left_body.jpg,train2022_000000000374,left_body,1,True,box_center,2,0.92578125,0.48380555745203796,e3bfc40d1538145903d2f0dd11c9c428a6dacdd472ffa0ea8345eb5eb943037c
2556,hyena/cropped_images/left body/8b046377-529a-460d-8114-887322c52cde/train2022_000000000438_left_body.jpg,train2022_000000000438,left_body,1,True,box_center,2,0.921875,0.5189279054615713,08b5b7187fd29c4ab7506010028b0510d5761e272b07d61a293055e2d93adf5a
2557,hyena/cropped_images/left body/8b046377-529a-460d-8114-887322c52cde/train2022_000000000693_left_body.jpg,train2022_000000000693,left_body,1,True,box_center,2,0.9375,0.5428431241009832,9a499110f754cf1d8220f40d10cfbd541b8fbc17e322f2b2c80779f914e2d4f7
2558,hyena/cropped_images/left body/8b046377-529a-460d-8114-887322c52cde/train2022_000000000742_left_body.jpg,train2022_000000000742,left_body,1,False,box_center,2,0.84375,0.4711884480481028,
2559,hyena/cropped_images/left body/8b046377-529a-460d-8114-887322c52cde/train2022_000000001006_left_body.jpg,train2022_000000001006,left_body,1,True,center,0,0.95703125,0.5724742532595017,258f9b448a7227f033b7406362c3eb1a29d2b6b41bf7914dde123617b4e66451
2560,hyena/cropped_images/left body/8b046377-529a-460d-8114-887322c52cde/train2022_000000001277_left_body.jpg,train2022_000000001277,left_body,1,False,box_center,2,0.8125,0.4808145558145558,
2561,hyena/cropped_images/left body/8b046377-529a-460d-8114-887322c52cde/train2022_000000002229_left_body.jpg,train2022_000000002229,left_body,1,True,box_center,2,0.87890625,0.551665681347916,2746cc7a5639e9c889080f03205df7c3f79ee4a39e40361b5104b068e7e3b2ee
2562,hyena/cropped_images/left body/8b046377-529a-460d-8114-887322c52cde/train2022_000000002230_left_body.jpg,train2022_000000002230,left_body,1,True,center,0,0.90625,0.41265134210908516,4d7fcd199aaec385dc0bf928263303ca5085f08583924847580adc4c03c4508e
2563,hyena/cropped_images/left body/8b046377-529a-460d-8114-887322c52cde/train2022_000000002576_left_body.jpg,train2022_000000002576,left_body,1,True,center,0,0.9609375,0.4627775742122806,f46a3e146aad86245ee9b43f766632887f48bf228add799674d1dc6fcd7585bf
2564,hyena/cropped_images/left body/8b046377-529a-460d-8114-887322c52cde/train2022_000000002785_left_body.jpg,train2022_000000002785,left_body,1,True,box_center,0,0.8515625,0.8748216926955853,4c94eb409f9ae0a7de91ee7e12ab8151819ba65f4c1cc3ee5ec2158ca7bd7efa
2565,hyena/cropped_images/left body/8b530229-7b7d-4744-a09d-d489933fc659/train2022_000000001127_left_body.jpg,train2022_000000001127,left_body,1,True,box_center,2,0.890625,0.4522408713764572,fd0a7f6bcf7b90ba8110081db01eb37d83e3042cbf591e21db4f47073a9455f5
2566,hyena/cropped_images/left body/8b7d4bbc-67e2-4588-9156-9748edce3fb5/train2022_000000002225_left_body.jpg,train2022_000000002225,left_body,1,True,box_center,2,0.93359375,0.41150807819334106,e39e5da0b966e3afc6156062c31d4964990d0d6bd16ef37c494ecb6ebfeebd2e
2567,hyena/cropped_images/left body/8b7d4bbc-67e2-4588-9156-9748edce3fb5/train2022_000000002698_left_body.jpg,train2022_000000002698,left_body,1,True,center,0,0.9765625,0.49003841302602913,4f74c0023b99a1302e38e7fc931e6f9bda6a9cfb72f7df951535c8e16ade0ce6
2568,hyena/cropped_images/left body/8c3be170-b41e-411e-9940-1f5960cfa850/train2022_000000000092_left_body.jpg,train2022_000000000092,left_body,1,True,box_center,2,0.9453125,0.46865093612960046,d19e49238bb85cb6de99386533cad0df6c11b5b882ae824674d94323c3577205
2569,hyena/cropped_images/left body/8c3be170-b41e-411e-9940-1f5960cfa850/train2022_000000001912_left_body.jpg,train2022_000000001912,left_body,1,True,box_center,2,0.97265625,0.4928071001989444,509c81f0f80edc3987a13378ef033316f19b989a692db96a7ddc21e1f664147c
2570,hyena/cropped_images/left body/8c3be170-b41e-411e-9940-1f5960cfa850/train2022_000000003091_left_body.jpg,train2022_000000003091,left_body,1,True,center,0,0.95703125,0.4196329797618273,a77b1bf54876d21c5c0e9e6e1db9714c63e8ef3c0264caacafcda2689c752061
2571,hyena/cropped_images/left body/8c5534ba-2153-455d-b8e5-468a1c35b511/train2022_000000000771_left_body.jpg,train2022_000000000771,left_body,1,True,center,0,0.95703125,0.5162744524702458,f609a7e2e3962fc2f715b42435cfddfc24852fc13702192bf4fd1e87147f2e4f
2572,hyena/cropped_images/left body/8c5534ba-2153-455d-b8e5-468a1c35b511/train2022_000000000866_left_body.jpg,train2022_000000000866,left_body,1,True,box_center,2,0.91796875,0.4787755943832105,a3750bc87340593285143dc298ac418dc02642d8f914aa76646c0d82465bfce5
2573,hyena/cropped_images/left body/8c5534ba-2153-455d-b8e5-468a1c35b511/train2022_000000002784_left_body.jpg,train2022_000000002784,left_body,1,True,box_center,2,0.93359375,0.5310232545625522,d30449d8cc1acba5c513c050a5e0dd9ce437232b86cfdc99108b6b8757d0aa55
2574,hyena/cropped_images/left body/8c755bf5-a137-4d36-b924-def3665fc42e/train2022_000000001142_left_body.jpg,train2022_000000001142,left_body,1,True,center,0,0.92578125,0.5636800630417652,da1b4291ce98e646fd3c1e2c668ae03052641e1d3e356e6529315247cab21ad9
2575,hyena/cropped_images/left body/8c755bf5-a137-4d36-b924-def3665fc42e/train2022_000000002964_left_body.jpg,train2022_000000002964,left_body,1,True,center,0,0.92578125,0.6239970737754055,d58ad760fe8f193356538f0b91d0d697dcb85f504ea47c07e231dcf014a8c579
2576,hyena/cropped_images/left body/8d704d6e-76b3-4fef-b7e7-5522bc453d98/train2022_000000002626_left_body.jpg,train2022_000000002626,left_body,1,True,center,0,0.96875,0.515967409131792,4192e1a1396034baf96319becbb265cbef36be5af8f7f2a208995bf9bec4d9ba
2577,hyena/cropped_images/left body/8d704d6e-76b3-4fef-b7e7-5522bc453d98/train2022_000000002845_left_body.jpg,train2022_000000002845,left_body,1,True,center,0,0.953125,0.4746735549565738,2744fd877eb79102ed13db0029f2ef7540b35e88becb36d2a37d1dadb1da7e62
2578,hyena/cropped_images/left body/8d704d6e-76b3-4fef-b7e7-5522bc453d98/train2022_000000002926_left_body.jpg,train2022_000000002926,left_body,1,True,center,0,0.92578125,0.42145635428084277,eb10a45ca77fc9c16ba31eafd5022f40d19a2dba76b85f97e542b34062513674
2579,hyena/cropped_images/left body/8e52a7f7-8046-4567-b92a-e5941b184745/train2022_000000001254_left_body.jpg,train2022_000000001254,left_body,1,True,center,0,0.890625,0.8321928436210161,fa52b9657d5b470603be7e69de4b57f38a674c36b9646a9b844206d7d1b7daa9
2580,hyena/cropped_images/left body/8e52a7f7-8046-4567-b92a-e5941b184745/train2022_000000002611_left_body.jpg,train2022_000000002611,left_body,1,True,center,0,0.97265625,0.5548226534971749,0c3b4f094aba30d068b3ad7779a17b1eb3bcbb2d496b8263c18c650fe7678664
2581,hyena/cropped_images/left body/8e9cd5f5-095b-4295-8bbc-a3a67cffd935/train2022_000000000471_left_body.jpg,train2022_000000000471,left_body,1,True,center,0,0.96875,0.552094721522767,25f69f78257761f5d7b108e47ec4cc776dc8f1d5a4ecfcce10e59d5ce8acb7db
2582,hyena/cropped_images/left body/8e9cd5f5-095b-4295-8bbc-a3a67cffd935/train2022_000000001709_left_body.jpg,train2022_000000001709,left_body,1,True,center,0,0.96484375,0.5453926210023771,0b1e26c44d89f6afe747716e50c4b08b6a164318a8140193841a83f0a0fcc358
2583,hyena/cropped_images/left body/8e9cd5f5-095b-4295-8bbc-a3a67cffd935/train2022_000000001903_left_body.jpg,train2022_000000001903,left_body,1,True,center,0,0.953125,0.4960323465430814,b44685b2b1e998727e9b255fbe31198a92befe4f7b6213a5e54589da6aab88f2
2584,hyena/cropped_images/left body/8e9cd5f5-095b-4295-8bbc-a3a67cffd935/train2022_000000002708_left_body.jpg,train2022_000000002708,left_body,1,True,center,0,0.90625,0.50063990955342,7204e3dba5262c8944ae1983a921ba95a60f4f2b6c336d3d669d12c384818e98
2585,hyena/cropped_images/left body/9003c31f-6d6f-4ad9-b535-4e5c5698659b/train2022_000000000770_left_body.jpg,train2022_000000000770,left_body,1,True,box_center,2,0.91015625,0.4916924877780073,6b7808b69b5db4274325c75f4d12e7328705ac13fa5cc1a7fd615f386f19f547
2586,hyena/cropped_images/left body/9003c31f-6d6f-4ad9-b535-4e5c5698659b/train2022_000000000985_left_body.jpg,train2022_000000000985,left_body,1,True,center,0,0.9765625,0.48791013975225966,36de92f1e05a4bc485c569564a003a7ade1ba9d58cce644e77722b2c502e117f
2587,hyena/cropped_images/left body/9003c31f-6d6f-4ad9-b535-4e5c5698659b/train2022_000000001690_left_body.jpg,train2022_000000001690,left_body,1,False,box_center,0,0.79296875,0.8477351295656109,
2588,hyena/cropped_images/left body/9003c31f-6d6f-4ad9-b535-4e5c5698659b/train2022_000000002063_left_body.jpg,train2022_000000002063,left_body,1,True,box_center,0,0.95703125,0.8028930008672182,fadb43022ff6705f00141cdbeb11de3cc9637bbeacdc96ea639135f93f3f9331
2589,hyena/cropped_images/left body/9003c31f-6d6f-4ad9-b535-4e5c5698659b/train2022_000000002157_left_body.jpg,train2022_000000002157,left_body,1,True,center,0,0.98046875,0.5372803736357471,49619d9e5fb1e08c438dc4e9ae024d2e38320bac6d34889af7a63c1cf0709a1b
2590,hyena/cropped_images/left body/9003c31f-6d6f-4ad9-b535-4e5c5698659b/train2022_000000002302_left_body.jpg,train2022_000000002302,left_body,1,True,center,0,0.94140625,0.5418560215874708,22e68069046ad4bbf6ce3ce56c1aa824962387d15c6ebcd2a6bce20019b8c2db
2591,hyena/cropped_images/left body/9003c31f-6d6f-4ad9-b535-4e5c5698659b/train2022_000000002603_left_body.jpg,train2022_000000002603,left_body,1,False,box_center,2,0.83984375,0.7368675586670659,
2592,hyena/cropped_images/left body/9003c31f-6d6f-4ad9-b535-4e5c5698659b/train2022_000000002826_left_body.jpg,train2022_000000002826,left_body,1,True,box_center,2,0.953125,0.4893448870451819,d89062745630c315720108faff2e16f10df0a063ea58fe9cf2118c9975dd985f
2593,hyena/cropped_images/left body/9003c31f-6d6f-4ad9-b535-4e5c5698659b/train2022_000000002854_left_body.jpg,train2022_000000002854,left_body,1,False,box_center,2,0.7890625,0.6049462942621645,
2594,hyena/cropped_images/left body/9003c31f-6d6f-4ad9-b535-4e5c5698659b/train2022_000000002954_left_body.jpg,train2022_000000002954,left_body,1,True,box_center,2,0.96484375,0.5219077539533742,102deff3fd20bfdcee3d7ae16cefbf373078cf5ed143a0cf5ee9bcbd06c30e21
2595,hyena/cropped_images/left body/9110686e-9241-4260-ab50-18cf4ae4a49f/train2022_000000000283_left_body.jpg,train2022_000000000283,left_body,1,True,center,0,0.9609375,0.4993952986246601,03917fef54a1fba551e0ccbdcd879286930f9c24e1b2e7cdf605463261f9d533
2596,hyena/cropped_images/left body/9110686e-9241-4260-ab50-18cf4ae4a49f/train2022_000000000562_left_body.jpg,train2022_000000000562,left_body,1,True,center,0,0.93359375,0.47961575947775187,adf650939a5243bb7a442213c55e82bd4006298d5cca06f1f1f06ce67a566b17
2597,hyena/cropped_images/left body/9110686e-9241-4260-ab50-18cf4ae4a49f/train2022_000000000780_left_body.jpg,train2022_000000000780,left_body,1,True,box_center,2,0.9140625,0.4775218832327696,21338df49b289e604777bb5602b096b5ba53866ac8e84274f046915b0fe7c797
2598,hyena/cropped_images/left body/9110686e-9241-4260-ab50-18cf4ae4a49f/train2022_000000002945_left_body.jpg,train2022_000000002945,left_body,1,True,box_center,2,0.9375,0.4946378633150039,0e63254d45d452a00c18521cb52db79cc081acfc42e07749aa67e8b65839f75f
2599,hyena/cropped_images/left body/91be8644-a55d-45bf-9b4e-34c56c607690/train2022_000000000016_left_body.jpg,train2022_000000000016,left_body,1,True,center,0,0.96875,0.5159620604615218,07330ade64c735bd38d9dd6da7e3f13f46ca87f59596667c865ef68d5c556455
2600,hyena/cropped_images/left body/91be8644-a55d-45bf-9b4e-34c56c607690/train2022_000000000925_left_body.jpg,train2022_000000000925,left_body,1,False,box_center,2,0.8203125,0.693224930081769,
2601,hyena/cropped_images/left body/91be8644-a55d-45bf-9b4e-34c56c607690/train2022_000000001281_left_body.jpg,train2022_000000001281,left_body,1,True,box_center,2,0.95703125,0.5417885219071128,cbe7cc83e3fa0ff35c51253faa5dca02c41557e4ba7cdf42667cb0782406671c
2602,hyena/cropped_images/left body/91be8644-a55d-45bf-9b4e-34c56c607690/train2022_000000001718_left_body.jpg,train2022_000000001718,left_body,1,True,box_center,2,0.9296875,0.49412675229999126,61d1a2f9202726a2841ec92dd7c85299dfeb3c10ad443e29da5ffcb169f46581
2603,hyena/cropped_images/left body/91be8644-a55d-45bf-9b4e-34c56c607690/train2022_000000002294_left_body.jpg,train2022_000000002294,left_body,1,True,center,0,0.96875,0.5310325660800603,1eefc510ca97b0ffd9091329a0134f2552d3db6e7b8e952819ad816c9e0d0851
2604,hyena/cropped_images/left body/91be8644-a55d-45bf-9b4e-34c56c607690/train2022_000000002796_left_body.jpg,train2022_000000002796,left_body,1,True,center,0,0.97265625,0.5041057196035443,e079567c87ae2d96d04426cfb4c26d070c5dc0eb9252cc1dd00b2d16f88e8617
2605,hyena/cropped_images/left body/91be8644-a55d-45bf-9b4e-34c56c607690/train2022_000000002997_left_body.jpg,train2022_000000002997,left_body,1,True,box_center,2,0.9140625,0.47310253671661223,efada137c4f3c310ea2015a88990fe5f94ab71797f8f661b475c616088507033
2606,hyena/cropped_images/left body/91be8644-a55d-45bf-9b4e-34c56c607690/train2022_000000003050_left_body.jpg,train2022_000000003050,left_body,1,True,box_center,2,0.90234375,0.4673152110582042,8cc7ca6d7ba5134d268a2a780fa5feb876a7662c44b37d2b207420a4e8b72e2a
2607,hyena/cropped_images/left body/96229e46-d462-4f06-a46b-8661b61fb0ec/train2022_000000000107_left_body.jpg,train2022_000000000107,left_body,1,True,center,0,0.98046875,0.5910491611019363,86c72887eb8bc3412ba75207321026057a49917e139bd7b890a27ab385463468
2608,hyena/cropped_images/left body/96229e46-d462-4f06-a46b-8661b61fb0ec/train2022_000000000998_left_body.jpg,train2022_000000000998,left_body,1,True,center,0,0.9765625,0.5675115369888962,75cf22e54fe745ef976dd542727285b0796ca9879ff66950a48d2ef9ac3c49d1
2609,hyena/cropped_images/left body/981331f5-85cc-41d1-bbf6-6733aa8e2c42/train2022_000000000306_left_body.jpg,train2022_000000000306,left_body,1,True,box_center,2,0.96484375,0.46641413443607066,aebcab1cd179de44ca964b5d09aaba9e3905142d33c5d7a4f15f8a85ae5a1127
2610,hyena/cropped_images/left body/981331f5-85cc-41d1-bbf6-6733aa8e2c42/train2022_000000003019_left_body.jpg,train2022_000000003019,left_body,1,True,center,0,0.98046875,0.49461903171953253,9a9de74349ce3aa38057e0c03fcbd06a97e50b12c237fee3581d401d1f60aa65
2611,hyena/cropped_images/left body/992f8369-b55b-43c6-b0ce-a9a51a54320c/train2022_000000000755_left_body.jpg,train2022_000000000755,left_body,1,True,center,2,0.9296875,0.43063513959630256,56bbcf1b89ab6284fbbd7a5db5b303d8c684fcc3decf36d13ebc312583313a67
2612,hyena/cropped_images/left body/992f8369-b55b-43c6-b0ce-a9a51a54320c/train2022_000000000964_left_body.jpg,train2022_000000000964,left_body,1,True,center,0,0.9375,0.5813929225117229,598e9500e6e9d5835af454438ef8c02241e70eba9abe6ac5fabc1a8e38b75157
2613,hyena/cropped_images/left body/992f8369-b55b-43c6-b0ce-a9a51a54320c/train2022_000000001889_left_body.jpg,train2022_000000001889,left_body,1,True,box_center,0,0.94140625,0.5596488881564439,48cd78fe4f608edd5b0a85d4b11552e6c33ca661d996d0eefbaf3d096e8d861b
2614,hyena/cropped_images/left body/992f8369-b55b-43c6-b0ce-a9a51a54320c/train2022_000000001976_left_body.jpg,train2022_000000001976,left_body,1,True,box_center,2,0.859375,0.4781594340080579,372c3c189a1796f4b2d355be7f58e48a51abadcb112364cbc7ee70c0fa17a067
2615,hyena/cropped_images/left body/9aeef74b-58bf-4133-abd3-e611b7ba11f7/train2022_000000001343_left_body.jpg,train2022_000000001343,left_body,1,True,box_center,2,0.9765625,0.5132103967653295,d2913033be59dcd37ba3cc8b9c14d9b0d7a118a4514f2be8b3ae5332e83f4671
2616,hyena/cropped_images/left body/9aeef74b-58bf-4133-abd3-e611b7ba11f7/train2022_000000001594_left_body.jpg,train2022_000000001594,left_body,1,True,box_center,2,0.94921875,0.49572809896468706,41b97d8a25ec77d016398e80773a6b9d1a621f904ea15ae31524b6d8ed030cab
2617,hyena/cropped_images/left body/9aeef74b-58bf-4133-abd3-e611b7ba11f7/train2022_000000001706_left_body.jpg,train2022_000000001706,left_body,1,True,center,0,0.95703125,0.41886612600845524,8da404db02bc15c2db95224138dfb5fa6267b503b9c9c284b6d203a8ba9480e4
2618,hyena/cropped_images/left body/9aeef74b-58bf-4133-abd3-e611b7ba11f7/train2022_000000002154_left_body.jpg,train2022_000000002154,left_body,1,True,center,0,0.94921875,0.7158074652008383,cdb0ef2eb238a03a060a25a347538104b5283246a5655d2c1cc0d68380b75ba7
2619,hyena/cropped_images/left body/9d4d0203-ff17-4318-bd95-f1871e4aba4b/train2022_000000003016_left_body.jpg,train2022_000000003016,left_body,1,True,center,0,0.9609375,0.512275791525723,6de694116fc38fc2df4908e7532bb8ca14415aad0686421a3b77440b57035b0e
2620,hyena/cropped_images/left body/a052575c-682f-488a-8034-ce8b0d68e6dd/train2022_000000002180_left_body.jpg,train2022_000000002180,left_body,1,True,box_center,2,0.953125,0.6971874865563606,2813697dedf5b72988894dac60d833e7ff23fae1bdf1083dc228d4961cc2dc84
2621,hyena/cropped_images/left body/a052575c-682f-488a-8034-ce8b0d68e6dd/train2022_000000002487_left_body.jpg,train2022_000000002487,left_body,1,True,box_center,2,0.94140625,0.5635024777312935,3202ad5690f7c85c176365f80b830689a4ccb3f481e85a18ef16cc1e3f7808ac
2622,hyena/cropped_images/left body/a052575c-682f-488a-8034-ce8b0d68e6dd/train2022_000000002925_left_body.jpg,train2022_000000002925,left_body,1,True,box_center,2,0.94921875,0.47411291724664456,9267dce1044a0ae423fe33b3630e8b46689777a33499be7e29a86e98da4e78cc
2623,hyena/cropped_images/left body/a0539b15-8bd3-4931-9e63-8d956755d9a6/train2022_000000000863_left_body.jpg,train2022_000000000863,left_body,1,True,center,0,0.97265625,0.6275823752827695,83dae7c354bbeaac22abcdd951e77b284efc06695d1f754b1af5ad2217ec3792
2624,hyena/cropped_images/left body/a0539b15-8bd3-4931-9e63-8d956755d9a6/train2022_000000001724_left_body.jpg,train2022_000000001724,left_body,1,True,box_center,2,0.875,0.45420888640190954,2a0f819dcfabfe4a58f1eae953b76e303bc9ae36648ed47f59565a00e97004ec
2625,hyena/cropped_images/left body/a0539b15-8bd3-4931-9e63-8d956755d9a6/train2022_000000002097_left_body.jpg,train2022_000000002097,left_body,1,True,center,0,0.96875,0.5466741546275959,2b07cd17646dd05ebc1327e9cf03cc90352c8a357b715fbb4a1d2215a49425bb
2626,hyena/cropped_images/left body/a06366b7-a0e0-471e-9595-8eb50b6d499f/train2022_000000000263_left_body.jpg,train2022_000000000263,left_body,1,True,center,2,0.90625,0.473432313683354,75440662cc2c62f774946185a9e8f33469813789edacff71208cb5c3ac451677
2627,hyena/cropped_images/left body/a06366b7-a0e0-471e-9595-8eb50b6d499f/train2022_000000000554_left_body.jpg,train2022_000000000554,left_body,1,True,box_center,2,0.8984375,0.550680360593582,3cf21fdd913e348e3bf5b1da5c435f76be19ad1190b5e007c213be9b27b71c1d
2628,hyena/cropped_images/left body/a06366b7-a0e0-471e-9595-8eb50b6d499f/train2022_000000001659_left_body.jpg,train2022_000000001659,left_body,1,True,center,0,0.98828125,0.6059112559434697,15eff7bf32ca42d7eef068f86998994935c1846ad2d71ddaaa4724210ea754ce
2629,hyena/cropped_images/left body/a06366b7-a0e0-471e-9595-8eb50b6d499f/train2022_000000002820_left_body.jpg,train2022_000000002820,left_body,1,True,center,0,0.9765625,0.6481242075429481,b849d140be4cf0d5267a62b857a1716553ab528410a8756f87fe094921f9b3b2
2630,hyena/cropped_images/left body/a06366b7-a0e0-471e-9595-8eb50b6d499f/train2022_000000002948_left_body.jpg,train2022_000000002948,left_body,1,True,center,0,0.98046875,0.5968596190569456,7cf340d932d707906c9aa40f086f5c45ef8c574596c7f67273f87ed809afe080
2631,hyena/cropped_images/left body/a220a462-baa7-4dc0-b011-12c38649674c/train2022_000000001085_left_body.jpg,train2022_000000001085,left_body,1,False,box_center,0,0.796875,0.7856844078062825,
2632,hyena/cropped_images/left body/a539ecd4-d1a5-49d8-aa11-e4a6d9bf3c70/train2022_000000001935_left_body.jpg,train2022_000000001935,left_body,1,True,center,0,0.97265625,0.564976062355027,3a620b95d31a076e6228132d6cc8cf48002cd5dc24605b3b1f63608cfa6a344e
2633,hyena/cropped_images/left body/a5e8a2bf-014f-41eb-b33b-7249b2ea3637/train2022_000000000971_left_body.jpg,train2022_000000000971,left_body,1,True,center,0,0.9765625,0.4709054048829812,4544b9298b6ece0762b3b43702414e75e02fe804f0ba06f94dc7c20193156e90
2634,hyena/cropped_images/left body/a5f6a30d-faa1-4d73-aebd-5dff073c6191/train2022_000000000332_left_body.jpg,train2022_000000000332,left_body,1,False,box_center,0,0.796875,0.7001602564102564,
2635,hyena/cropped_images/left body/a5f6a30d-faa1-4d73-aebd-5dff073c6191/train2022_000000000777_left_body.jpg,train2022_000000000777,left_body,1,False,box_center,2,0.77734375,0.4087691069991955,
2636,hyena/cropped_images/left body/a5f6a30d-faa1-4d73-aebd-5dff073c6191/train2022_000000001099_left_body.jpg,train2022_000000001099,left_body,1,True,center,0,0.9609375,0.49460643386453196,e255eacff52f184d00337d2b0cf7b376c992027dbb1ccdb9ce1b07afbd617b43
2637,hyena/cropped_images/left body/a5f6a30d-faa1-4d73-aebd-5dff073c6191/train2022_000000002016_left_body.jpg,train2022_000000002016,left_body,1,True,center,0,0.875,0.3998156002212797,cb59731e709eddb0d4a5f3bd8af649027c889c31b3b03093d98f9ba6df07dcef
2638,hyena/cropped_images/left body/a5f6a30d-faa1-4d73-aebd-5dff073c6191/train2022_000000002720_left_body.jpg,train2022_000000002720,left_body,1,True,center,0,0.96484375,0.5106202011022173,e7f9a35ff95f373953f54a1cef3a0bcfe71b97915fbf6da0605a596c9b01e1b4
2639,hyena/cropped_images/left body/a5f6a30d-faa1-4d73-aebd-5dff073c6191/train2022_000000002792_left_body.jpg,train2022_000000002792,left_body,1,True,box_center,2,0.9296875,0.44907407407407407,50a9211b8431f42c7598a6b0cea4f441bd280623fd92509e61cbb0200078721b
2640,hyena/cropped_images/left body/a5f6a30d-faa1-4d73-aebd-5dff073c6191/train2022_000000003042_left_body.jpg,train2022_000000003042,left_body,1,False,box_center,2,0.76953125,0.5334949612599382,
2641,hyena/cropped_images/left body/a6d6607a-edd0-45a9-a9bf-7bac78c1db29/train2022_000000002506_left_body.jpg,train2022_000000002506,left_body,1,True,box_center,2,0.9296875,0.5406703731310826,368418fc6f7faaacd01047ff9109d8174ab27332e3c15c744b895b24a3c6f051
2642,hyena/cropped_images/left body/a6eae8cd-910e-44a2-a5f4-4766b66fc7b2/train2022_000000001534_left_body.jpg,train2022_000000001534,left_body,1,True,center,0,0.97265625,0.5628407145749609,65eb1fb81cee6e6ead1e1860f79f86b92018090892d3af5812e6c9657ca6f208
2643,hyena/cropped_images/left body/a6eae8cd-910e-44a2-a5f4-4766b66fc7b2/train2022_000000002292_left_body.jpg,train2022_000000002292,left_body,1,True,center,0,0.98046875,0.6705739269804606,352bd602d033167641753b6b2681935a0de7570287210822cc3be709c7a82c49
2644,hyena/cropped_images/left body/a6eae8cd-910e-44a2-a5f4-4766b66fc7b2/train2022_000000002604_left_body.jpg,train2022_000000002604,left_body,1,True,center,0,0.97265625,0.4698308280553108,e6c044715fcc63db9b2a581ab8f537e01856b3956579430d694e8ebddd2d43c9
2645,hyena/cropped_images/left body/a7288960-d2a0-41fe-9617-3c45ee3fb409/train2022_000000000695_left_body.jpg,train2022_000000000695,left_body,1,True,center,0,0.92578125,0.5687741791981443,3743e58d74f06cad6bfab7d24e76a561f28eb0b25c103f84a41304f56bdd5b60
2646,hyena/cropped_images/left body/aa5f5b18-31cf-4278-b92a-d22d3fc5ddf9/train2022_000000001213_left_body.jpg,train2022_000000001213,left_body,1,True,box_center,2,0.8828125,0.49034232166762287,85461f1035ca02a52759fe5da1d74e922fa1c565cb88b658e13eeb676721fb01
2647,hyena/cropped_images/left body/aa5f5b18-31cf-4278-b92a-d22d3fc5ddf9/train2022_000000001306_left_body.jpg,train2022_000000001306,left_body,1,False,box_center,0,0.828125,0.867148554336989,
2648,hyena/cropped_images/left body/aa5f5b18-31cf-4278-b92a-d22d3fc5ddf9/train2022_000000001326_left_body.jpg,train2022_000000001326,left_body,1,True,center,0,0.9296875,0.5736388797298242,220aadd4fb5c4fc6ab610271082db6db9b97b9db67c3ac7225ff9976d588dd6f
2649,hyena/cropped_images/left body/aa5f5b18-31cf-4278-b92a-d22d3fc5ddf9/train2022_000000001887_left_body.jpg,train2022_000000001887,left_body,1,True,box_center,0,0.9609375,0.5814687100893997,cb7416726cdda604fc30fde4ba4c2ef145ac41ed462e29e218bbc7a904907a50
2650,hyena/cropped_images/left body/aa5f5b18-31cf-4278-b92a-d22d3fc5ddf9/train2022_000000002114_left_body.jpg,train2022_000000002114,left_body,1,True,center,2,0.9140625,0.4479987343774719,e8534401b334d9edeb274d6729bcb7cc907a8a28a33d18326a4508c5ca875716
2651,hyena/cropped_images/left body/aa5f5b18-31cf-4278-b92a-d22d3fc5ddf9/train2022_000000002362_left_body.jpg,train2022_000000002362,left_body,1,True,center,0,0.96875,0.43172963400236125,4fa7a14f65677f8d4961fe44d28cd1c737171b45074875e57eba7673898b2ca2
2652,hyena/cropped_images/left body/aa99b035-19c0-4cfb-9c06-a58914422fc5/train2022_000000000990_left_body.jpg,train2022_000000000990,left_body,1,True,center,0,0.953125,0.6002374590419722,2e3c1fb7029f2ed3f15c592d6464fc8d01885ede6b187c08539778e8a8c390dd
2653,hyena/cropped_images/left body/ace33278-b65f-43d4-9c12-530e420ddef5/train2022_000000000675_left_body.jpg,train2022_000000000675,left_body,1,True,box_center,0,0.9375,0.722128340419412,06f17b33566bbdf07580d2d94d504073520effeabf908026d6076169e22dd4f1
2654,hyena/cropped_images/left body/ace33278-b65f-43d4-9c12-530e420ddef5/train2022_000000000989_left_body.jpg,train2022_000000000989,left_body,1,True,box_center,2,0.8671875,0.5490653004850159,bf801efecb0397f8bff9d9190decc3100190db26a8ec4f0fd1f251ae48a3fea5
2655,hyena/cropped_images/left body/ace33278-b65f-43d4-9c12-530e420ddef5/train2022_000000001221_left_body.jpg,train2022_000000001221,left_body,1,True,box_center,2,0.91796875,0.5255148930826227,a38c86296539ce5758f3430815eac98adfdc1d730b3a71a61adc80fdf998d9ae
2656,hyena/cropped_images/left body/ace33278-b65f-43d4-9c12-530e420ddef5/train2022_000000001529_left_body.jpg,train2022_000000001529,left_body,1,True,center,2,0.91015625,0.4045690709046455,b072589143568d64f229997ddb9ccbd3b65094c00f1b2397bb596c9429757565
2657,hyena/cropped_images/left body/ace33278-b65f-43d4-9c12-530e420ddef5/train2022_000000001643_left_body.jpg,train2022_000000001643,left_body,1,True,box_center,2,0.921875,0.5052451184046531,4555548c505048a25192d65d212b88b4517f44da799fd5b4c9fe7b846f007708
2658,hyena/cropped_images/left body/ace33278-b65f-43d4-9c12-530e420ddef5/train2022_000000002386_left_body.jpg,train2022_000000002386,left_body,1,True,center,0,0.890625,0.6242585458325689,5281b52cadfe9be5936da1a47c1488b05b4c6e4a749cb4bab67601651d8ee369
2659,hyena/cropped_images/left body/ace33278-b65f-43d4-9c12-530e420ddef5/train2022_000000002597_left_body.jpg,train2022_000000002597,left_body,1,True,box_center,2,0.87109375,0.5513770697966883,b648f30ff85c183e950d749ec219ca954897522744d492f510a0d8046ab70c87
2660,hyena/cropped_images/left body/ace33278-b65f-43d4-9c12-530e420ddef5/train2022_000000002961_left_body.jpg,train2022_000000002961,left_body,1,True,box_center,0,0.953125,0.6224237748186304,83c869dfa0d0e5811f4c671a9131bc5e79964d1be1906ffd73082ff8cc01e988
2661,hyena/cropped_images/left body/ace33278-b65f-43d4-9c12-530e420ddef5/train2022_000000003085_left_body.jpg,train2022_000000003085,left_body,1,True,center,0,0.9375,0.5493313077003054,607a4cb25bd73b70a18f4b435687d62a483cbd74681a83fa34c975bddff9cbb2
2662,hyena/cropped_images/left body/aed03e34-d258-4795-bd37-d63eb4c49802/train2022_000000000496_left_body.jpg,train2022_000000000496,left_body,1,True,center,0,0.9765625,0.5082803669760192,e2843b95cc30e2b94d852fd836366ee1af6c4abae15583d37cdff9e19c6d710d
2663,hyena/cropped_images/left body/aed03e34-d258-4795-bd37-d63eb4c49802/train2022_000000000611_left_body.jpg,train2022_000000000611,left_body,1,True,center,0,0.93359375,0.5730182413563172,58ae5eff25380dc767a4c6e8871e1cc82b5f963f99d7da585ba2f7ee2202a479
2664,hyena/cropped_images/left body/aed03e34-d258-4795-bd37-d63eb4c49802/train2022_000000001173_left_body.jpg,train2022_000000001173,left_body,1,True,box_center,2,0.91796875,0.5356252426346892,bbbd2cb28a73ff49a99168cf41634a461a343faa34d3917e56056671615e66d0
2665,hyena/cropped_images/left body/aed03e34-d258-4795-bd37-d63eb4c49802/train2022_000000001259_left_body.jpg,train2022_000000001259,left_body,1,True,center,0,0.94921875,0.5267715657075795,12affff31bf081935a5481b4b55d504dc84b6d5364bf9648292b2c898f72c29d
2666,hyena/cropped_images/left body/aed03e34-d258-4795-bd37-d63eb4c49802/train2022_000000001454_left_body.jpg,train2022_000000001454,left_body,1,True,box_center,2,0.9453125,0.6026218405250663,e859b54a5bd587f0076ae21d9372be831760c86c321f11b039e7dc8891b262ac
2667,hyena/cropped_images/left body/aed03e34-d258-4795-bd37-d63eb4c49802/train2022_000000001874_left_body.jpg,train2022_000000001874,left_body,1,True,center,0,0.921875,0.547065858033655,9d624438831b8e5c515a60d02b6276fa17bdeb0856bf46f50dbf93f6bceda86f
2668,hyena/cropped_images/left body/aed03e34-d258-4795-bd37-d63eb4c49802/train2022_000000001969_left_body.jpg,train2022_000000001969,left_body,1,True,center,0,0.9296875,0.5274106833159903,36beb755647cd07f5dd891f870343be4ce109c11cc8c7e9bd78b05667679cbe7
2669,hyena/cropped_images/left body/aed03e34-d258-4795-bd37-d63eb4c49802/train2022_000000001971_left_body.jpg,train2022_000000001971,left_body,1,True,box_center,0,0.9453125,0.6727882108351176,96dd785895ab17c55c1dee32ccce9eb8a7357b5d8e9bce4bf8cf5e8aa8a2582d
2670,hyena/cropped_images/left body/aed03e34-d258-4795-bd37-d63eb4c49802/train2022_000000002052_left_body.jpg,train2022_000000002052,left_body,1,True,center,0,0.9453125,0.5358226038167757,7b6d10c03ba8be71aaf963d71fd458ecf5462a9971e979973cdf5640038f4d27
2671,hyena/cropped_images/left body/aed03e34-d258-4795-bd37-d63eb4c49802/train2022_000000002132_left_body.jpg,train2022_000000002132,left_body,1,True,box_center,2,0.92578125,0.4588543640267778,c220374eb969d7d9788f0c37ec57e9cfb824f0fb3d014960abb3a918294e6798
2672,hyena/cropped_images/left body/aed03e34-d258-4795-bd37-d63eb4c49802/train2022_000000002750_left_body.jpg,train2022_000000002750,left_body,1,True,box_center,2,0.90625,0.5312730653494578,22fc3514683d2dfc1998b544894f10c3ced67f4d41f35d1cf812ddfe01d026ed
2673,hyena/cropped_images/left body/aeea8cca-a56f-4662-8f86-3a7f8f7237a0/train2022_000000000622_left_body.jpg,train2022_000000000622,left_body,1,True,box_center,2,0.90625,0.6865605948634623,cb6cab26ed84c28c547f0d65b5ca736c7d9dc16859fd38b45f1e5eebc8c237f2
2674,hyena/cropped_images/left body/aeea8cca-a56f-4662-8f86-3a7f8f7237a0/train2022_000000001135_left_body.jpg,train2022_000000001135,left_body,1,True,center,0,0.9453125,0.5706152132829374,891c306a342b84e8a38ea2ee00f4f5c04e1de17e7b623842b62e640590f15b12
2675,hyena/cropped_images/left body/aeea8cca-a56f-4662-8f86-3a7f8f7237a0/train2022_000000001287_left_body.jpg,train2022_000000001287,left_body,1,True,box_center,2,0.95703125,0.5673745903443808,e59b818d68cee7445e20d0a31775ac94c4c0ac1ba82ceb618459a4b15e2d1e92
2676,hyena/cropped_images/left body/b07dd6f4-8c65-4c6c-b4eb-a65188e81c2c/train2022_000000000070_left_body.jpg,train2022_000000000070,left_body,1,False,box_center,0,0.8046875,0.6031333382068058,
2677,hyena/cropped_images/left body/b07dd6f4-8c65-4c6c-b4eb-a65188e81c2c/train2022_000000000487_left_body.jpg,train2022_000000000487,left_body,1,True,box_center,2,0.8984375,0.5710690928082233,29521bd9f5cde4376adeb52f0e59191275758a868ee2ff758a000a2c2e248f89
2678,hyena/cropped_images/left body/b07dd6f4-8c65-4c6c-b4eb-a65188e81c2c/train2022_000000000518_left_body.jpg,train2022_000000000518,left_body,1,True,box_center,2,0.890625,0.5917559537734525,8e1eb46e10ddbedbc0d96d36082b959b8b0d2cf6db2a04ae82cfc6c4f69e008d
2679,hyena/cropped_images/left body/b07dd6f4-8c65-4c6c-b4eb-a65188e81c2c/train2022_000000000997_left_body.jpg,train2022_000000000997,left_body,1,True,center,0,0.91796875,0.6981553232017644,40c0e84a2f2883f741a56d13a6c6f1b7ab13a1a1f8f5c575cae2c4260d9ed4cc
2680,hyena/cropped_images/left body/b07dd6f4-8c65-4c6c-b4eb-a65188e81c2c/train2022_000000002110_left_body.jpg,train2022_000000002110,left_body,1,True,box_center,2,0.9296875,0.6809974073509226,f68d01150eb913d7b74f4c62515650847cb29b89fc61d7a6f63579e57dd9bc61
2681,hyena/cropped_images/left body/b07dd6f4-8c65-4c6c-b4eb-a65188e81c2c/train2022_000000002293_left_body.jpg,train2022_000000002293,left_body,1,False,center,0,0.8359375,0.5240387096774194,
2682,hyena/cropped_images/left body/b0d09afd-0469-48b6-9718-02f644ba1969/train2022_000000000754_left_body.jpg,train2022_000000000754,left_body,1,False,box_center,2,0.8203125,0.4091346223899518,
2683,hyena/cropped_images/left body/b0d09afd-0469-48b6-9718-02f644ba1969/train2022_000000000906_left_body.jpg,train2022_000000000906,left_body,1,True,center,0,0.97265625,0.594752670039348,55efdcaefa086060055c524cd11a6a021dc27306326ece0171d8c3146bd6b3b8
2684,hyena/cropped_images/left body/b0d09afd-0469-48b6-9718-02f644ba1969/train2022_000000001324_left_body.jpg,train2022_000000001324,left_body,1,True,box_center,2,0.93359375,0.3861938658356569,0a26dc304fc89073c66e6cf2f46a7368d29026cdb1335b3c1e98e61caa1214cc
2685,hyena/cropped_images/left body/b0d09afd-0469-48b6-9718-02f644ba1969/train2022_000000002518_left_body.jpg,train2022_000000002518,left_body,1,True,box_center,0,0.9765625,0.5560412713429498,8ae98b4150e3ef078c12ae8ce152a7ce0c0698a5ee2acdeb7f61be99e4b7794a
2686,hyena/cropped_images/left body/b0fb2cd7-62b2-46ff-9893-f23def9d9b8f/train2022_000000000326_left_body.jpg,train2022_000000000326,left_body,1,True,box_center,2,0.97265625,0.521631450849754,a3e8ca903cdc09933ed3f764c01aab13125bf2bc6c119fd0be85d83e567eaf5b
2687,hyena/cropped_images/left body/b0fb2cd7-62b2-46ff-9893-f23def9d9b8f/train2022_000000000543_left_body.jpg,train2022_000000000543,left_body,1,True,center,0,0.98046875,0.5148533704631695,dd1d6a0ddd061db426ba299189905d4b56a56e33c48afb0e05d7f7bdbc3e94ad
2688,hyena/cropped_images/left body/b0fb2cd7-62b2-46ff-9893-f23def9d9b8f/train2022_000000001409_left_body.jpg,train2022_000000001409,left_body,1,True,center,0,0.9765625,0.5855689919811794,7a4a970263942e15e48f06a57b76c1a790f1a4bdd44e7fafab8f8580f813087b
2689,hyena/cropped_images/left body/b0fb2cd7-62b2-46ff-9893-f23def9d9b8f/train2022_000000002409_left_body.jpg,train2022_000000002409,left_body,1,True,center,0,0.96875,0.5662080872330759,75ee9ae5f8eb4e1271d77771fbda3e4da772ad61f75aa96731464947a265d2a2
2690,hyena/cropped_images/left body/b0fb2cd7-62b2-46ff-9893-f23def9d9b8f/train2022_000000002476_left_body.jpg,train2022_000000002476,left_body,1,True,center,0,0.97265625,0.5227414056727315,971d2ed5778c65a18d40de99e4388cdbd86657f17c242e39c83e758eb34c4333
2691,hyena/cropped_images/left body/b0fb2cd7-62b2-46ff-9893-f23def9d9b8f/train2022_000000002840_left_body.jpg,train2022_000000002840,left_body,1,True,center,0,0.984375,0.4922257742733899,8c97f45ac1e90071b20ead71c83ad96097ef0be6c9f86669c34d0ecbb88d7881
2692,hyena/cropped_images/left body/b257ec4e-0b36-4e80-85be-b75c8df39b01/train2022_000000000575_left_body.jpg,train2022_000000000575,left_body,1,True,center,0,0.9609375,0.4922462357881799,8ec16fc95652b5fd5d8c294aa3fc058ba17d868dbd3b2a5389f70521e6d3a94f
2693,hyena/cropped_images/left body/b257ec4e-0b36-4e80-85be-b75c8df39b01/train2022_000000000859_left_body.jpg,train2022_000000000859,left_body,1,True,center,0,0.96484375,0.5350402041504165,0891981037277b14dd9091118958a7a7ffffbaa7b9cd4e3e17ef8968e861ddb1
2694,hyena/cropped_images/left body/b38b7f3d-5275-467d-a9fa-7a66af3d5b3e/train2022_000000000769_left_body.jpg,train2022_000000000769,left_body,1,True,center,0,0.96484375,0.5713067036706644,9c49825c065adf179f85317e8add9d5d8a38ed519bfcdd2764c66523f63af738
2695,hyena/cropped_images/left body/b38b7f3d-5275-467d-a9fa-7a66af3d5b3e/train2022_000000001436_left_body.jpg,train2022_000000001436,left_body,1,True,center,0,0.97265625,0.6625419964446995,d2ce63f80691683a89c436e2e70e8d8bded3cadebdca559fe8c24e999aa350b3
2696,hyena/cropped_images/left body/b38b7f3d-5275-467d-a9fa-7a66af3d5b3e/train2022_000000002714_left_body.jpg,train2022_000000002714,left_body,1,True,box_center,2,0.91015625,0.5615284766089174,a26096b2f8dad61272cc790dc2154095e95d83c33340429674eb3bb5580229e7
2697,hyena/cropped_images/left body/b422e55f-0afc-4b34-922e-9da329a2f53e/train2022_000000000408_left_body.jpg,train2022_000000000408,left_body,1,True,center,0,0.92578125,0.5706008386726451,10d0b9b10b07ab491375cf55b40f03f4de67a727c8efe4ebfcc5e352848a720e
2698,hyena/cropped_images/left body/b422e55f-0afc-4b34-922e-9da329a2f53e/train2022_000000000811_left_body.jpg,train2022_000000000811,left_body,1,True,center,0,0.94140625,0.5909021573813484,434e10f7e20fa7061d75ecd293947471b38fe1ec0951814165296d0565b2070b
2699,hyena/cropped_images/left body/b422e55f-0afc-4b34-922e-9da329a2f53e/train2022_000000001688_left_body.jpg,train2022_000000001688,left_body,1,True,box_center,2,0.94140625,0.8654586415191822,09748982d9f763cd279b8e7f64eb83c22f202a98bb08b34d146c8720043dba44
2700,hyena/cropped_images/left body/b422e55f-0afc-4b34-922e-9da329a2f53e/train2022_000000002838_left_body.jpg,train2022_000000002838,left_body,1,True,center,0,0.9765625,0.5628761871685612,93eb0cb3d38d74d6bcc209968534dac6366872d049b50c81bd84e2b746839ea2
2701,hyena/cropped_images/left body/b422e55f-0afc-4b34-922e-9da329a2f53e/train2022_000000002848_left_body.jpg,train2022_000000002848,left_body,1,False,box_center,2,0.82421875,0.5635548908020818,
2702,hyena/cropped_images/left body/b4f217b9-8188-4f1e-a9a6-a1e67e809c8a/train2022_000000001288_left_body.jpg,train2022_000000001288,left_body,1,True,center,0,0.96875,0.5270860114703917,e100bb590dd648cff386b26d4e318e28703f8280408e4ae3115838a6a3d1bba7
2703,hyena/cropped_images/left body/b4f217b9-8188-4f1e-a9a6-a1e67e809c8a/train2022_000000001484_left_body.jpg,train2022_000000001484,left_body,1,True,center,0,0.98828125,0.566248195779714,718c504dd9ddf2345a6668b8a8a80047ffd023ebf4922caf4e27cf6e8ecdd5fd
2704,hyena/cropped_images/left body/b5c37454-cf12-49c5-96c0-aff806c293c2/train2022_000000001272_left_body.jpg,train2022_000000001272,left_body,1,True,center,0,0.96875,0.4963045589752929,b1ea4d3a78ed246094a98ca88221ceed6cea1b244783bd2d6599fffae2fb0414
2705,hyena/cropped_images/left body/b5c37454-cf12-49c5-96c0-aff806c293c2/train2022_000000001453_left_body.jpg,train2022_000000001453,left_body,1,True,center,0,0.9609375,0.48497173257768333,5ae016518ce4b480f9a6133c67138fcb086051da389f82bb06eb1219bef7eeea
2706,hyena/cropped_images/left body/b5c37454-cf12-49c5-96c0-aff806c293c2/train2022_000000002033_left_body.jpg,train2022_000000002033,left_body,1,True,center,0,0.9609375,0.5025654979398274,05ab8997d332500d47dcd95b62236c6b4caed2112d6e05a4e7218187277ab286
2707,hyena/cropped_images/left body/b734856c-cfc6-4b40-abff-48e7b29496c6/train2022_000000002341_left_body.jpg,train2022_000000002341,left_body,1,True,center,0,0.95703125,0.5759330064855642,d38a0940888a45999a2ee754ffcb10deca5474db65cd9f41ea6cba377005d030
2708,hyena/cropped_images/left body/b881438e-7b28-4d49-a263-9cbca96e62ba/train2022_000000000867_left_body.jpg,train2022_000000000867,left_body,1,True,box_center,0,0.94921875,0.5902216780536366,d10b8fa2f90cae433df505a4ca7c1fb79a1915f0d523869864e32e42144edbf5
2709,hyena/cropped_images/left body/b881438e-7b28-4d49-a263-9cbca96e62ba/train2022_000000001824_left_body.jpg,train2022_000000001824,left_body,1,True,center,0,0.98828125,0.4379667847409783,1f70a6009ac1d7a4e60ef4672d151e60dfb881ffc57b26d6ffb696ae34d6c5fd
2710,hyena/cropped_images/left body/b881438e-7b28-4d49-a263-9cbca96e62ba/train2022_000000002957_left_body.jpg,train2022_000000002957,left_body,1,True,center,0,0.98046875,0.6147172182656053,3975d822d62cc5428c4587ca083fc2a82e5956f32e7d79e2150755102ca8f27b
2711,hyena/cropped_images/left body/b8f52f8c-3f36-4970-8813-0093fedc6081/train2022_000000001040_left_body.jpg,train2022_000000001040,left_body,1,False,box_center,2,0.83984375,0.5237102002983066,
2712,hyena/cropped_images/left body/b8f52f8c-3f36-4970-8813-0093fedc6081/train2022_000000003029_left_body.jpg,train2022_000000003029,left_body,1,True,center,0,0.97265625,0.4978057903429515,feccc44bb6d178503bcb93c4c683031003ff16b06f7fadc099fc8a9b6f48f22a
2713,hyena/cropped_images/left body/bb7b8783-ecf2-466b-956a-b07381a49e31/train2022_000000000957_left_body.jpg,train2022_000000000957,left_body,1,True,center,0,0.98828125,0.6638197442609602,01e3cffd15cc1b0bf40d73a9043093f712f8c6f40b0d567a467682183a49e9e9
2714,hyena/cropped_images/left body/bb7b8783-ecf2-466b-956a-b07381a49e31/train2022_000000001563_left_body.jpg,train2022_000000001563,left_body,1,True,center,0,0.9765625,0.6034139526761547,12c7db1cac4810d446d66790c3c6c084f29b4ade100518ae313d52cc0b19e981
2715,hyena/cropped_images/left body/bb7b8783-ecf2-466b-956a-b07381a49e31/train2022_000000003067_left_body.jpg,train2022_000000003067,left_body,1,True,center,0,0.984375,0.6413501110971519,1f031431960fe6e0b5615133f5b35ff2df47e2694d54ee0156b5e2174a506727
2716,hyena/cropped_images/left body/bbbaafbc-3889-4d6f-843b-d58fb94fb07c/train2022_000000000224_left_body.jpg,train2022_000000000224,left_body,1,True,box_center,0,0.9375,0.7843406605479107,dd9560028f697a13834383503eff43f7582b8d1847a3c39be21ae5c8f218d8ab
2717,hyena/cropped_images/left body/bbbaafbc-3889-4d6f-843b-d58fb94fb07c/train2022_000000000276_left_body.jpg,train2022_000000000276,left_body,1,True,box_center,2,0.96875,0.5085349036827748,8e017b57f1f5ecc9283f870c60c263455d304b902095c96939ec639fbfcd7a45
2718,hyena/cropped_images/left body/bbbaafbc-3889-4d6f-843b-d58fb94fb07c/train2022_000000000321_left_body.jpg,train2022_000000000321,left_body,1,True,center,0,0.96484375,0.5668706650346798,81eca10b68aa09bf68794cb79b7ba356f8cc014a60a9d7ad6c48c26acfdd2be0
2719,hyena/cropped_images/left body/bbbaafbc-3889-4d6f-843b-d58fb94fb07c/train2022_000000000397_left_body.jpg,train2022_000000000397,left_body,1,True,center,0,0.9609375,0.44272925132300134,c653f116bdd702e4eed098d73713803b0047ab1fd72090aa9b9ec6dd3fff41c6
2720,hyena/cropped_images/left body/bbbaafbc-3889-4d6f-843b-d58fb94fb07c/train2022_000000000515_left_body.jpg,train2022_000000000515,left_body,1,True,box_center,0,0.890625,0.7318087481525738,128cd2939707b9ec45cafbb67b0d6de44fde1e76617295196b1212379982360a
2721,hyena/cropped_images/left body/bbbaafbc-3889-4d6f-843b-d58fb94fb07c/train2022_000000000573_left_body.jpg,train2022_000000000573,left_body,1,True,center,0,0.96484375,0.5914459136903455,0a23f220f13cdc9edc909b4f10f53df32718f9e678ef5e9fe289c8262add453f
2722,hyena/cropped_images/left body/bbbaafbc-3889-4d6f-843b-d58fb94fb07c/train2022_000000000745_left_body.jpg,train2022_000000000745,left_body,1,True,box_center,2,0.9609375,0.614595411039307,13c955538b6b579c5e06d352e991fddf2fdc8c328ce982e15c46fb13198e9afd
2723,hyena/cropped_images/left body/bbbaafbc-3889-4d6f-843b-d58fb94fb07c/train2022_000000000750_left_body.jpg,train2022_000000000750,left_body,1,True,box_center,2,0.92578125,0.5859297810252522,66f6d8372783e98dc971d429275b2397b6c374c8b64664b1ce5458a7d5a7c7b5
2724,hyena/cropped_images/left body/bbbaafbc-3889-4d6f-843b-d58fb94fb07c/train2022_000000001171_left_body.jpg,train2022_000000001171,left_body,1,True,box_center,2,0.9609375,0.4916645539585649,a79395f1abe41ad3aa08e3ba80c38fe7e290ca2b9aeedaa9878ac9b229c5a563
2725,hyena/cropped_images/left body/bbbaafbc-3889-4d6f-843b-d58fb94fb07c/train2022_000000001299_left_body.jpg,train2022_000000001299,left_body,1,True,center,0,0.96484375,0.5523156829042801,55c3ca4ee81af09266a0415c1b113eb225542ce7493e627d1da03581a10dc639
2726,hyena/cropped_images/left body/bbbaafbc-3889-4d6f-843b-d58fb94fb07c/train2022_000000001359_left_body.jpg,train2022_000000001359,left_body,1,True,center,0,0.9609375,0.4313699245738081,2c6c01c1c7c390e61cbde36359275fca97d403fbdc6c1f66c7c2655c8ca1262b
2727,hyena/cropped_images/left body/bbbaafbc-3889-4d6f-843b-d58fb94fb07c/train2022_000000001631_left_body.jpg,train2022_000000001631,left_body,1,True,center,0,0.9609375,0.4311309611973856,6b08f65b06980c2dfc7f5577df5e46928258b3b65237208dea731d925a0ce45d
2728,hyena/cropped_images/left body/bbbaafbc-3889-4d6f-843b-d58fb94fb07c/train2022_000000001701_left_body.jpg,train2022_000000001701,left_body,1,True,center,0,0.96875,0.5055851600142445,e24652deb6ee5e5ceef736cf8fc75d3e0cc19ae9d6e84b4a0d6cad517329cdbb
2729,hyena/cropped_images/left body/bbbaafbc-3889-4d6f-843b-d58fb94fb07c/train2022_000000001725_left_body.jpg,train2022_000000001725,left_body,1,True,center,0,0.9765625,0.5424053181301203,0c44130df7c16243e290a852eb31eb8b66afdd1ec8f225eb35f9f31c4528ed42
2730,hyena/cropped_images/left body/bbbaafbc-3889-4d6f-843b-d58fb94fb07c/train2022_000000001852_left_body.jpg,train2022_000000001852,left_body,1,True,center,2,0.94140625,0.550723594019214,546b3f5a3fc2c84cdbf9f861be14a1991b29aa79bf680845debb6b15b2d7d19c
2731,hyena/cropped_images/left body/bbbaafbc-3889-4d6f-843b-d58fb94fb07c/train2022_000000002824_left_body.jpg,train2022_000000002824,left_body,1,True,center,0,0.97265625,0.48634068110487694,6b822ed11538e2a72bde93e0132beb34711331fc7b148a3a989d52e5ad773529
2732,hyena/cropped_images/left body/bbbaafbc-3889-4d6f-843b-d58fb94fb07c/train2022_000000002855_left_body.jpg,train2022_000000002855,left_body,1,True,center,0,0.93359375,0.6147701193883602,e2f7398362ce5927a336b7e9f338fe4015ae968f2415fc7ea573d77274bc88b8
2733,hyena/cropped_images/left body/bbbaafbc-3889-4d6f-843b-d58fb94fb07c/train2022_000000002986_left_body.jpg,train2022_000000002986,left_body,1,True,center,0,0.9765625,0.5135060119082843,156e6773fbdda1b15798bce53079fad20bf3b0f384dd9b6e786d165a9e8dafbb
2734,hyena/cropped_images/left body/bc95fccf-3431-4dee-b23f-c0a10f19b05c/train2022_000000002327_left_body.jpg,train2022_000000002327,left_body,1,True,center,0,0.98828125,0.5448153578550617,9f2324405ece4ae02dc5c1c1951e267c58e8f6618552215f7eddd2f89b3ac64a
2735,hyena/cropped_images/left body/bfa8b15b-15b7-4f41-b44e-fdec1e1bb74c/train2022_000000000974_left_body.jpg,train2022_000000000974,left_body,1,True,center,0,0.96484375,0.6065618415885897,7e775533689d9463f679e82b490de0a71c963262ff7f9991a770c452fd6ec7f7
2736,hyena/cropped_images/left body/bfa8b15b-15b7-4f41-b44e-fdec1e1bb74c/train2022_000000001016_left_body.jpg,train2022_000000001016,left_body,1,True,center,2,0.92578125,0.5749153188429652,1b1d01cf068ccfe7a75c0f8a8f8611c96eb4ffb2f487b014bee3e88fba5ce9ff
2737,hyena/cropped_images/left body/bfa8b15b-15b7-4f41-b44e-fdec1e1bb74c/train2022_000000001856_left_body.jpg,train2022_000000001856,left_body,1,True,center,0,0.92578125,0.49826122921664323,51bf1156266d94090cc63ad82da61b4c92f3305b0dd766278c7e60def33df0c2
2738,hyena/cropped_images/left body/bfab3e8b-c8a4-40d7-9a55-ad0e9c744283/train2022_000000000719_left_body.jpg,train2022_000000000719,left_body,1,True,center,0,0.953125,0.437806658721723,77f5a554fe554c79fd517cf582108aa3f0ff2fdea3fad59de11fa7b720104b13
2739,hyena/cropped_images/left body/bfab3e8b-c8a4-40d7-9a55-ad0e9c744283/train2022_000000003023_left_body.jpg,train2022_000000003023,left_body,1,True,center,0,0.97265625,0.4832875171810571,18e34aef4ad52824597e4baba43c03bb00e36e32405d552035f5aa38c6fa459c
2740,hyena/cropped_images/left body/bff16f45-9acf-4eac-8d62-52b1fefb9e0f/train2022_000000000908_left_body.jpg,train2022_000000000908,left_body,1,True,center,0,0.95703125,0.5469250461509333,57da50aa5c9360cac02243f045bd899a9ae8fe02f95d0a883f8b5cf827acfa98
2741,hyena/cropped_images/left body/c1593d0b-5f78-4f62-8304-932d7fbcc9fe/train2022_000000000732_left_body.jpg,train2022_000000000732,left_body,1,True,center,0,0.9453125,0.6393180150714144,a502763ffb62041175c826bab538162a5a67b3f26783c11e68a1120420129004
2742,hyena/cropped_images/left body/c1593d0b-5f78-4f62-8304-932d7fbcc9fe/train2022_000000001136_left_body.jpg,train2022_000000001136,left_body,1,True,box_center,2,0.95703125,0.5713090975616131,3b473f713cc10dc4fe5f344aee76134117b69e00780f3c0d73d647818f7fe9ff
2743,hyena/cropped_images/left body/c1593d0b-5f78-4f62-8304-932d7fbcc9fe/train2022_000000001985_left_body.jpg,train2022_000000001985,left_body,1,True,center,0,0.98046875,0.6390584038152224,7b44e5decc43e04b844779ff17f39b2f2cc1191c3fa6cc98db400fb27f4c2ba8
2744,hyena/cropped_images/left body/c273c534-7efa-4da8-bdba-6fdb44d92fed/train2022_000000001740_left_body.jpg,train2022_000000001740,left_body,1,False,box_center,2,0.8203125,0.4740824489144659,
2745,hyena/cropped_images/left body/c273c534-7efa-4da8-bdba-6fdb44d92fed/train2022_000000003062_left_body.jpg,train2022_000000003062,left_body,1,True,box_center,2,0.9609375,0.5550850586094427,72a87fc427287f3ff14df85f230689a37c44da0d0aedebcb7d7fd18aec6db285
2746,hyena/cropped_images/left body/c3835fcb-41e1-4d3a-877c-ca359a7c4e74/train2022_000000000663_left_body.jpg,train2022_000000000663,left_body,1,True,box_center,0,0.9140625,0.637248858640276,3fc4a56c07179cc8ecf77ae32775fd8c1bb9445f59d571b017d91a798ef96c0a
2747,hyena/cropped_images/left body/c3835fcb-41e1-4d3a-877c-ca359a7c4e74/train2022_000000001078_left_body.jpg,train2022_000000001078,left_body,1,True,box_center,2,0.87109375,0.5915977267690707,0192df38b796ceed884138b953f69ca1660d9cc3def568ffb2978a7127cc02e9
2748,hyena/cropped_images/left body/c3835fcb-41e1-4d3a-877c-ca359a7c4e74/train2022_000000002107_left_body.jpg,train2022_000000002107,left_body,1,True,box_center,2,0.921875,0.5119927610349067,504ff0d014c3aa703e352ad4b68fcfc0836b780f17c3b5d88a4feb5a3e1b09d0
2749,hyena/cropped_images/left body/c3835fcb-41e1-4d3a-877c-ca359a7c4e74/train2022_000000002183_left_body.jpg,train2022_000000002183,left_body,1,True,center,2,0.93359375,0.8609447526217566,5ac88f39799b3af6f41250196a84596c46a386d1713c2f65dc46d0d3e5a57ea5
2750,hyena/cropped_images/left body/c3835fcb-41e1-4d3a-877c-ca359a7c4e74/train2022_000000002271_left_body.jpg,train2022_000000002271,left_body,1,True,box_center,0,0.96484375,0.7773999315645592,d1c7e29d3fc8de92e1d9055070c747d0f5fac2629f7025aee20ea23154929387
2751,hyena/cropped_images/left body/c3835fcb-41e1-4d3a-877c-ca359a7c4e74/train2022_000000002587_left_body.jpg,train2022_000000002587,left_body,1,True,box_center,2,0.91015625,0.5365141019457895,aa10dbdec2d21014406941832ee8f8d4b072be5c06a48fdfd2093a309e6638c2
2752,hyena/cropped_images/left body/c5c66d36-d1a6-412e-8289-0b5d8b275be9/train2022_000000000417_left_body.jpg,train2022_000000000417,left_body,1,True,center,0,0.97265625,0.5174306792901505,0c221a776a711bf846a6e472704b92826fe5e1a99a3cab321f0f2b483d66c0c6
2753,hyena/cropped_images/left body/c5c66d36-d1a6-412e-8289-0b5d8b275be9/train2022_000000001946_left_body.jpg,train2022_000000001946,left_body,1,True,box_center,2,0.90234375,0.4395501478853755,a0cd311d1262a0274426160391bdb7a89539b2f477acf20f0b4b6fb819b483c5
2754,hyena/cropped_images/left body/c6241bf0-3991-48e7-862b-052e4c1eef69/train2022_000000000462_left_body.jpg,train2022_000000000462,left_body,1,True,center,0,0.890625,0.4595929741597703,6061a5601b67943c4432e070ad91c83df10f35a5e7ed7ffc7161611435bf3a36
2755,hyena/cropped_images/left body/c6241bf0-3991-48e7-862b-052e4c1eef69/train2022_000000000480_left_body.jpg,train2022_000000000480,left_body,1,True,center,0,0.9765625,0.5964915963152806,e34973987c51d6f2188a2b48d594e7d37f13f593e4c89c822fd351dbbe9ab3b7
2756,hyena/cropped_images/left body/c6241bf0-3991-48e7-862b-052e4c1eef69/train2022_000000001765_left_body.jpg,train2022_000000001765,left_body,1,True,box_center,0,0.87890625,0.7970448536733316,ad790a7f2c97b96a4718c84a8d3d18dab208e99c0ed4a2e07aca6e6e922427c4
2757,hyena/cropped_images/left body/c755133f-a088-47fb-be84-0c36422a9901/train2022_000000000280_left_body.jpg,train2022_000000000280,left_body,1,True,box_center,2,0.8671875,0.6469259510869565,3fcbd2c9cb68f0b7a50f0329fcbc18717c3512b8a9cf3917b63cecb132b62cae
2758,hyena/cropped_images/left body/c755133f-a088-47fb-be84-0c36422a9901/train2022_000000000525_left_body.jpg,train2022_000000000525,left_body,1,True,box_center,2,0.9140625,0.553085963977922,2739f19749a897662bd80e81bd60d70f9c342c8028b2a27ba24c0a50647373a4
2759,hyena/cropped_images/left body/c755133f-a088-47fb-be84-0c36422a9901/train2022_000000001614_left_body.jpg,train2022_000000001614,left_body,1,True,box_center,2,0.875,0.46009411509330106,0fed46cc148105ff05d01a8822de347d7c78a39bb7ddefbe5c613347dd06d354
2760,hyena/cropped_images/left body/c755133f-a088-47fb-be84-0c36422a9901/train2022_000000001644_left_body.jpg,train2022_000000001644,left_body,1,True,center,0,0.89453125,0.4998861184368257,e5343ec5a18edf93ddcbd89debf6df491ca11991ab2d32e695980bdb78b4e97d
2761,hyena/cropped_images/left body/c755133f-a088-47fb-be84-0c36422a9901/train2022_000000002071_left_body.jpg,train2022_000000002071,left_body,1,True,box_center,2,0.94140625,0.5272928608650339,f4e9852d5e841db9eb9a919d332027cad81e24e1aaeec573e11ef798f1b3db3d
2762,hyena/cropped_images/left body/c755133f-a088-47fb-be84-0c36422a9901/train2022_000000002536_left_body.jpg,train2022_000000002536,left_body,1,True,center,0,0.890625,0.7010539148216604,2dc782d6ca8d380ac514dcc90dfb51c4e1c86e2c02f8205eaec93316c77e642c
2763,hyena/cropped_images/left body/c7fc642b-3a46-4bda-ac76-abcbffdf2260/train2022_000000000088_left_body.jpg,train2022_000000000088,left_body,1,True,box_center,0,0.875,0.8513378609069991,4f65cfec15dab0a1f492d57bc82bf050a1a327d866b56bd3e1b151ef45b30365
2764,hyena/cropped_images/left body/c7fc642b-3a46-4bda-ac76-abcbffdf2260/train2022_000000001516_left_body.jpg,train2022_000000001516,left_body,1,True,box_center,2,0.95703125,0.5513948027964648,e584e1cd8321089b6395f253d435119f2fc18dabb253ed5d9fbac5c7f52116c9
2765,hyena/cropped_images/left body/c7fc642b-3a46-4bda-ac76-abcbffdf2260/train2022_000000002245_left_body.jpg,train2022_000000002245,left_body,1,True,center,0,0.984375,0.5750911084520435,93acd723767ac7c96d5c5434468a547b8f3958bfefbe74057d8be13cc8e5e95c
2766,hyena/cropped_images/left body/c7fc642b-3a46-4bda-ac76-abcbffdf2260/train2022_000000002596_left_body.jpg,train2022_000000002596,left_body,1,True,center,0,0.98046875,0.5947024035220762,078f807a2142d386f17a2b8dbced1483e396ceb29ec0d046e6ceb2303b36fcfa
2767,hyena/cropped_images/left body/c7fc642b-3a46-4bda-ac76-abcbffdf2260/train2022_000000002802_left_body.jpg,train2022_000000002802,left_body,1,True,box_center,0,0.890625,0.8098064350149051,eadcb1605092d95416d80ba2dffbc179751bd9c6350b782b335b87b90e4ccf5d
2768,hyena/cropped_images/left body/c7fc642b-3a46-4bda-ac76-abcbffdf2260/train2022_000000003048_left_body.jpg,train2022_000000003048,left_body,1,True,box_center,2,0.9140625,0.45399857370005553,31c8bfab12add5eb31353d8ad1cc1def88582b0f013a42f4c3193aae1127ee87
2769,hyena/cropped_images/left body/c9b45bc0-1fd5-4ce9-8421-6372800eb59b/train2022_000000001239_left_body.jpg,train2022_000000001239,left_body,1,True,center,2,0.90625,0.4736847943442829,13a98e54af1aa4c22da5277582354af13d3635925a1e837d8a597ed12a3df6e9
2770,hyena/cropped_images/left body/c9c4d9d7-11c7-4b16-91f7-f554f081e639/train2022_000000001269_left_body.jpg,train2022_000000001269,left_body,1,True,center,0,0.96484375,0.508519150930762,ced4d4ef6340091ef692fe0f87c957933ff0ca07a9eada20dd1cc62e28a2fc94
2771,hyena/cropped_images/left body/c9c4d9d7-11c7-4b16-91f7-f554f081e639/train2022_000000001662_left_body.jpg,train2022_000000001662,left_body,1,True,center,0,0.9765625,0.40589437239265547,a00ac15909f53b0ccc7c8f662629780450bc39752de8b7f662215ddbde0b41a4
2772,hyena/cropped_images/left body/c9c4d9d7-11c7-4b16-91f7-f554f081e639/train2022_000000001731_left_body.jpg,train2022_000000001731,left_body,1,True,center,0,0.984375,0.4605990128523299,226e9a90cf04dcb6752d40f697bf3805a8b3b210d9f7bb62987c473ea7dd3d50
2773,hyena/cropped_images/left body/cc198eff-cbca-4c78-8e28-00592ef701f7/train2022_000000001219_left_body.jpg,train2022_000000001219,left_body,1,True,center,0,0.98046875,0.7747782214177728,513668a2f2de59a7bee5d42fe9a763ec22ec03a4df84e818d6dd23ae8508a0bc
2774,hyena/cropped_images/left body/cc198eff-cbca-4c78-8e28-00592ef701f7/train2022_000000001331_left_body.jpg,train2022_000000001331,left_body,1,True,center,0,0.96875,0.5699933923189737,aaa79953273de1375f30b2a25572d3de85bba5e96c971cc7c5c8b47d86cb190c
2775,hyena/cropped_images/left body/cc198eff-cbca-4c78-8e28-00592ef701f7/train2022_000000001360_left_body.jpg,train2022_000000001360,left_body,1,True,box_center,2,0.9375,0.5330961726907495,75fac4e0b75536b21e9578b42b0689d31e938d7b58b2c02be939741cc04bf75e
2776,hyena/cropped_images/left body/ccf6e18f-f6bb-4cd7-8166-31a1a8cce2ce/train2022_000000002100_left_body.jpg,train2022_000000002100,left_body,1,False,box_center,0,0.84375,0.747444559624833,
2777,hyena/cropped_images/left body/ccf6e18f-f6bb-4cd7-8166-31a1a8cce2ce/train2022_000000002133_left_body.jpg,train2022_000000002133,left_body,1,True,box_center,0,0.859375,0.8318208367415328,809fb66cc963f6bbe5844a26ef9e2954c576b919315e12b106ff58ccc1d17b63
2778,hyena/cropped_images/left body/cec93868-770e-44c5-8bbd-097be098f498/train2022_000000001132_left_body.jpg,train2022_000000001132,left_body,1,True,box_center,2,0.88671875,0.5148412008660385,9a598517e649c9b0df93ef48c2ab36fac36fbedb447fea929515817c6410748a
2779,hyena/cropped_images/left body/cec93868-770e-44c5-8bbd-097be098f498/train2022_000000002088_left_body.jpg,train2022_000000002088,left_body,1,False,box_center,0,0.84375,0.8157166680088126,
2780,hyena/cropped_images/left body/cefe7503-7a7b-4573-b0a1-465cb3580565/train2022_000000000892_left_body.jpg,train2022_000000000892,left_body,1,True,box_center,2,0.8828125,0.4907862468009347,8103b2feac65620633051267b7597965108df6b97af15d6b243d881f12a76c96
2781,hyena/cropped_images/left body/cefe7503-7a7b-4573-b0a1-465cb3580565/train2022_000000001371_left_body.jpg,train2022_000000001371,left_body,1,True,center,0,0.98046875,0.6753602445778428,cba08d7ddd69f096a87cc968f0de5378f8cf7a8fc1f98e7432cf1cbc159d1a8b
2782,hyena/cropped_images/left body/cefe7503-7a7b-4573-b0a1-465cb3580565/train2022_000000001939_left_body.jpg,train2022_000000001939,left_body,1,True,box_center,2,0.8671875,0.512443081443177,50728396d5154f72593ba9a45d5f711e1b3f5748ea3429e85b4b987d505031ec
2783,hyena/cropped_images/left body/cefe7503-7a7b-4573-b0a1-465cb3580565/train2022_000000003086_left_body.jpg,train2022_000000003086,left_body,1,True,box_center,2,0.90625,0.4427929750653622,b629dfe7aa2a37bec704d3e4f8b806c11a8a1cd320f8514e4a832782e58fff2e
2784,hyena/cropped_images/left body/cf07567a-7a4f-42a1-86f3-0cc569dcefae/train2022_000000000949_left_body.jpg,train2022_000000000949,left_body,1,True,center,0,0.984375,0.6509750501864067,1767a3e7d0b90ec5a0871cb699abde2cf8619f00096b9754f5aaa2b26b894ae0
2785,hyena/cropped_images/left body/cf07567a-7a4f-42a1-86f3-0cc569dcefae/train2022_000000002069_left_body.jpg,train2022_000000002069,left_body,1,True,center,0,0.953125,0.5620353404519702,a61e44e070d1a1c78f29dcf204481e19a60f464987dc4882173493e80b6f42ee
2786,hyena/cropped_images/left body/cf22e101-9fef-48d5-9b40-a9a143c96a92/train2022_000000000718_left_body.jpg,train2022_000000000718,left_body,1,True,box_center,0,0.9296875,0.8539965579378599,b222761872d256314bd50c57bc11fd1b003ec75dbe812681a2476cb867dcff99
2787,hyena/cropped_images/left body/cf22e101-9fef-48d5-9b40-a9a143c96a92/train2022_000000001225_left_body.jpg,train2022_000000001225,left_body,1,False,box_center,2,0.8359375,0.5600890828609651,
2788,hyena/cropped_images/left body/d0d01842-f151-46dd-85e8-e7f141de39ef/train2022_000000001387_left_body.jpg,train2022_000000001387,left_body,1,True,box_center,2,0.8671875,0.5536637922742701,9611363b18d08c1095c05387e572fe0859d47b279ebb198619a88c41c13e8b47
2789,hyena/cropped_images/left body/d0d01842-f151-46dd-85e8-e7f141de39ef/train2022_000000002853_left_body.jpg,train2022_000000002853,left_body,1,True,center,0,0.96484375,0.5726509441326729,7393b44e056c5b3c287ab803430c7d3b727fdb76bd3d8a11e0d7a232ab83b3e8
2790,hyena/cropped_images/left body/d11e7615-c86e-40f5-bf09-41cc4e39f863/train2022_000000001987_left_body.jpg,train2022_000000001987,left_body,1,True,box_center,2,0.8828125,0.5159182971300776,c8c40977cb4ca3e542d9be46b0dd07467d14ff61e4a3d6a8ea33ca984fa4d3a2
2791,hyena/cropped_images/left body/d395c979-0cc5-456a-bbb3-c71f42849a88/train2022_000000001185_left_body.jpg,train2022_000000001185,left_body,1,True,center,0,0.9375,0.4834729257721778,7d2f7618fa7d1df9356365c7eec948fb2eb7b075a39ffcfd31cd1637b565a391
2792,hyena/cropped_images/left body/d395c979-0cc5-456a-bbb3-c71f42849a88/train2022_000000001681_left_body.jpg,train2022_000000001681,left_body,1,True,center,0,0.97265625,0.5368364232000595,92c1580cad67b9ceac0121331e53565e24b69a04a279bf9b23509658ecc4ed97
2793,hyena/cropped_images/left body/d395c979-0cc5-456a-bbb3-c71f42849a88/train2022_000000002683_left_body.jpg,train2022_000000002683,left_body,1,True,box_center,2,0.94921875,0.44959121954970077,0bb625e13ae709210f29e17f910069826b4a6dc284aabb3b03b2bce89c02d1f7
2794,hyena/cropped_images/left body/d3977dfd-d0f9-4318-8ea9-f7c337898633/train2022_000000000870_left_body.jpg,train2022_000000000870,left_body,1,True,center,0,0.96875,0.6518393038221656,aa8622a2e623bffd37b002e889d698f8068aa971f6a6553f347328bda379768e
2795,hyena/cropped_images/left body/d3977dfd-d0f9-4318-8ea9-f7c337898633/train2022_000000001551_left_body.jpg,train2022_000000001551,left_body,1,True,center,0,0.96484375,0.5803121506457611,bd00805111e367fd4b9036fddbeaeb05d6e544426076fa99d787ecab0a01d262
2796,hyena/cropped_images/left body/d3977dfd-d0f9-4318-8ea9-f7c337898633/train2022_000000001694_left_body.jpg,train2022_000000001694,left_body,1,True,center,0,0.98828125,0.617804946989917,c69098cffcbbf0f7c0ad526ced247473508fc16c523afcebc1271e51f61e2abb
2797,hyena/cropped_images/left body/d3977dfd-d0f9-4318-8ea9-f7c337898633/train2022_000000001753_left_body.jpg,train2022_000000001753,left_body,1,True,center,0,0.9453125,0.5351396607722844,3f07b1df51506bc54ff874a7df25067c1e965960a4c70984d9ca05b03d09c204
2798,hyena/cropped_images/left body/d3977dfd-d0f9-4318-8ea9-f7c337898633/train2022_000000002037_left_body.jpg,train2022_000000002037,left_body,1,True,box_center,2,0.93359375,0.5215282852598547,de900185ad9b70ecbbe0d7eacdd9ad5c900d0e5d96cc792e1b3260c94164ee59
2799,hyena/cropped_images/left body/d3977dfd-d0f9-4318-8ea9-f7c337898633/train2022_000000002136_left_body.jpg,train2022_000000002136,left_body,1,True,center,0,0.9765625,0.5599091184989894,3a93d74b92da24a9432a4a30b8ba9f57d53d31cae8b546a41a115403012d292e
2800,hyena/cropped_images/left body/d548ac7d-62f0-48cb-a8eb-4b7e0a5191b4/train2022_000000000313_left_body.jpg,train2022_000000000313,left_body,1,True,center,0,0.96875,0.580073185329074,f528a5dc5520e7b986afc852148ba5812ca785fd0c2b10cd3d90382e304bf51c
2801,hyena/cropped_images/left body/d548ac7d-62f0-48cb-a8eb-4b7e0a5191b4/train2022_000000002693_left_body.jpg,train2022_000000002693,left_body,1,True,center,0,0.98046875,0.5247201966389244,318907b7939a42b3545fb9ad68209d7a894269e2f84098ac7e33a80d6de5799e
2802,hyena/cropped_images/left body/d653ccd7-98af-4641-bdad-47dd2242501a/train2022_000000001820_left_body.jpg,train2022_000000001820,left_body,1,True,center,0,0.9765625,0.594469439966637,060aed1a415a2a9d62533a2d4f2a41429d0eb79a440fafdbb8679fda21a243d4
2803,hyena/cropped_images/left body/d653ccd7-98af-4641-bdad-47dd2242501a/train2022_000000002056_left_body.jpg,train2022_000000002056,left_body,1,True,center,0,0.98046875,0.6252248842330757,aa7f140be38d10a0459cee18d4d15b2d9f4e5495cb3f8abfa9952b34b5202e55
2804,hyena/cropped_images/left body/d68ac804-a792-44c8-af29-a8e80a7848f1/train2022_000000000323_left_body.jpg,train2022_000000000323,left_body,1,True,box_center,2,0.9296875,0.4643347873500545,7cb51294adf08351141cba6a6373046f1ed598b526fffd43e8862d9102fe79e5
2805,hyena/cropped_images/left body/d68ac804-a792-44c8-af29-a8e80a7848f1/train2022_000000002847_left_body.jpg,train2022_000000002847,left_body,1,True,box_center,2,0.93359375,0.5142656512440408,47b7c0a205dd7436d088f70b24e1acdae2cb0d563f081c6b9429b49b3414ad71
2806,hyena/cropped_images/left body/d7cd8e39-12e4-40a8-b2f7-7c24f291d2aa/train2022_000000000425_left_body.jpg,train2022_000000000425,left_body,1,True,center,0,0.9765625,0.39916448254286796,d880e9a81524037b67c2325bf9d357131d361766038d9e8daf8c64ff037338de
2807,hyena/cropped_images/left body/d7cd8e39-12e4-40a8-b2f7-7c24f291d2aa/train2022_000000002224_left_body.jpg,train2022_000000002224,left_body,1,True,center,0,0.98828125,0.4361470024969092,15f46c9a1a08ac6cdaf5079b94a6c209cd015a02bbffcfd416260dc5d760a90d
2808,hyena/cropped_images/left body/d7cd8e39-12e4-40a8-b2f7-7c24f291d2aa/train2022_000000002408_left_body.jpg,train2022_000000002408,left_body,1,True,box_center,2,0.88671875,0.6630249231819734,4f7d3e1cc56b0e23b00cdfa445274de7fa08e73593bad66a1acce89773533035
2809,hyena/cropped_images/left body/d7cd8e39-12e4-40a8-b2f7-7c24f291d2aa/train2022_000000002514_left_body.jpg,train2022_000000002514,left_body,1,True,box_center,0,0.91796875,0.8630571972353,2dd6660e32c853190a93a86b8e02ea8f1977ab9c6296c44e890b30e253675259
2810,hyena/cropped_images/left body/d8653bff-a5e8-4b3a-bffd-a861abad29bf/train2022_000000000114_left_body.jpg,train2022_000000000114,left_body,1,True,box_center,0,0.9375,0.812297305077048,8855239c154211e90e446c5325b39ba564abbd5504a183ca6f9de907e5c8da10
2811,hyena/cropped_images/left body/d8653bff-a5e8-4b3a-bffd-a861abad29bf/train2022_000000000696_left_body.jpg,train2022_000000000696,left_body,1,True,box_center,2,0.8828125,0.5335753458805933,1dfaa3d3f51f8a19d5a1e05d050a07a3d298d61bab60e0bcd2fcecd04649053d
2812,hyena/cropped_images/left body/d8653bff-a5e8-4b3a-bffd-a861abad29bf/train2022_000000001302_left_body.jpg,train2022_000000001302,left_body,1,True,center,0,0.96484375,0.5770003360157363,d40bd87049672ad30a7a69eb0cf91fd7e2ecac6fe5dedf660b0196f7cbaa1054
2813,hyena/cropped_images/left body/d8653bff-a5e8-4b3a-bffd-a861abad29bf/train2022_000000001310_left_body.jpg,train2022_000000001310,left_body,1,True,box_center,2,0.92578125,0.5815147625160462,fd2543039cdca6ef6b3318b26099d205ee751f4271865de3c9c307769e0f827b
2814,hyena/cropped_images/left body/d8653bff-a5e8-4b3a-bffd-a861abad29bf/train2022_000000001474_left_body.jpg,train2022_000000001474,left_body,1,True,box_center,0,0.875,0.672775344955796,4691abb980d3538c9bed8bf40f3dfdc5d06c67ae0cc8f384a3dbab909c512059
2815,hyena/cropped_images/left body/d8653bff-a5e8-4b3a-bffd-a861abad29bf/train2022_000000002148_left_body.jpg,train2022_000000002148,left_body,1,True,box_center,2,0.89453125,0.47194722752332485,c020e3a4949a6e14dff42959c5effeaaf3197daef96f2617ebcf6d0fc7cd69e4
2816,hyena/cropped_images/left body/d8681847-63c6-40eb-8980-a3a4a09efb36/train2022_000000000796_left_body.jpg,train2022_000000000796,left_body,1,True,center,0,0.98046875,0.6032380154276255,21d71c28c3d9069cd23cbae264a75f9422f5d90f9fbfff3d0d5900adf15f0e06
2817,hyena/cropped_images/left body/d8ec02f0-6a21-48a8-b2cc-f0005764bc2a/train2022_000000001487_left_body.jpg,train2022_000000001487,left_body,1,True,box_center,2,0.859375,0.40733258660692856,2f5d1efbcb6bec5b526e0e1a904aa80675cb6fb895efb137da610e47cf653a09
2818,hyena/cropped_images/left body/d8ec02f0-6a21-48a8-b2cc-f0005764bc2a/train2022_000000001951_left_body.jpg,train2022_000000001951,left_body,1,True,center,0,0.96875,0.5010008278930927,90f340d480a2af0c0c233886ff7d544f2db1066d42284e0026289db87045fe74
2819,hyena/cropped_images/left body/d8ec02f0-6a21-48a8-b2cc-f0005764bc2a/train2022_000000002156_left_body.jpg,train2022_000000002156,left_body,1,True,center,2,0.93359375,0.7898929832829403,976af7f10bd581df801b3f07d478c1b2cc0d598b7f93ff6e11606b88e6bca02b
2820,hyena/cropped_images/left body/d8ec02f0-6a21-48a8-b2cc-f0005764bc2a/train2022_000000002542_left_body.jpg,train2022_000000002542,left_body,1,True,center,2,0.9453125,0.20060516699936776,44a1d7d2dbe84ff7a7991399fcc1978d11b19c34188c1f391c6d90c663bd10bf
2821,hyena/cropped_images/left body/d9ca2395-17db-4aa9-8749-51a78eba5feb/train2022_000000000285_left_body.jpg,train2022_000000000285,left_body,1,True,center,0,0.96484375,0.6559623001469089,40b47e6a29f5ebff3bb73e228ae81219e7cd3b98e47d2694a1d0570e276d73c3
2822,hyena/cropped_images/left body/d9ca2395-17db-4aa9-8749-51a78eba5feb/train2022_000000002681_left_body.jpg,train2022_000000002681,left_body,1,True,center,0,0.98046875,0.6596672766787062,d65d809d725ab51d871130e3ecf6a5335eaf8e9156920c317c1c1fd0f5056819
2823,hyena/cropped_images/left body/db3de022-02a6-455a-8d26-5746c2a79514/train2022_000000000094_left_body.jpg,train2022_000000000094,left_body,1,True,center,0,0.9765625,0.5975650644004781,0ec3aff05375273f328d897b17b67ca88aea0d42e9144300363e004c16ec882e
2824,hyena/cropped_images/left body/db3de022-02a6-455a-8d26-5746c2a79514/train2022_000000002501_left_body.jpg,train2022_000000002501,left_body,1,True,center,0,0.953125,0.5973666540886087,801b8aeb558fdf10a9a7d86246b6c68e51713c9a99e15a6f7363d272ec8c514e
2825,hyena/cropped_images/left body/ddda7c68-86ac-4448-9795-e1cc33d704bc/train2022_000000002282_left_body.jpg,train2022_000000002282,left_body,1,True,center,0,0.98046875,0.6520906264979737,8eba6269cd8e063d112e61bc85a00c3c0540c163cd5b07af9e9db7cadf25ddf8
2826,hyena/cropped_images/left body/e0233424-00dc-4c88-9e76-5741a76d5781/train2022_000000000020_left_body.jpg,train2022_000000000020,left_body,1,True,box_center,2,0.90625,0.556296052631579,1c9e75576ec4224b2b5b0c062fff2852367b2200b701a0e08371b22b97703e4f
2827,hyena/cropped_images/left body/e0233424-00dc-4c88-9e76-5741a76d5781/train2022_000000000729_left_body.jpg,train2022_000000000729,left_body,1,False,box_center,0,0.8359375,0.8567815978559332,
2828,hyena/cropped_images/left body/e0233424-00dc-4c88-9e76-5741a76d5781/train2022_000000000875_left_body.jpg,train2022_000000000875,left_body,1,False,box_center,2,0.8203125,0.7661764828825817,
2829,hyena/cropped_images/left body/e0233424-00dc-4c88-9e76-5741a76d5781/train2022_000000001296_left_body.jpg,train2022_000000001296,left_body,1,True,center,0,0.96875,0.5456919060052219,a77f49880217a96a567c8a35030559f0a04d6823ac26ac4f7f5e78c90eab799d
2830,hyena/cropped_images/left body/e0233424-00dc-4c88-9e76-5741a76d5781/train2022_000000001616_left_body.jpg,train2022_000000001616,left_body,1,True,center,0,0.90625,0.6526343008597841,7d00dfcdeddb942aa93d9193797ecd97ee4881e6ba3fd1f28fe1bcef339ab4ec
2831,hyena/cropped_images/left body/e0233424-00dc-4c88-9e76-5741a76d5781/train2022_000000001789_left_body.jpg,train2022_000000001789,left_body,1,True,box_center,2,0.94921875,0.6434076368530708,a093be892620a2ea179956b2392aef53aa45204f740d46871414a978c0c5c83d
2832,hyena/cropped_images/left body/e0233424-00dc-4c88-9e76-5741a76d5781/train2022_000000002666_left_body.jpg,train2022_000000002666,left_body,1,True,box_center,2,0.875,0.6531066082079235,b0add06cfe5749cd2820649466ae1b5a5bb1fb7fdcba322307ef31af954c6200
2833,hyena/cropped_images/left body/e0233424-00dc-4c88-9e76-5741a76d5781/train2022_000000002835_left_body.jpg,train2022_000000002835,left_body,1,True,box_center,0,0.9140625,0.7659390273303088,01a2960801d29891ef901f8b90365ba199365d66314dcbf3d6823dac93733440
2834,hyena/cropped_images/left body/e0233424-00dc-4c88-9e76-5741a76d5781/train2022_000000002844_left_body.jpg,train2022_000000002844,left_body,1,True,center,0,0.9375,0.6424324324324324,371b30cab6f80c97dfd4014f08886259ecf91ab2a19de8f6a77242f1b0e558e9
2835,hyena/cropped_images/left body/e0c249f3-ec24-4a7e-97c8-abefd7cd27b1/train2022_000000003034_left_body.jpg,train2022_000000003034,left_body,1,True,box_center,0,0.87109375,0.8607370142731402,ac897208ea4fb83b26b8cb695dcdae77cae7138abe6ef3025afcb82e1af45e6e
2836,hyena/cropped_images/left body/e146c860-5de6-4870-978b-bb2f35f75d20/train2022_000000000329_left_body.jpg,train2022_000000000329,left_body,1,True,center,2,0.875,0.5017709465915455,193149b284fa5539319ec160f48378461358e979e0bfd4b68e47f04582123d54
2837,hyena/cropped_images/left body/e146c860-5de6-4870-978b-bb2f35f75d20/train2022_000000000918_left_body.jpg,train2022_000000000918,left_body,1,True,center,0,0.96484375,0.6387527042380663,af4ec52e405826615bf661b079bfd2dd85d87e2d05982dce9dabe74e0069e19e
2838,hyena/cropped_images/left body/e146c860-5de6-4870-978b-bb2f35f75d20/train2022_000000001446_left_body.jpg,train2022_000000001446,left_body,1,True,center,0,0.97265625,0.8674578240661043,946e9eb220f2c895c1d25e6d500868c4b672c142ef5609dadbc146d53ed9014c
2839,hyena/cropped_images/left body/e1cb11c3-48d4-474d-9881-affe8b0d02d5/train2022_000000000470_left_body.jpg,train2022_000000000470,left_body,1,True,center,0,0.92578125,0.5754399283806956,ed37d8f553b48caa928d51d2743bc0e89153b1a6ee5a14ccf3f0d7ee700944fb
2840,hyena/cropped_images/left body/e1cb11c3-48d4-474d-9881-affe8b0d02d5/train2022_000000000847_left_body.jpg,train2022_000000000847,left_body,1,True,box_center,2,0.9609375,0.5293095005980553,8e9ca31dfeee975e68ab302a5f7af5cf84d80368a22a3b0484eeb39d2c6bb16c
2841,hyena/cropped_images/left body/e217374d-17e1-4fa2-b4aa-868033edc1ed/train2022_000000000149_left_body.jpg,train2022_000000000149,left_body,1,True,box_center,2,0.94140625,0.4547488091791889,2c919446c7892b903795b6fb47a0527a1735e18343e569002a53a254832fd81d
2842,hyena/cropped_images/left body/e217374d-17e1-4fa2-b4aa-868033edc1ed/train2022_000000000193_left_body.jpg,train2022_000000000193,left_body,1,True,center,0,0.91015625,0.6427274954345018,e7861962b298244915957d95c4ab7d07320d662f2c8a529a35216d9780870da6
2843,hyena/cropped_images/left body/e217374d-17e1-4fa2-b4aa-868033edc1ed/train2022_000000000303_left_body.jpg,train2022_000000000303,left_body,1,True,box_center,2,0.94921875,0.6158877898070981,77503b7dec64e1de1e37e3a939373dd63485bee446d399b7aac135405133e3c9
2844,hyena/cropped_images/left body/e217374d-17e1-4fa2-b4aa-868033edc1ed/train2022_000000000568_left_body.jpg,train2022_000000000568,left_body,1,True,center,0,0.91015625,0.6407691216120335,bef4e0552026836c6d7fed54fa187d9e7395c4cefa3ce39eb8fef6a25cd7a028
2845,hyena/cropped_images/left body/e217374d-17e1-4fa2-b4aa-868033edc1ed/train2022_000000000805_left_body.jpg,train2022_000000000805,left_body,1,True,box_center,2,0.91796875,0.5489043546708819,b90104351752bbaf1c509200d4f7c8074d5968f57638f91c6c2b7079d9199b1b
2846,hyena/cropped_images/left body/e217374d-17e1-4fa2-b4aa-868033edc1ed/train2022_000000001256_left_body.jpg,train2022_000000001256,left_body,1,True,center,0,0.9765625,0.5606174698795181,ae89fbf98f387114b5d23a7df51008b62f21746e368cb42c6c1cdb87f8c30e24
2847,hyena/cropped_images/left body/e217374d-17e1-4fa2-b4aa-868033edc1ed/train2022_000000001268_left_body.jpg,train2022_000000001268,left_body,1,True,center,0,0.953125,0.6889110213739444,2130f775ee358aa2d1b38de093d3285bf1c20887ef5ba0f9c42eecc1dfced333
2848,hyena/cropped_images/left body/e217374d-17e1-4fa2-b4aa-868033edc1ed/train2022_000000001357_left_body.jpg,train2022_000000001357,left_body,1,True,center,0,0.96484375,0.4853561068024392,ce1559bc7259f1924c47b129955436474f3fcc7b3a278be842c8dcec362a635d
2849,hyena/cropped_images/left body/e217374d-17e1-4fa2-b4aa-868033edc1ed/train2022_000000001388_left_body.jpg,train2022_000000001388,left_body,1,True,box_center,2,0.93359375,0.5390796425463059,73a3aa76ae555e3ee7f29bc07e1a274e80247a17f8592e6e04bf865396d0c37b
2850,hyena/cropped_images/left body/e217374d-17e1-4fa2-b4aa-868033edc1ed/train2022_000000001459_left_body.jpg,train2022_000000001459,left_body,1,True,center,0,0.98046875,0.5568993334891121,2ef73f0ae0d8213b535492b6fd8355df938319d301b2e024b1220420d3c0c72c
2851,hyena/cropped_images/left body/e217374d-17e1-4fa2-b4aa-868033edc1ed/train2022_000000002123_left_body.jpg,train2022_000000002123,left_body,1,True,center,0,0.97265625,0.638418184070358,74bfdf16e7d98ef4f69d26f8152735a37ba59716fd5a0da33a74f478ab9ace9b
2852,hyena/cropped_images/left body/e217374d-17e1-4fa2-b4aa-868033edc1ed/train2022_000000002184_left_body.jpg,train2022_000000002184,left_body,1,True,center,0,0.96484375,0.6150271370420625,775eb5525286831906af0c44b398510513bc5b3010e5df12b2d37b84f7b4dd7d
2853,hyena/cropped_images/left body/e217374d-17e1-4fa2-b4aa-868033edc1ed/train2022_000000002193_left_body.jpg,train2022_000000002193,left_body,1,True,center,0,0.97265625,0.5632953285565355,9cde6b449853e27eb62c69070147fa6307ab4c261240e0049669fd01e1aeeaa3
2854,hyena/cropped_images/left body/e217374d-17e1-4fa2-b4aa-868033edc1ed/train2022_000000002312_left_body.jpg,train2022_000000002312,left_body,1,True,center,0,0.97265625,0.5815802456641914,521268279f226edff39f042cf368c64d8476d57c8ef9ad7c4a63c7d51666cc02
2855,hyena/cropped_images/left body/e217374d-17e1-4fa2-b4aa-868033edc1ed/train2022_000000002371_left_body.jpg,train2022_000000002371,left_body,1,True,center,0,0.984375,0.6173032777103062,97bb64a6864742617a9f44621b875121e5ca31c1c00791ac05e751a17ce41f1e
2856,hyena/cropped_images/left body/e217374d-17e1-4fa2-b4aa-868033edc1ed/train2022_000000002406_left_body.jpg,train2022_000000002406,left_body,1,True,center,0,0.98046875,0.5302963830820299,9db3d4fe4c29cd124f067fb3cb3c19adeeca8a736af40f62baef1b1de18945f3
2857,hyena/cropped_images/left body/e217374d-17e1-4fa2-b4aa-868033edc1ed/train2022_000000002423_left_body.jpg,train2022_000000002423,left_body,1,True,center,0,0.96875,0.5714569999213258,b5f0508007702a0a9218d1436fc5fa62aa27f3150f4f6182cd80467db32d8ab1
2858,hyena/cropped_images/left body/e217374d-17e1-4fa2-b4aa-868033edc1ed/train2022_000000002516_left_body.jpg,train2022_000000002516,left_body,1,True,center,0,0.97265625,0.5599345630238547,090c0129aa6f61aa9de864346cdd7c1ab6825bc1824688173fb2390f5442169a
2859,hyena/cropped_images/left body/e217374d-17e1-4fa2-b4aa-868033edc1ed/train2022_000000002554_left_body.jpg,train2022_000000002554,left_body,1,True,center,0,0.94140625,0.4865476122635058,f331be47ad30d7009aa857c5237d3f0badd98fd7cf005721f6d1df34f00539f6
2860,hyena/cropped_images/left body/e217374d-17e1-4fa2-b4aa-868033edc1ed/train2022_000000002627_left_body.jpg,train2022_000000002627,left_body,1,True,center,0,0.96875,0.6132569697250756,73175b976407301bc50e2de0a89331cf5d76c82619fc41ef141885b3272fcba3
2861,hyena/cropped_images/left body/e217374d-17e1-4fa2-b4aa-868033edc1ed/train2022_000000002728_left_body.jpg,train2022_000000002728,left_body,1,True,center,0,0.96875,0.6144759433282219,560121d119a1d73fa5355572119db778314941eaa06f273db2afb5a73f6a396a
2862,hyena/cropped_images/left body/e217374d-17e1-4fa2-b4aa-868033edc1ed/train2022_000000002757_left_body.jpg,train2022_000000002757,left_body,1,True,center,2,0.92578125,0.5204693869148104,05c8761c8157720a7b27308d7261a3e6842f2eb184f500049ed26e28d1b993f1
2863,hyena/cropped_images/left body/e3e8dcae-7c7c-4492-812c-313c35c88f51/train2022_000000000456_left_body.jpg,train2022_000000000456,left_body,1,True,center,0,0.94140625,0.5153837258725873,e812e8f7c4ad5947c1a872f347c6ec7c8d9d0c7a0da09af255f252aa7bd0cce1
2864,hyena/cropped_images/left body/e77d385c-2200-4fa5-b90a-0dea100e69e5/train2022_000000000059_left_body.jpg,train2022_000000000059,left_body,1,True,center,0,0.95703125,0.5686915730827906,26bdfa7da37c5b5609715967318fe44525be70b642bc9047adb8f5adee8a9cce
2865,hyena/cropped_images/left body/e77d385c-2200-4fa5-b90a-0dea100e69e5/train2022_000000000182_left_body.jpg,train2022_000000000182,left_body,1,True,center,0,0.875,0.3923290083650584,69d55a5817d377f9c3cfba2e2116bbf0f87e03d805343a94da502feb16e86247
2866,hyena/cropped_images/left body/e77d385c-2200-4fa5-b90a-0dea100e69e5/train2022_000000000378_left_body.jpg,train2022_000000000378,left_body,1,True,box_center,2,0.97265625,0.5663080820609969,20bd1192092247c7f3c450f19feca1d7b854e00c0a993acdb3a1540728885019
2867,hyena/cropped_images/left body/e77d385c-2200-4fa5-b90a-0dea100e69e5/train2022_000000000917_left_body.jpg,train2022_000000000917,left_body,1,True,center,0,0.9609375,0.5562447062728988,4b1ea9d98597f93616bafc5da11609588a7cc066efbdeac7b6286201a0c0c269
2868,hyena/cropped_images/left body/e77d385c-2200-4fa5-b90a-0dea100e69e5/train2022_000000001167_left_body.jpg,train2022_000000001167,left_body,1,True,center,0,0.9453125,0.5852210599426525,864be6b0ac2238c9be90134c7afa371d1c96f356de4e84e516cefbec4fb04739
2869,hyena/cropped_images/left body/e77d385c-2200-4fa5-b90a-0dea100e69e5/train2022_000000001521_left_body.jpg,train2022_000000001521,left_body,1,True,center,0,0.9140625,0.6691067127753253,39db31c2154b6900d32bd655630338618cab6ac6955c5eba6b3875ba218970d1
2870,hyena/cropped_images/left body/e77d385c-2200-4fa5-b90a-0dea100e69e5/train2022_000000001727_left_body.jpg,train2022_000000001727,left_body,1,True,box_center,2,0.9609375,0.44034996106722135,5003346326984f724018d5b5b9b5a7f8f6249599f68dd5954789cc9bb130a409
2871,hyena/cropped_images/left body/e77d385c-2200-4fa5-b90a-0dea100e69e5/train2022_000000001805_left_body.jpg,train2022_000000001805,left_body,1,True,box_center,2,0.97265625,0.520249092708677,a25a6b3328b6fe86765a1f97c1507e05e579928a1a8edf898b28b29a96e4e71f
2872,hyena/cropped_images/left body/e77d385c-2200-4fa5-b90a-0dea100e69e5/train2022_000000001931_left_body.jpg,train2022_000000001931,left_body,1,True,center,0,0.9765625,0.5625071628312093,52e19d92bc4fc1f29f75728bcc75528230fb3371faf7ec6c2cbf00286530e317
2873,hyena/cropped_images/left body/e77d385c-2200-4fa5-b90a-0dea100e69e5/train2022_000000002085_left_body.jpg,train2022_000000002085,left_body,1,True,center,0,0.9765625,0.4668071868810578,436fdce84b0782c2d21bd0f5cdbda52f137c0da82ae9b404d8053092a9846274
2874,hyena/cropped_images/left body/e77d385c-2200-4fa5-b90a-0dea100e69e5/train2022_000000002215_left_body.jpg,train2022_000000002215,left_body,1,True,box_center,0,0.89453125,0.8567009379509379,9f547ae0834ac50076070aa587242e41b38e99a8add9e1153a021961165f0d09
2875,hyena/cropped_images/left body/e77d385c-2200-4fa5-b90a-0dea100e69e5/train2022_000000002970_left_body.jpg,train2022_000000002970,left_body,1,True,center,0,0.95703125,0.5307334403877487,517a677af954b6c5683e8941f02592a38c44ee5ae1d9da60474e8b1fef7a909a
2876,hyena/cropped_images/left body/e7d7fd1f-5a2d-4073-ac1f-59f6268ba8de/train2022_000000000127_left_body.jpg,train2022_000000000127,left_body,1,False,box_center,2,0.765625,0.5919534626758961,
2877,hyena/cropped_images/left body/e7d7fd1f-5a2d-4073-ac1f-59f6268ba8de/train2022_000000000363_left_body.jpg,train2022_000000000363,left_body,1,False,box_center,2,0.6640625,0.4921364503429522,
2878,hyena/cropped_images/left body/e7d7fd1f-5a2d-4073-ac1f-59f6268ba8de/train2022_000000002301_left_body.jpg,train2022_000000002301,left_body,1,True,center,0,0.95703125,0.6356889793456958,c3dd4875d3d435778d5afeb5e90c0da1e28d5e3e1f8992ddb80b60f762539955
2879,hyena/cropped_images/left body/e7d7fd1f-5a2d-4073-ac1f-59f6268ba8de/train2022_000000002343_left_body.jpg,train2022_000000002343,left_body,1,True,center,0,0.94140625,0.6310865216620667,9914228b2f3f217aaee3de5ed1daa1f2d122a1ea4d15ace0e3f1d108ce0b0225
2880,hyena/cropped_images/left body/e7d7fd1f-5a2d-4073-ac1f-59f6268ba8de/train2022_000000002535_left_body.jpg,train2022_000000002535,left_body,1,True,center,0,0.96484375,0.6340813901977367,fc57b2382157601dbc9bf8829ec0f5f44d1e22c48c806f836220bee9bccf4d6a
2881,hyena/cropped_images/left body/ea524367-fb6b-438f-a077-aae1f8fe4b08/train2022_000000001101_left_body.jpg,train2022_000000001101,left_body,1,False,box_center,0,0.8125,0.8875045854251606,
2882,hyena/cropped_images/left body/ea524367-fb6b-438f-a077-aae1f8fe4b08/train2022_000000001411_left_body.jpg,train2022_000000001411,left_body,1,True,box_center,2,0.9375,0.5225046570506003,650b9c8e44b0dab4694c66ad81e987e226a416fd345223bd9303985fb2835af7
2883,hyena/cropped_images/left body/ea524367-fb6b-438f-a077-aae1f8fe4b08/train2022_000000001786_left_body.jpg,train2022_000000001786,left_body,1,True,center,0,0.9609375,0.5013763731840803,d9d911a82260747664fb688e61adade5a0a4deb0e3ed04313520f8bfc07f2ea5
2884,hyena/cropped_images/left body/ea524367-fb6b-438f-a077-aae1f8fe4b08/train2022_000000001857_left_body.jpg,train2022_000000001857,left_body,1,True,box_center,2,0.94140625,0.4914712934337633,404c0b3bbc71aada822457d825c87680b6eed2c5d8d218219042cc9108fe15a2
2885,hyena/cropped_images/left body/ebe55d08-674f-417a-a8f6-c776dca6ee8c/train2022_000000002510_left_body.jpg,train2022_000000002510,left_body,1,True,center,0,0.98046875,0.6253026490076955,329987f6e4af7c660da0d4b1fa358c4e40565dff2bb8aac19cbd4028940dc926
2886,hyena/cropped_images/left body/ecda2205-db0b-4160-a40f-b6825fb43770/train2022_000000000319_left_body.jpg,train2022_000000000319,left_body,1,True,box_center,2,0.94921875,0.5303915173763329,24376136b80a196b5eee4458b68fd0cad424947d6c81b064226bf30b660d3f19
2887,hyena/cropped_images/left body/ecda2205-db0b-4160-a40f-b6825fb43770/train2022_000000000567_left_body.jpg,train2022_000000000567,left_body,1,True,center,2,0.91015625,0.5055310431768043,0b1372d494ea30ce3f3260a900f7e054963e8b29ed50722295d932862ee9450d
2888,hyena/cropped_images/left body/ecda2205-db0b-4160-a40f-b6825fb43770/train2022_000000000597_left_body.jpg,train2022_000000000597,left_body,1,True,box_center,2,0.90625,0.5882943236671863,9dad50d1edb65a474c4e389a1f533f15192bc86f96f8dc07bb88c9881f4e452a
2889,hyena/cropped_images/left body/ecda2205-db0b-4160-a40f-b6825fb43770/train2022_000000000958_left_body.jpg,train2022_000000000958,left_body,1,True,center,0,0.95703125,0.5931112699405382,0c3f81474a429b993a424a601ee22ed00207d527255aadd7f86d8d9d03c810a3
2890,hyena/cropped_images/left body/ecda2205-db0b-4160-a40f-b6825fb43770/train2022_000000001337_left_body.jpg,train2022_000000001337,left_body,1,True,center,0,0.94921875,0.5629803921568628,1ab9c2f87033bd1516f6f83bb9173cbbdf46a4fee7b994c492272e06787cd684
2891,hyena/cropped_images/left body/ecda2205-db0b-4160-a40f-b6825fb43770/train2022_000000001493_left_body.jpg,train2022_000000001493,left_body,1,True,center,0,0.96875,0.5259667002339615,16097c89a65723e2ce5174fe4b072950f573ebfb6465d0cc5dd57857f2109067
2892,hyena/cropped_images/left body/ecda2205-db0b-4160-a40f-b6825fb43770/train2022_000000001745_left_body.jpg,train2022_000000001745,left_body,1,True,center,0,0.94140625,0.6146135181257656,4d429a5c90662667852297d24b74586c5b46dc6f8048383f607c087b367712c3
2893,hyena/cropped_images/left body/ecda2205-db0b-4160-a40f-b6825fb43770/train2022_000000001978_left_body.jpg,train2022_000000001978,left_body,1,True,box_center,2,0.8984375,0.5353958432492464,6b18cb368a87b269e771d805d1dc387dd0ef6617aed866da0a1188d4b26b1c21
2894,hyena/cropped_images/left body/ecda2205-db0b-4160-a40f-b6825fb43770/train2022_000000002182_left_body.jpg,train2022_000000002182,left_body,1,True,center,0,0.9453125,0.7169197409744686,46ebd956b307a1096a8147383cee4dc4d66a7b941b8d675b48c16df35ee3a345
2895,hyena/cropped_images/left body/ecda2205-db0b-4160-a40f-b6825fb43770/train2022_000000002196_left_body.jpg,train2022_000000002196,left_body,1,True,center,2,0.953125,0.5609124837967864,adbcb81e983c8bbfef32757b950e99a8052835d71dc102f7c0cee26797522a26
2896,hyena/cropped_images/left body/ecda2205-db0b-4160-a40f-b6825fb43770/train2022_000000002239_left_body.jpg,train2022_000000002239,left_body,1,True,center,0,0.96484375,0.5802697979359269,3c140d9b5472f3fc4fb4d03b39f2a263ea45a0a932d452c45621cd0d6dd5bc09
2897,hyena/cropped_images/left body/ecda2205-db0b-4160-a40f-b6825fb43770/train2022_000000002765_left_body.jpg,train2022_000000002765,left_body,1,True,center,0,0.96484375,0.6081474050105269,f033f105027c25315c23ddb18fd07bc71ee88a4f4994277327294717a073fb19
2898,hyena/cropped_images/left body/ecda2205-db0b-4160-a40f-b6825fb43770/train2022_000000003017_left_body.jpg,train2022_000000003017,left_body,1,True,box_center,2,0.94140625,0.5758178566055399,1db961de960e139bd8d46a31c0c07457abb437beabfa0a45d3f8de87efb1a6fd
2899,hyena/cropped_images/left body/ed4a92c6-3d4e-40e0-b055-3175620123c1/train2022_000000000055_left_body.jpg,train2022_000000000055,left_body,1,True,center,0,0.96875,0.6288326589513596,b13f28f88d5a49205b8c704c4ba6ea8110c26859256786d19e95ef38e38e9a42
2900,hyena/cropped_images/left body/ed4a92c6-3d4e-40e0-b055-3175620123c1/train2022_000000001176_left_body.jpg,train2022_000000001176,left_body,1,True,center,0,0.9453125,0.5354082507038805,8a007f95163ee64a8324a9bf2f49474469635c785e4bc957051157e6b20c85fc
2901,hyena/cropped_images/left body/ed4a92c6-3d4e-40e0-b055-3175620123c1/train2022_000000001905_left_body.jpg,train2022_000000001905,left_body,1,True,center,2,0.94921875,0.7070546688554441,24ac1049b70aac675599b5bcf5cf27dfceb18f197014b459affa2e1efb9f883d
2902,hyena/cropped_images/left body/eeed33f6-863c-49df-a1e3-1f711738b244/train2022_000000000204_left_body.jpg,train2022_000000000204,left_body,1,True,box_center,0,0.90234375,0.8928882279646633,d64c8fee0fabe5297f08a48ddca3e009b18e6c597e49ba9b89ec393667c9102b
2903,hyena/cropped_images/left body/eeed33f6-863c-49df-a1e3-1f711738b244/train2022_000000000237_left_body.jpg,train2022_000000000237,left_body,1,True,box_center,2,0.94921875,0.6795710455764075,55f528bd4f751b6b34a8ad9bf800d96b9db523b1144d84f5a12156673c1f12d9
2904,hyena/cropped_images/left body/eeed33f6-863c-49df-a1e3-1f711738b244/train2022_000000000538_left_body.jpg,train2022_000000000538,left_body,1,True,box_center,2,0.9296875,0.6658729808190356,a00e1870d8fbefa43211f5e48d5fa045a2f04f533123a330de9ffff6f561a216
2905,hyena/cropped_images/left body/eeed33f6-863c-49df-a1e3-1f711738b244/train2022_000000000623_left_body.jpg,train2022_000000000623,left_body,1,True,box_center,2,0.953125,0.568275562409733,d512d110e04b2752521a4d08d7a98278e67e6125767d148bcf7953265e9720a6
2906,hyena/cropped_images/left body/eeed33f6-863c-49df-a1e3-1f711738b244/train2022_000000000670_left_body.jpg,train2022_000000000670,left_body,1,True,center,0,0.9765625,0.5697116039560799,b623dfca9b22a431b0eb34fee602fa65af56a0c2369dc3d55e6e2f3de046d2b4
2907,hyena/cropped_images/left body/eeed33f6-863c-49df-a1e3-1f711738b244/train2022_000000000792_left_body.jpg,train2022_000000000792,left_body,1,True,center,2,0.9375,0.6571481914410027,973d4cef66b0cc8a517b60fa46d88fbea46d359a3dd01fbc64b1052f47f0cec1
2908,hyena/cropped_images/left body/eeed33f6-863c-49df-a1e3-1f711738b244/train2022_000000000944_left_body.jpg,train2022_000000000944,left_body,1,True,box_center,2,0.96484375,0.7090408102472445,bbf5c0291b320e7dcf5e17ed0829b1c0fdf9c7fc9119afae3fb9e43a6a38995c
2909,hyena/cropped_images/left body/eeed33f6-863c-49df-a1e3-1f711738b244/train2022_000000001179_left_body.jpg,train2022_000000001179,left_body,1,True,box_center,2,0.94140625,0.6611403567471913,f770b46912694a623dcff6e648664a1a4f6fd2dfc287fff827fb673d87e95466
2910,hyena/cropped_images/left body/eeed33f6-863c-49df-a1e3-1f711738b244/train2022_000000001369_left_body.jpg,train2022_000000001369,left_body,1,True,box_center,2,0.90234375,0.4982092445118611,a5be48ab43db5e4eb71dc901554182253991c3f97a018bf935b551e17c1ebac7
2911,hyena/cropped_images/left body/eeed33f6-863c-49df-a1e3-1f711738b244/train2022_000000001892_left_body.jpg,train2022_000000001892,left_body,1,True,box_center,2,0.9140625,0.7256407553656421,5a431fd913a5f55a62f0e7f85f06251885e7d555a601e44785be637e9b8f59e7
2912,hyena/cropped_images/left body/eeed33f6-863c-49df-a1e3-1f711738b244/train2022_000000001977_left_body.jpg,train2022_000000001977,left_body,1,True,box_center,2,0.9609375,0.5522738868636804,5380a508e252d20789ac6ac489c74a376637c7466cf5528dc26748e90fc15d34
2913,hyena/cropped_images/left body/eeed33f6-863c-49df-a1e3-1f711738b244/train2022_000000002178_left_body.jpg,train2022_000000002178,left_body,1,True,box_center,2,0.890625,0.5409871778145915,9edb155f74ef1768f25fcf98f6dc75a0ccfc366361064bcb6509c004046e2d38
2914,hyena/cropped_images/left body/eeed33f6-863c-49df-a1e3-1f711738b244/train2022_000000002400_left_body.jpg,train2022_000000002400,left_body,1,True,box_center,2,0.94921875,0.5511714116251483,14a59b545bb6773af6f4ff06f1f6f441f98d5f230234d20f5ba8fa783e8ac28a
2915,hyena/cropped_images/left body/ef582f4d-8d4e-4962-aeb4-3fd48824c85f/train2022_000000000782_left_body.jpg,train2022_000000000782,left_body,1,True,box_center,0,0.95703125,0.682266116197115,965f2398caf5db5c46d398082d91425ec9b0ebb1b7f73420163d4946bdce60b1
2916,hyena/cropped_images/left body/ef582f4d-8d4e-4962-aeb4-3fd48824c85f/train2022_000000000981_left_body.jpg,train2022_000000000981,left_body,1,True,box_center,2,0.9296875,0.5134873400813322,cc08543ff0adb04d99f67acc134dbf3c7ab0e71bdd6e4c23f57f554efa75c900
2917,hyena/cropped_images/left body/ef582f4d-8d4e-4962-aeb4-3fd48824c85f/train2022_000000002169_left_body.jpg,train2022_000000002169,left_body,1,True,center,2,0.88671875,0.4735887535887536,8dc0e9243e6ec3a895babdcc122073c910b025bdc9d027308368bb3e42fc57fc
2918,hyena/cropped_images/left body/ef582f4d-8d4e-4962-aeb4-3fd48824c85f/train2022_000000002793_left_body.jpg,train2022_000000002793,left_body,1,True,center,0,0.9765625,0.581582917820551,7089a8834e7605f0cc8cce3ee1d9bd6f20f00505d6b561af49ffd80a53ce5180
2919,hyena/cropped_images/left body/f0981810-e7ce-4e48-b699-c17fbbca7f3c/train2022_000000000160_left_body.jpg,train2022_000000000160,left_body,1,True,box_center,2,0.88671875,0.8102059565013032,ecab58f78caeacc7d8cbea49147d96a9fe995f717e72f9a3bbc77a7a8bec1bf9
2920,hyena/cropped_images/left body/f0981810-e7ce-4e48-b699-c17fbbca7f3c/train2022_000000002919_left_body.jpg,train2022_000000002919,left_body,1,True,box_center,0,0.95703125,0.7014348785871964,3636cd92dbe87938ab6f45d07836d989e3939c84dbab8fb22bb77a6cbe7046f0
2921,hyena/cropped_images/left body/f1aa3589-f203-4455-a293-86f392932895/train2022_000000000073_left_body.jpg,train2022_000000000073,left_body,1,True,center,0,0.98046875,0.5782148925537232,6328f4f43a6d0fa01ed365aa168211a235de645e43701b11e9fdd330912eeb5e
2922,hyena/cropped_images/left body/f1aa3589-f203-4455-a293-86f392932895/train2022_000000000180_left_body.jpg,train2022_000000000180,left_body,1,True,center,0,0.98046875,0.5895488455903404,338d650fec1a81dc0f98b0f34b1deadff652190e53ab6873534eac3a0f3405cb
2923,hyena/cropped_images/left body/f1aa3589-f203-4455-a293-86f392932895/train2022_000000000229_left_body.jpg,train2022_000000000229,left_body,1,True,center,0,0.98046875,0.5732457583735556,e2ac8bfcf92ae92793c604b9a3dd821d8873ce6626c39a71ee37c667d3cb2ae0
2924,hyena/cropped_images/left body/f1aa3589-f203-4455-a293-86f392932895/train2022_000000000277_left_body.jpg,train2022_000000000277,left_body,1,True,center,0,0.96875,0.5026216125855661,8fb485bd57d6573603697bbe07dc649667ee570c38768c9916bf768513a3c89c
2925,hyena/cropped_images/left body/f1aa3589-f203-4455-a293-86f392932895/train2022_000000000309_left_body.jpg,train2022_000000000309,left_body,1,True,center,0,0.9765625,0.5918256923086147,b202d1e944df1d7f1ab8893af64b16eacbc8995040cfff3ee08ba8b8067e947d
2926,hyena/cropped_images/left body/f1aa3589-f203-4455-a293-86f392932895/train2022_000000000429_left_body.jpg,train2022_000000000429,left_body,1,True,center,0,0.9765625,0.6294157308595476,e85e8a6576cb940968836eaa09e3ffa2ef4ed8ef9fe3271267853f64be4515b2
2927,hyena/cropped_images/left body/f1aa3589-f203-4455-a293-86f392932895/train2022_000000000513_left_body.jpg,train2022_000000000513,left_body,1,True,center,0,0.95703125,0.6527197305221134,9984511e6860c1972c28f341f5972db6ce14d7c35480fbceb6e98399e1323622
2928,hyena/cropped_images/left body/f1aa3589-f203-4455-a293-86f392932895/train2022_000000000733_left_body.jpg,train2022_000000000733,left_body,1,True,center,0,0.984375,0.6317898516132936,8998594cf9949dd69a17ad694c6966b359e2ac2db272e5dbc202eb6f362899d7
2929,hyena/cropped_images/left body/f1aa3589-f203-4455-a293-86f392932895/train2022_000000000752_left_body.jpg,train2022_000000000752,left_body,1,True,center,0,0.984375,0.625728025833007,884f9729188b7cc1056946d09238e8ed2a474e542d1c079218c14efcb35c70d8
2930,hyena/cropped_images/left body/f1aa3589-f203-4455-a293-86f392932895/train2022_000000000797_left_body.jpg,train2022_000000000797,left_body,1,True,center,0,0.984375,0.6442954996146486,e9e58d7010fd0e681b68bc20acd7ce2c1bf2466d3f564b30ae1a22c42d09b6f8
2931,hyena/cropped_images/left body/f1aa3589-f203-4455-a293-86f392932895/train2022_000000000831_left_body.jpg,train2022_000000000831,left_body,1,True,center,0,0.984375,0.5857020757020757,701d51bb382c9c2b42fe840bf0958b4be99dfcf07eee7b5c4a5f459de457c85b
2932,hyena/cropped_images/left body/f1aa3589-f203-4455-a293-86f392932895/train2022_000000000924_left_body.jpg,train2022_000000000924,left_body,1,True,center,0,0.9765625,0.5042662116040956,c939c7b83208d0f1f4d63113078bdddf5bfd1e09846b7eb366213e0b2ef7c1d1
2933,hyena/cropped_images/left body/f1aa3589-f203-4455-a293-86f392932895/train2022_000000001222_left_body.jpg,train2022_000000001222,left_body,1,True,center,0,0.984375,0.6431823934561635,b00ae0c3d0fae8af44e81992c9f745613267cf4828a38db3a5f9f640769129a0
2934,hyena/cropped_images/left body/f1aa3589-f203-4455-a293-86f392932895/train2022_000000001263_left_body.jpg,train2022_000000001263,left_body,1,True,center,0,0.98046875,0.6557665022633605,2a149b668e998bcac54a56924557f35593231fc8f7503d881aebb5dd8974b51c
2935,hyena/cropped_images/left body/f1aa3589-f203-4455-a293-86f392932895/train2022_000000001635_left_body.jpg,train2022_000000001635,left_body,1,True,center,0,0.98046875,0.5814295530988921,2e2b78f25a4e86c181713036b37805b1d1501502e5ecbefd8c978c7d3251b262
2936,hyena/cropped_images/left body/f1aa3589-f203-4455-a293-86f392932895/train2022_000000001941_left_body.jpg,train2022_000000001941,left_body,1,True,center,0,0.98828125,0.6338546586567768,9fd71dc0db89df1fc555c1e630a92ab4a6960151f94e15cdab23f906bd3439af
2937,hyena/cropped_images/left body/f1aa3589-f203-4455-a293-86f392932895/train2022_000000002000_left_body.jpg,train2022_000000002000,left_body,1,True,center,0,0.98046875,0.7618686315873269,1cb6721be3f659ca2dbca52efa4653c578e095ec0707d6db014f1596868c0f73
2938,hyena/cropped_images/left body/f1aa3589-f203-4455-a293-86f392932895/train2022_000000002040_left_body.jpg,train2022_000000002040,left_body,1,True,center,0,0.984375,0.5790386990860084,a60243846d0f1d5331f6d2af00c774c398a39fa297adce9632c9796d394398e1
2939,hyena/cropped_images/left body/f1aa3589-f203-4455-a293-86f392932895/train2022_000000002161_left_body.jpg,train2022_000000002161,left_body,1,True,center,0,0.984375,0.7463111607848449,0449dba54f41326d4beea6d84372784b16ae65cf29e07093e8b75ebd4836ea3c
2940,hyena/cropped_images/left body/f1aa3589-f203-4455-a293-86f392932895/train2022_000000002290_left_body.jpg,train2022_000000002290,left_body,1,True,center,0,0.98828125,0.5938665007182696,ba19de3d70fe65ae3c6a3ee1d90a7f4b83e0da852adce64c97f2c9b27f7d2594
2941,hyena/cropped_images/left body/f1aa3589-f203-4455-a293-86f392932895/train2022_000000002851_left_body.jpg,train2022_000000002851,left_body,1,True,center,0,0.9765625,0.6284453216111958,ca74904efcf9ca17e000c90e31d4e90f8e2cd2a21adc7e65927a7ec890a45e7f
2942,hyena/cropped_images/left body/f1aa3589-f203-4455-a293-86f392932895/train2022_000000002856_left_body.jpg,train2022_000000002856,left_body,1,True,center,0,0.9765625,0.5647742197156984,86c29fc3894dde5acef67a62bf5448ddf17903d16b51ca2b7f55db8bf2770fed
2943,hyena/cropped_images/left body/f1aa3589-f203-4455-a293-86f392932895/train2022_000000003041_left_body.jpg,train2022_000000003041,left_body,1,True,center,0,0.984375,0.6669778159346222,3e82f4f5adcd1412c2bed09e0622c33c4547a12f89fba57e68200513e18f96ce
2944,hyena/cropped_images/left body/f283fa30-6a63-47e6-82f5-0db96d01feb0/train2022_000000002267_left_body.jpg,train2022_000000002267,left_body,1,True,box_center,0,0.96484375,0.5803645972227306,4be953f1c83ec9c98b8fa3504e8983b900e2a9ba69bc65785a4f241c797c70d6
2945,hyena/cropped_images/left body/f4a2038b-8da9-451e-ae71-80cb90cb07b3/train2022_000000000823_left_body.jpg,train2022_000000000823,left_body,1,True,center,0,0.9609375,0.41025267020774475,89341aff056ac36d1abc2d0d2cee15f8a6fe8d0fcd40dcfa6719d1fe4ee9a791
2946,hyena/cropped_images/left body/f4a2038b-8da9-451e-ae71-80cb90cb07b3/train2022_000000000954_left_body.jpg,train2022_000000000954,left_body,1,True,center,0,0.9765625,0.5466228120709354,863a752f8e3731aca714b426f5862a2531fb3d446101d4d82581f44e108468eb
2947,hyena/cropped_images/left body/f4a2038b-8da9-451e-ae71-80cb90cb07b3/train2022_000000001238_left_body.jpg,train2022_000000001238,left_body,1,True,box_center,0,0.94140625,0.8852113827287611,07ba498a7d748f31442cd9e7b1b3add7202434b7dc157e4e07ed0917c061f1c3
2948,hyena/cropped_images/left body/f4a2038b-8da9-451e-ae71-80cb90cb07b3/train2022_000000002044_left_body.jpg,train2022_000000002044,left_body,1,True,box_center,2,0.91015625,0.591813095497898,e21dd191e0c97b9eb12429fb1f020e1825af68f9195c5af3c72936594dd9197d
2949,hyena/cropped_images/left body/f4a2038b-8da9-451e-ae71-80cb90cb07b3/train2022_000000002121_left_body.jpg,train2022_000000002121,left_body,1,False,box_center,0,0.84375,0.8368483474777292,
2950,hyena/cropped_images/left body/f4a2038b-8da9-451e-ae71-80cb90cb07b3/train2022_000000003014_left_body.jpg,train2022_000000003014,left_body,1,True,box_center,2,0.91796875,0.5340633507393622,45598145bbed7004ebeaef3fc08aa7e0a3718b5c842999fae15df693949a2cf2
2951,hyena/cropped_images/left body/f5536888-9190-4314-a13f-7ca19b1f07a9/train2022_000000000247_left_body.jpg,train2022_000000000247,left_body,1,True,center,0,0.97265625,0.5388098285389241,3fa7522409ff53746f511a7d069198bc337c76464aad3256f7f5c73b0a5e702a
2952,hyena/cropped_images/left body/f5536888-9190-4314-a13f-7ca19b1f07a9/train2022_000000000983_left_body.jpg,train2022_000000000983,left_body,1,True,box_center,0,0.96875,0.5621597850629233,1430301af6d1cb054810c3879ab2db33025c298669b8d6389a0e7f1ce6f44331
2953,hyena/cropped_images/left body/f5536888-9190-4314-a13f-7ca19b1f07a9/train2022_000000001003_left_body.jpg,train2022_000000001003,left_body,1,True,box_center,0,0.96875,0.6309470573793491,1162db34069e1aff07b527b81a297fc171905b3afef91e7a9c6d81317420c14f
2954,hyena/cropped_images/left body/f5536888-9190-4314-a13f-7ca19b1f07a9/train2022_000000001449_left_body.jpg,train2022_000000001449,left_body,1,True,box_center,0,0.9765625,0.639088440783168,116bd3761a97507951a037ad37b654efe24840718585f39b1e51dfc05a399b9e
2955,hyena/cropped_images/left body/f5536888-9190-4314-a13f-7ca19b1f07a9/train2022_000000001715_left_body.jpg,train2022_000000001715,left_body,1,True,center,0,0.93359375,0.5274158047488264,3de108b8ce6486e7882fe83885615276b5a6da99013f92d2c15bbf4cb28bb876
2956,hyena/cropped_images/left body/f5536888-9190-4314-a13f-7ca19b1f07a9/train2022_000000002005_left_body.jpg,train2022_000000002005,left_body,1,True,box_center,2,0.921875,0.47951913341638847,2371c63f37289c6d7e91044716f45870afc2175b7106725df0dac85349140316
2957,hyena/cropped_images/left body/f83057a7-a975-4900-a056-99f453bdf15f/train2022_000000000351_left_body.jpg,train2022_000000000351,left_body,1,True,box_center,2,0.95703125,0.5231484136085627,4c1c03c63151e3bb27b6570d625c15e4cbdadc12aff3519e34bc168030ae9fc4
2958,hyena/cropped_images/left body/f83057a7-a975-4900-a056-99f453bdf15f/train2022_000000001469_left_body.jpg,train2022_000000001469,left_body,1,True,center,0,0.97265625,0.5057464519864182,f1189b6ca756285f258c9d645ca50beb3de5b049e1a309a8293c8765a1b5e3d3
2959,hyena/cropped_images/left body/fa2abd16-8947-4685-9d94-a389233cba74/train2022_000000000043_left_body.jpg,train2022_000000000043,left_body,1,True,center,0,0.984375,0.6188311346638102,bb04cecdf127ee8b3f19dda15dbc2a85246811d21a9a28fc9b40aa789c240b65
2960,hyena/cropped_images/left body/fa2abd16-8947-4685-9d94-a389233cba74/train2022_000000000648_left_body.jpg,train2022_000000000648,left_body,1,True,box_center,2,0.9765625,0.5995792637114952,78b04e36e24a06fb86e00a182948ac96a9f23f910a86914dd47fde4f64830881
2961,hyena/cropped_images/left body/fa2abd16-8947-4685-9d94-a389233cba74/train2022_000000000712_left_body.jpg,train2022_000000000712,left_body,1,True,center,0,0.96875,0.7283840106090745,4c76d6229455800888c1537089d08b6789fa5bbe1969b6d2ee0e78c8ea51fcae
2962,hyena/cropped_images/left body/fa2abd16-8947-4685-9d94-a389233cba74/train2022_000000001097_left_body.jpg,train2022_000000001097,left_body,1,True,center,0,0.9609375,0.7068254278092264,625f6f4cc5babd6918ee97e7b2a12e2e855826d06659639325946b3bd2c4d435
2963,hyena/cropped_images/left body/fa2abd16-8947-4685-9d94-a389233cba74/train2022_000000001375_left_body.jpg,train2022_000000001375,left_body,1,True,box_center,2,0.88671875,0.42156109446209983,de9cb61387f728307d47ab55144e8cf23b646d604b7629fc923f2953e7d32c96
2964,hyena/cropped_images/left body/fa2abd16-8947-4685-9d94-a389233cba74/train2022_000000002882_left_body.jpg,train2022_000000002882,left_body,1,True,center,0,0.97265625,0.8553250976964212,21aa74f3cd9b60832c79b6344d1dc88d3b9e395a1920a4888837242c6a8a52b9
2965,hyena/cropped_images/left body/fac82e27-beb0-4e8e-bf1f-13a381f0d459/train2022_000000002494_left_body.jpg,train2022_000000002494,left_body,1,True,center,0,0.94921875,0.4632695735636912,bb1ef2de2daf00441278d40b081e9552e84f92fa5765fc1dfa84b81eeb95f689
2966,hyena/cropped_images/left body/faf75b6e-88a9-4213-ad92-b3c8d1accdfc/train2022_000000000828_left_body.jpg,train2022_000000000828,left_body,1,True,center,0,0.96875,0.6708427215946013,38d028687dc3d4698b8c45830a315648d9fc45930e079a61965dc0585f513eb8
2967,hyena/cropped_images/left body/faf75b6e-88a9-4213-ad92-b3c8d1accdfc/train2022_000000001428_left_body.jpg,train2022_000000001428,left_body,1,True,center,0,0.96484375,0.5388231657512738,71383ebd4a27f4ac154ae0f2155d1a8779ac60a95fa55c82c90fef4b99a1d81b
2968,hyena/cropped_images/left body/faf75b6e-88a9-4213-ad92-b3c8d1accdfc/train2022_000000001632_left_body.jpg,train2022_000000001632,left_body,1,True,center,0,0.98046875,0.6405931731104145,13c180ed4a4edeab2861fcc8e2b257646607a91fe115f51bf3fc52fcc1ea885e
2969,hyena/cropped_images/left body/fb14f620-2472-467f-a38d-b2d0a2b8081c/train2022_000000000030_left_body.jpg,train2022_000000000030,left_body,1,True,center,0,0.921875,0.34756085324985453,08098d99638b80e44380d9bdedd7700332648c92e07441831983d892113db9cf
2970,hyena/cropped_images/left body/fb14f620-2472-467f-a38d-b2d0a2b8081c/train2022_000000001537_left_body.jpg,train2022_000000001537,left_body,1,True,center,0,0.9140625,0.5730796606694545,5d26c7b32aecc2659c6e7a0ed319a864fd968eaa3a682336b6e0533d5b03ac49
2971,hyena/cropped_images/left body/fb14f620-2472-467f-a38d-b2d0a2b8081c/train2022_000000001697_left_body.jpg,train2022_000000001697,left_body,1,True,box_center,2,0.8671875,0.5706994374757532,7225d422937b8b181cb354810527c0d7b9b4a7fb3f39cb0179426ca2a3f1c5a9
2972,hyena/cropped_images/left body/fd17ea5e-9fc6-4027-9f2f-5d5a5e67d653/train2022_000000000774_left_body.jpg,train2022_000000000774,left_body,1,True,center,0,0.9609375,0.4831354305773319,dca1ca09d29c3f30013ef19964cb35ea2dd4e629087c96f2f1e61f580bb3c637
2973,hyena/cropped_images/left body/fd56348b-a8c7-4635-800f-bf5f8c3dd4a0/train2022_000000000642_left_body.jpg,train2022_000000000642,left_body,1,True,center,0,0.98828125,0.6091857825271965,672ff01a433d8533861e556b87f1ffd8b833a987cbc0719f2577cc6c9e0ac86b
2974,hyena/cropped_images/left body/fd56348b-a8c7-4635-800f-bf5f8c3dd4a0/train2022_000000000659_left_body.jpg,train2022_000000000659,left_body,1,True,box_center,2,0.921875,0.727476034073006,4b0fb397c324ae270366d6d42030a304c9f5f5feacd6a29b9302b9943d625c2e
2975,hyena/cropped_images/left body/fd56348b-a8c7-4635-800f-bf5f8c3dd4a0/train2022_000000001395_left_body.jpg,train2022_000000001395,left_body,1,True,box_center,2,0.9609375,0.5286195858073313,0ef5a1155faabd980ada8f78f184636865d78b3582bd452738b4a3a948732979
2976,hyena/cropped_images/left body/fd56348b-a8c7-4635-800f-bf5f8c3dd4a0/train2022_000000001518_left_body.jpg,train2022_000000001518,left_body,1,True,center,2,0.90234375,0.4231137360853675,b2565d39a2a1d05f4e657a7971b54667585c5581618d0913e6bb2acf07541f04
2977,hyena/cropped_images/left body/fd56348b-a8c7-4635-800f-bf5f8c3dd4a0/train2022_000000001589_left_body.jpg,train2022_000000001589,left_body,1,True,box_center,2,0.9453125,0.5406937859341541,d25b0a61dbdec0d5d0830132720183dc6e8d43af1b344455b28340ba590b4b6c
2978,hyena/cropped_images/left body/fd56348b-a8c7-4635-800f-bf5f8c3dd4a0/train2022_000000001860_left_body.jpg,train2022_000000001860,left_body,1,True,center,2,0.96484375,0.4169930377032382,1b38db69da51c6f4a8e6d0e86c66297abe4a87aa1a60c723d5478d31ef6cf9e0
2979,hyena/cropped_images/left body/fd56348b-a8c7-4635-800f-bf5f8c3dd4a0/train2022_000000002194_left_body.jpg,train2022_000000002194,left_body,1,True,center,0,0.98046875,0.6088544840982025,4992fb2eb91394e37411354c6751258cfec3d017d80031c611c149defdfe2394
2980,hyena/cropped_images/left body/fd56348b-a8c7-4635-800f-bf5f8c3dd4a0/train2022_000000002647_left_body.jpg,train2022_000000002647,left_body,1,True,box_center,0,0.86328125,0.8301735218508998,99b921e121cf53fc21d35b5b2496c964a24983762e5a5d335ab33cbbd5694022
2981,hyena/cropped_images/left body/fdcab2e1-312d-4116-bdef-7bfdfcefe705/train2022_000000001832_left_body.jpg,train2022_000000001832,left_body,1,True,box_center,2,0.90625,0.5142103983123583,ba91786e66cab083f698bffaeb513e355921dd44c8c8db949a1a1f1b620d898c
2982,hyena/cropped_images/left body/fe44d727-75e4-4452-9428-95a5f3c7ea73/train2022_000000000362_left_body.jpg,train2022_000000000362,left_body,1,True,box_center,2,0.90234375,0.5463494065752729,fcdc1fad936ca089d839810633bc5f0e43f0d09050446ef0a1c24048f43fc1b0
2983,hyena/cropped_images/left body/fe44d727-75e4-4452-9428-95a5f3c7ea73/train2022_000000000629_left_body.jpg,train2022_000000000629,left_body,1,True,box_center,2,0.90625,0.5717080739722061,09cadfabf868a8b28d121aa87f7e093613ee0ff4831adcbf07d67408cb3d31bb
2984,hyena/cropped_images/left body/fe44d727-75e4-4452-9428-95a5f3c7ea73/train2022_000000001166_left_body.jpg,train2022_000000001166,left_body,1,True,box_center,2,0.859375,0.6782499783479125,c30a35799fc30f1105421ed86f9bd1f0e917120cfc937bba1c783f4ed98b025f
2985,hyena/cropped_images/left body/fe44d727-75e4-4452-9428-95a5f3c7ea73/train2022_000000001350_left_body.jpg,train2022_000000001350,left_body,1,True,box_center,2,0.85546875,0.6743815484788042,0543321f43e680412b55f0eedcec899d8283dea05fedc8c23bb79e9dcdee0b1f
2986,hyena/cropped_images/left body/fe44d727-75e4-4452-9428-95a5f3c7ea73/train2022_000000002009_left_body.jpg,train2022_000000002009,left_body,1,False,box_center,0,0.8359375,0.8733341718813874,
2987,hyena/cropped_images/left body/fe44d727-75e4-4452-9428-95a5f3c7ea73/train2022_000000002203_left_body.jpg,train2022_000000002203,left_body,1,True,center,0,0.94921875,0.608826202046541,6384e354565ac744bd898baa50ea2d80500470b8bb071cebd55c5d34b4b66482
2988,hyena/cropped_images/left body/fee1977a-deac-4eb4-a1ba-5a5f669a9817/train2022_000000000010_left_body.jpg,train2022_000000000010,left_body,1,True,box_center,2,0.90625,0.5820149789678876,37509339a56a6b2bcf56e4775f44b21db69f3e5d25d122c621b17ab727667bea
2989,hyena/cropped_images/left body/fee1977a-deac-4eb4-a1ba-5a5f669a9817/train2022_000000000086_left_body.jpg,train2022_000000000086,left_body,1,True,center,0,0.94140625,0.8990724408866083,8c6da694b8b0d362c69c160817b98c41bba11a37db3ca30ff1f453b4c525b446
2990,hyena/cropped_images/left body/fee1977a-deac-4eb4-a1ba-5a5f669a9817/train2022_000000000164_left_body.jpg,train2022_000000000164,left_body,1,False,box_center,0,0.734375,0.7003630001584251,
2991,hyena/cropped_images/left body/fee1977a-deac-4eb4-a1ba-5a5f669a9817/train2022_000000000192_left_body.jpg,train2022_000000000192,left_body,1,False,box_center,0,0.703125,0.7792138097580609,
2992,hyena/cropped_images/left body/fee1977a-deac-4eb4-a1ba-5a5f669a9817/train2022_000000000287_left_body.jpg,train2022_000000000287,left_body,1,True,center,0,0.95703125,0.6173617141587737,69473dbf7c839a2df72d271000cedf0947f4c7fe7428ea940e2c1b7846ae81cc
2993,hyena/cropped_images/left body/fee1977a-deac-4eb4-a1ba-5a5f669a9817/train2022_000000000361_left_body.jpg,train2022_000000000361,left_body,1,False,box_center,0,0.74609375,0.8792021456657032,
2994,hyena/cropped_images/left body/fee1977a-deac-4eb4-a1ba-5a5f669a9817/train2022_000000000366_left_body.jpg,train2022_000000000366,left_body,1,False,box_center,2,0.578125,0.16938769044148932,
2995,hyena/cropped_images/left body/fee1977a-deac-4eb4-a1ba-5a5f669a9817/train2022_000000000450_left_body.jpg,train2022_000000000450,left_body,1,False,box_center,0,0.6328125,0.7958742072416378,
2996,hyena/cropped_images/left body/fee1977a-deac-4eb4-a1ba-5a5f669a9817/train2022_000000000464_left_body.jpg,train2022_000000000464,left_body,1,True,center,0,0.98046875,0.6237824765723196,90dd4f8aada9d9e8b2f9aa47db9584bf1f26056d8e1be49f557822ad5df87367
2997,hyena/cropped_images/left body/fee1977a-deac-4eb4-a1ba-5a5f669a9817/train2022_000000000486_left_body.jpg,train2022_000000000486,left_body,1,True,box_center,0,0.90234375,0.8938293975903614,827b4d5c81eff7f8c4aede530318bef619bfdb56e7935b5ade516d3a56db1a9c
2998,hyena/cropped_images/left body/fee1977a-deac-4eb4-a1ba-5a5f669a9817/train2022_000000000489_left_body.jpg,train2022_000000000489,left_body,1,True,center,0,0.98046875,0.6813793103448276,406d8b9db13d4ef85a244f2869453cbd9d116fb4d9371ef1ca833094aea27d60
2999,hyena/cropped_images/left body/fee1977a-deac-4eb4-a1ba-5a5f669a9817/train2022_000000000582_left_body.jpg,train2022_000000000582,left_body,1,False,box_center,0,0.70703125,0.8754094309607623,
3000,hyena/cropped_images/left body/fee1977a-deac-4eb4-a1ba-5a5f669a9817/train2022_000000000662_left_body.jpg,train2022_000000000662,left_body,1,False,box_center,2,0.76171875,0.2708671536796537,
3001,hyena/cropped_images/left body/fee1977a-deac-4eb4-a1ba-5a5f669a9817/train2022_000000000666_left_body.jpg,train2022_000000000666,left_body,1,False,box_center,0,0.75,0.8008086196312525,
3002,hyena/cropped_images/left body/fee1977a-deac-4eb4-a1ba-5a5f669a9817/train2022_000000000748_left_body.jpg,train2022_000000000748,left_body,1,True,center,0,0.984375,0.5221284432975798,7fdd6008a3c58506c388b0da0dbf2f394d81f3240fcd9ec9bae75011d03f2270
3003,hyena/cropped_images/left body/fee1977a-deac-4eb4-a1ba-5a5f669a9817/train2022_000000000852_left_body.jpg,train2022_000000000852,left_body,1,False,box_center,2,0.78515625,0.23881377496010694,
3004,hyena/cropped_images/left body/fee1977a-deac-4eb4-a1ba-5a5f669a9817/train2022_000000001008_left_body.jpg,train2022_000000001008,left_body,1,True,center,2,0.890625,0.3533480118325369,9cdea76c8bb743045206cfc2927bfffcac0c4a90ad0dfd6149a7ed1c47f0fc53
3005,hyena/cropped_images/left body/fee1977a-deac-4eb4-a1ba-5a5f669a9817/train2022_000000001161_left_body.jpg,train2022_000000001161,left_body,1,True,center,0,0.984375,0.6692076815884298,8357b11882fe7af0115fedcce1d99d3d1bb51b25cdd7864f441a6ddc8761be25
3006,hyena/cropped_images/left body/fee1977a-deac-4eb4-a1ba-5a5f669a9817/train2022_000000001163_left_body.jpg,train2022_000000001163,left_body,1,False,box_center,0,0.74609375,0.8555913613749435,
3007,hyena/cropped_images/left body/fee1977a-deac-4eb4-a1ba-5a5f669a9817/train2022_000000001184_left_body.jpg,train2022_000000001184,left_body,1,False,box_center,2,0.84375,0.4254899593545012,
3008,hyena/cropped_images/left body/fee1977a-deac-4eb4-a1ba-5a5f669a9817/train2022_000000001318_left_body.jpg,train2022_000000001318,left_body,1,False,box_center,0,0.73046875,0.6847876496581098,
3009,hyena/cropped_images/left body/fee1977a-deac-4eb4-a1ba-5a5f669a9817/train2022_000000001588_left_body.jpg,train2022_000000001588,left_body,1,True,center,0,0.98046875,0.6518498401267953,ae8824a7f2c634bb79535321bc5f357761acaa55b24e031195517e13879f2b34
3010,hyena/cropped_images/left body/fee1977a-deac-4eb4-a1ba-5a5f669a9817/train2022_000000001638_left_body.jpg,train2022_000000001638,left_body,1,True,center,0,0.96875,0.594939071001394,edace6273f55e975c43dbcdbcc2716db58e0734691a6924d9b2d09ad4c972b15
3011,hyena/cropped_images/left body/fee1977a-deac-4eb4-a1ba-5a5f669a9817/train2022_000000001837_left_body.jpg,train2022_000000001837,left_body,1,True,box_center,2,0.890625,0.7894711630580571,5334c4a0bf9009bab9c03422f4de84278b2a979c29525afd8e7e864fccd5460b
3012,hyena/cropped_images/left body/fee1977a-deac-4eb4-a1ba-5a5f669a9817/train2022_000000001927_left_body.jpg,train2022_000000001927,left_body,1,True,center,0,0.98046875,0.6146437709648951,f88d5b7ab3b6b0154a0b87c1bdb8bfb31cf65cc58de678840dbd326baefceb7c
3013,hyena/cropped_images/left body/fee1977a-deac-4eb4-a1ba-5a5f669a9817/train2022_000000001966_left_body.jpg,train2022_000000001966,left_body,1,False,center,2,0.8359375,0.43159160965340954,
3014,hyena/cropped_images/left body/fee1977a-deac-4eb4-a1ba-5a5f669a9817/train2022_000000002061_left_body.jpg,train2022_000000002061,left_body,1,True,center,0,0.921875,0.5381949666616533,8b3819f76d46389b3cb5af70af1f86f4cad9522bca36bb27819e5eb750dfb8cd
3015,hyena/cropped_images/left body/fee1977a-deac-4eb4-a1ba-5a5f669a9817/train2022_000000002264_left_body.jpg,train2022_000000002264,left_body,1,False,center,0,0.83984375,0.5505488566593723,
3016,hyena/cropped_images/left body/fee1977a-deac-4eb4-a1ba-5a5f669a9817/train2022_000000002275_left_body.jpg,train2022_000000002275,left_body,1,False,box_center,0,0.80078125,0.8924891882507063,
3017,hyena/cropped_images/left body/fee1977a-deac-4eb4-a1ba-5a5f669a9817/train2022_000000002528_left_body.jpg,train2022_000000002528,left_body,1,True,center,0,0.98046875,0.6651458138363747,0e004af0549157ffbe678e949a7ff3f7c47ff9f042d53eadf4d455362b810dd4
3018,hyena/cropped_images/left body/fee1977a-deac-4eb4-a1ba-5a5f669a9817/train2022_000000002594_left_body.jpg,train2022_000000002594,left_body,1,True,center,0,0.9296875,0.4928250609013398,6247b04fe5f869d552b74a5dd6472ef013c71e30f586567f8bf01157236b2514
3019,hyena/cropped_images/right body/02e5fbda-3d57-4b0a-be41-2b151ac1ff30/train2022_000000000022_right_body.jpg,train2022_000000000022,right_body,2,True,center,0,0.9765625,0.5820425234487735,d4b1d0266cb925290b389b96b20fba0ab1ba65f4b51d077331c64c1727b09a7f
3020,hyena/cropped_images/right body/02e5fbda-3d57-4b0a-be41-2b151ac1ff30/train2022_000000000919_right_body.jpg,train2022_000000000919,right_body,2,True,center,0,0.98828125,0.4907062795845716,ca445a41158a392487b668f01c22faedd0a7baae1188f406d91f1f7b4f559867
3021,hyena/cropped_images/right body/02e5fbda-3d57-4b0a-be41-2b151ac1ff30/train2022_000000001294_right_body.jpg,train2022_000000001294,right_body,2,True,box_center,2,0.90234375,0.4158154419651492,c643b0d5cc733600324d9e186c61b34b0616a927c76f1911fa9f8dd190a4483d
3022,hyena/cropped_images/right body/02e5fbda-3d57-4b0a-be41-2b151ac1ff30/train2022_000000001617_right_body.jpg,train2022_000000001617,right_body,2,True,box_center,2,0.94921875,0.4542649830217027,6a75a3fe610508e3b780aa611e750906e0cc951781597853563de6d1c277928d
3023,hyena/cropped_images/right body/02e5fbda-3d57-4b0a-be41-2b151ac1ff30/train2022_000000001639_right_body.jpg,train2022_000000001639,right_body,2,True,center,0,0.98046875,0.5312576955279747,0bb771dc6a109effa16adb88a0a5886349578ae5a9e031308af3356ec0905f50
3024,hyena/cropped_images/right body/02e5fbda-3d57-4b0a-be41-2b151ac1ff30/train2022_000000001747_right_body.jpg,train2022_000000001747,right_body,2,True,box_center,2,0.91796875,0.44057767928569996,c16b490e095a3c16dbbc50f44362a46b09fad0088240857dc72604a234407fa4
3025,hyena/cropped_images/right body/02e5fbda-3d57-4b0a-be41-2b151ac1ff30/train2022_000000001816_right_body.jpg,train2022_000000001816,right_body,2,True,box_center,2,0.95703125,0.4919179092029294,31c86701ea726f646f4ce1df21f5600dc85b375305f285ebdad836689388e04c
3026,hyena/cropped_images/right body/02e5fbda-3d57-4b0a-be41-2b151ac1ff30/train2022_000000002113_right_body.jpg,train2022_000000002113,right_body,2,True,center,0,0.984375,0.5621035153470278,700a64dfdc89d87741bf814fb52db941e876dab9c753048f8ace662e1b1edda2
3027,hyena/cropped_images/right body/02e5fbda-3d57-4b0a-be41-2b151ac1ff30/train2022_000000002214_right_body.jpg,train2022_000000002214,right_body,2,True,center,0,0.97265625,0.4166487706235999,04330183135e6da6e79f900da0a5a5402af99729faf9b87d192d2046124be4c1
3028,hyena/cropped_images/right body/02e5fbda-3d57-4b0a-be41-2b151ac1ff30/train2022_000000002393_right_body.jpg,train2022_000000002393,right_body,2,True,box_center,0,0.890625,0.4746157980945448,3029781c2983a11cfb8112684ffe33cf5edff23a317fa9054c293810b05a84cf
3029,hyena/cropped_images/right body/02e5fbda-3d57-4b0a-be41-2b151ac1ff30/train2022_000000002702_right_body.jpg,train2022_000000002702,right_body,2,True,center,0,0.9609375,0.43488809665280254,e31d9083499f5f2cbbdd6fbec173356ad9c08266ebbe6ccfdad169ac502d09cc
3030,hyena/cropped_images/right body/02e5fbda-3d57-4b0a-be41-2b151ac1ff30/train2022_000000002703_right_body.jpg,train2022_000000002703,right_body,2,True,box_center,0,0.9609375,0.8603327788412509,cc405f7a419f4162d72a60f121fa415e571ef82cf9ef7cce7b1c87d580472356
3031,hyena/cropped_images/right body/02e5fbda-3d57-4b0a-be41-2b151ac1ff30/train2022_000000002869_right_body.jpg,train2022_000000002869,right_body,2,True,box_center,0,0.921875,0.5575277824414255,d198842ef6bdf67f282477c9d349138d11a69bc22513cd8f712ceec8b6857d7b
3032,hyena/cropped_images/right body/02e5fbda-3d57-4b0a-be41-2b151ac1ff30/train2022_000000003018_right_body.jpg,train2022_000000003018,right_body,2,False,box_center,2,0.8125,0.5759082007282635,
3033,hyena/cropped_images/right body/02f49469-a41a-4829-b9b5-33b9f6f24a88/train2022_000000002480_right_body.jpg,train2022_000000002480,right_body,2,True,center,0,0.96875,0.573903097887838,af820b241e5fa5eb04ceed6499b93f59829b10bc45ebbea0f54127c1fc0e3494
3034,hyena/cropped_images/right body/02f49469-a41a-4829-b9b5-33b9f6f24a88/train2022_000000003003_right_body.jpg,train2022_000000003003,right_body,2,True,center,0,0.94921875,0.5299369535184076,da3e4406d997168b44602d037506b2cc66b4a779904b86af43e7c819d0d7f5d1
3035,hyena/cropped_images/right body/0469ca59-fa1d-4e41-9885-f797f7b6670b/train2022_000000000214_right_body.jpg,train2022_000000000214,right_body,2,True,center,0,0.953125,0.6370858433734939,5e8505bf737d75aba63da857d62a69a5d33640513fbc61b54f4c70020e1a9929
3036,hyena/cropped_images/right body/0469ca59-fa1d-4e41-9885-f797f7b6670b/train2022_000000001801_right_body.jpg,train2022_000000001801,right_body,2,True,center,0,0.94140625,0.6107313738892687,da7d41f1bf3a3cbdcd953e482e4d79f5bca368ac7e4b46aa88b8db508fe15421
3037,hyena/cropped_images/right body/0469ca59-fa1d-4e41-9885-f797f7b6670b/train2022_000000002880_right_body.jpg,train2022_000000002880,right_body,2,True,center,0,0.98828125,0.6262578873073513,09d8125340395eb7dd9c14bbbe659f49a7f168f688a4edd3f8bb062897344a40
3038,hyena/cropped_images/right body/06569257-d4a3-45a1-af58-688cb9a7bf5a/train2022_000000000687_right_body.jpg,train2022_000000000687,right_body,2,False,box_center,0,0.84765625,0.685817006424488,
3039,hyena/cropped_images/right body/06569257-d4a3-45a1-af58-688cb9a7bf5a/train2022_000000000827_right_body.jpg,train2022_000000000827,right_body,2,True,center,0,0.94921875,0.4855787825406146,21453803373765fe94714ee49ae1949dab3cd70c6797995fee6bb870ef676396
3040,hyena/cropped_images/right body/06569257-d4a3-45a1-af58-688cb9a7bf5a/train2022_000000000878_right_body.jpg,train2022_000000000878,right_body,2,True,center,0,0.94921875,0.5071547719568691,61327836dac6f3a1ce734d73a933fd8a8af1376a538a53fd3c3670daf6d5fc1f
3041,hyena/cropped_images/right body/06569257-d4a3-45a1-af58-688cb9a7bf5a/train2022_000000001495_right_body.jpg,train2022_000000001495,right_body,2,True,box_center,2,0.89453125,0.5955478806579917,8b3f97e867832f027047cc1953dc912712b6bd3ba67cfe1e25a75c93b3ff04b3
3042,hyena/cropped_images/right body/06569257-d4a3-45a1-af58-688cb9a7bf5a/train2022_000000002145_right_body.jpg,train2022_000000002145,right_body,2,True,box_center,2,0.859375,0.7377315404994956,c48db944d2a81c2e56b348193a8574b7bb54b2c9e3d635d0b5ef4ae0ef212eff
3043,hyena/cropped_images/right body/06fed4b8-bd2d-4410-a9b5-84f030997d01/train2022_000000001826_right_body.jpg,train2022_000000001826,right_body,2,True,box_center,2,0.97265625,0.5540097869563104,54a1b99a24d0619283dd9ef93cc9070f92bee3c656e2c3e30cb2b270180fe5d5
3044,hyena/cropped_images/right body/06fed4b8-bd2d-4410-a9b5-84f030997d01/train2022_000000002469_right_body.jpg,train2022_000000002469,right_body,2,True,center,0,0.9765625,0.5728094021932307,9c54523e37965e549357ade023efebd263f850fdf907d1e641e6901be9153832
3045,hyena/cropped_images/right body/08626c7e-f14d-4a22-8b38-f8474c0196de/train2022_000000000031_right_body.jpg,train2022_000000000031,right_body,2,True,center,0,0.96484375,0.5069851596138873,f29c1b6100dc5a0850ee27ebade05c180cefb254d1351bee1acb0eb65b7bf838
3046,hyena/cropped_images/right body/08626c7e-f14d-4a22-8b38-f8474c0196de/train2022_000000000039_right_body.jpg,train2022_000000000039,right_body,2,True,center,0,0.9765625,0.6729785037218716,ce703aa255f773a2b8e2317222ca5b4d66153a0d5e865cb7ae70823c9a5e13ce
3047,hyena/cropped_images/right body/08626c7e-f14d-4a22-8b38-f8474c0196de/train2022_000000001244_right_body.jpg,train2022_000000001244,right_body,2,True,box_center,2,0.89453125,0.5387862395482267,f390fbd33e09ec1aa0cb9da289e0a96d9106ed02bc739799694d18e668a0a089
3048,hyena/cropped_images/right body/08626c7e-f14d-4a22-8b38-f8474c0196de/train2022_000000001333_right_body.jpg,train2022_000000001333,right_body,2,True,box_center,2,0.8984375,0.4979063194023824,9c8f063afbd5d0359e26222be1c5c0f81bddb0864e845ec257082765527985b0
3049,hyena/cropped_images/right body/08626c7e-f14d-4a22-8b38-f8474c0196de/train2022_000000001627_right_body.jpg,train2022_000000001627,right_body,2,True,box_center,2,0.9296875,0.5490001049207848,587b70b2da53c1682f6019b9395b6d02f8041bc2d8b6b5bece923a9287e61d7d
3050,hyena/cropped_images/right body/08626c7e-f14d-4a22-8b38-f8474c0196de/train2022_000000002307_right_body.jpg,train2022_000000002307,right_body,2,True,box_center,2,0.9296875,0.4857896028772986,66fc2db0842d3ef0c5e9cdaf386226a4c151718067e4d076347e6fdbc0dd355e
3051,hyena/cropped_images/right body/08626c7e-f14d-4a22-8b38-f8474c0196de/train2022_000000003055_right_body.jpg,train2022_000000003055,right_body,2,True,center,0,0.984375,0.5828096360303744,ca7f697cd84efdebf6dbe3cdfd96257d413c20993537685ad3769d4511b5997a
3052,hyena/cropped_images/right body/0965523b-f66a-4413-99b4-c7483c3cfd27/train2022_000000000678_right_body.jpg,train2022_000000000678,right_body,2,True,center,0,0.95703125,0.4433443771815009,82661a2c1d22ce6388ac22b2ee13ae4237e686a26da3a772576892ca4136b488
3053,hyena/cropped_images/right body/0a5cd6a9-b021-4725-acca-6d5b257d2e67/train2022_000000002688_right_body.jpg,train2022_000000002688,right_body,2,True,center,0,0.8515625,0.6482711732711732,d1fb5fd93179ee0843c3731cfcba5f7f2e2191baf176186e6fcf58f3f9333589
3054,hyena/cropped_images/right body/0b85b8c4-5ea9-46bd-8ba2-86ee385b1eb3/train2022_000000000117_right_body.jpg,train2022_000000000117,right_body,2,True,center,0,0.98046875,0.5726812882829481,46a4cf0e8adfb6ca47e92a92442f47b7de381db64c01392d38d831b6dc8463d0
3055,hyena/cropped_images/right body/0b85b8c4-5ea9-46bd-8ba2-86ee385b1eb3/train2022_000000000416_right_body.jpg,train2022_000000000416,right_body,2,True,center,0,0.984375,0.5669916745611234,9dbd2ee22f6a3163df8a115018403a6e7f92f031a2c0e0cb1b775b2e840f891c
3056,hyena/cropped_images/right body/0d234988-cf58-4e62-b45b-4f23b54b1f2a/train2022_000000001261_right_body.jpg,train2022_000000001261,right_body,2,True,center,0,0.95703125,0.4321059428841945,5a151cd8c022aa93feef4743ac0bd68b0fd1b807eeaf7f411ba6d79e48c7a041
3057,hyena/cropped_images/right body/0d234988-cf58-4e62-b45b-4f23b54b1f2a/train2022_000000002380_right_body.jpg,train2022_000000002380,right_body,2,True,box_center,2,0.8984375,0.5225370350570822,7b180dc30d69f65b4e1d6cee6cbdfc4f8039d4c045f8a2b2ef0e750fac86ffa9
3058,hyena/cropped_images/right body/0d234988-cf58-4e62-b45b-4f23b54b1f2a/train2022_000000002429_right_body.jpg,train2022_000000002429,right_body,2,True,center,0,0.96484375,0.451350328224228,b4074c842f1c6f7d3061eb65a4148e9186d432e1f35f29b72db77359bb94ea51
3059,hyena/cropped_images/right body/0d234988-cf58-4e62-b45b-4f23b54b1f2a/train2022_000000003103_right_body.jpg,train2022_000000003103,right_body,2,True,center,0,0.9296875,0.4843897727330802,0c4b272b3b290b12063ec4940b0dd8aac0c43bcf40bfc73f0fd6b690eee052db
3060,hyena/cropped_images/right body/0de12031-f35f-41d5-aced-5ea6ba6e1236/train2022_000000000090_right_body.jpg,train2022_000000000090,right_body,2,True,center,0,0.98828125,0.5316345270890726,68e8deb9ac29385c5cd339c3624663d0b46bef4faffd1644bb723e414698fb99
3061,hyena/cropped_images/right body/0de12031-f35f-41d5-aced-5ea6ba6e1236/train2022_000000002585_right_body.jpg,train2022_000000002585,right_body,2,True,center,0,0.97265625,0.5118445568272558,366d1cf3b5a2b263850f9c5e830abc719aef4d652c3845e2f5a65c46f5fac916
3062,hyena/cropped_images/right body/10d0c599-86ff-4965-a23b-4cd1c951768c/train2022_000000000376_right_body.jpg,train2022_000000000376,right_body,2,True,center,0,0.94140625,0.3465668327442148,5b8bab7e9fe6d02e2199ff297c083cfe317774730c7b9011f18403567b26cc5f
3063,hyena/cropped_images/right body/10d0c599-86ff-4965-a23b-4cd1c951768c/train2022_000000001088_right_body.jpg,train2022_000000001088,right_body,2,True,center,0,0.94140625,0.4496980685193613,92c8cf913fe48aa688f6b0e921a34f92fb3a6e0743781ce3d0a5f5db05dbeb5b
3064,hyena/cropped_images/right body/10d0c599-86ff-4965-a23b-4cd1c951768c/train2022_000000001286_right_body.jpg,train2022_000000001286,right_body,2,True,center,2,0.9375,0.38913789672669385,cc8a15a3d4a762a926239758e293e553b1628a17c20615248205099c91ae31f1
3065,hyena/cropped_images/right body/10d0c599-86ff-4965-a23b-4cd1c951768c/train2022_000000001509_right_body.jpg,train2022_000000001509,right_body,2,False,center,0,0.83984375,0.38692086617650984,
3066,hyena/cropped_images/right body/10d0c599-86ff-4965-a23b-4cd1c951768c/train2022_000000001512_right_body.jpg,train2022_000000001512,right_body,2,True,center,0,0.95703125,0.424299186541006,06319aa8ce5d0a556c1e43901c6c89f3a45f94e2964750c766a1524fef3beb98
3067,hyena/cropped_images/right body/10d0c599-86ff-4965-a23b-4cd1c951768c/train2022_000000001555_right_body.jpg,train2022_000000001555,right_body,2,False,box_center,0,0.66015625,0.5739928726169279,
3068,hyena/cropped_images/right body/10d0c599-86ff-4965-a23b-4cd1c951768c/train2022_000000002266_right_body.jpg,train2022_000000002266,right_body,2,False,box_center,2,0.82421875,0.46662718768255695,
3069,hyena/cropped_images/right body/10d0c599-86ff-4965-a23b-4cd1c951768c/train2022_000000002451_right_body.jpg,train2022_000000002451,right_body,2,False,center,2,0.84765625,0.28860535039703955,
3070,hyena/cropped_images/right body/10d0c599-86ff-4965-a23b-4cd1c951768c/train2022_000000002896_right_body.jpg,train2022_000000002896,right_body,2,True,box_center,2,0.89453125,0.5483459571940477,fbc977c11163b4d1f5542e0741c4cd7de1505c42616f4b2394232aa472adfdfe
3071,hyena/cropped_images/right body/11ae9785-7d82-4bd6-8ce9-e94ed362c23f/train2022_000000000222_right_body.jpg,train2022_000000000222,right_body,2,True,center,0,0.953125,0.696905271431312,213e9ef15ea76c7c13e5dec8a4c09fd8e2d176810261262c24e07fe338c002a9
3072,hyena/cropped_images/right body/11ae9785-7d82-4bd6-8ce9-e94ed362c23f/train2022_000000001193_right_body.jpg,train2022_000000001193,right_body,2,True,center,0,0.93359375,0.5479047544935993,985f3e06a7684dcb62dc3b3db2044c1441533ad6f01925115d3550a01df6cc94
3073,hyena/cropped_images/right body/11ae9785-7d82-4bd6-8ce9-e94ed362c23f/train2022_000000002952_right_body.jpg,train2022_000000002952,right_body,2,True,center,0,0.9765625,0.5123133734152107,481bffc520562f66c7af4ec431ea3523ebf2b6869cfb1b7f8168ecb8e29e6d06
3074,hyena/cropped_images/right body/1220f464-0f56-455a-891b-98e895b73bae/train2022_000000002493_right_body.jpg,train2022_000000002493,right_body,2,True,center,0,0.9375,0.5220901167805763,e1eeff1dc29dd88272be1d325f48129cd6e628044489ebfa77c24e3bf365f927
3075,hyena/cropped_images/right body/126523de-9fe0-4630-8fb3-256a723adb4a/train2022_000000000113_right_body.jpg,train2022_000000000113,right_body,2,True,center,0,0.97265625,0.495895174349382,410e13286161dfc136ee1f8ed5776d9edbe01676f4976ccc1418b7e4005b263e
3076,hyena/cropped_images/right body/126523de-9fe0-4630-8fb3-256a723adb4a/train2022_000000000618_right_body.jpg,train2022_000000000618,right_body,2,True,center,0,0.96484375,0.49040510082906097,9bc4298b3e5505b7168a454e9cf2152bec2e33f5a35921f4a621479e71d386f8
3077,hyena/cropped_images/right body/126523de-9fe0-4630-8fb3-256a723adb4a/train2022_000000001572_right_body.jpg,train2022_000000001572,right_body,2,True,center,0,0.94921875,0.47480633190849736,499f7ae18975431530f1c5f791c11e30a53aeaddb65a035a94e850fff9a65203
3078,hyena/cropped_images/right body/12a16fc6-0581-4276-9dc4-ffe7d8c13617/train2022_000000000227_right_body.jpg,train2022_000000000227,right_body,2,True,center,0,0.91796875,0.5620133216022857,f7a9bd29594ad1896dcdb2973ec9c0b951fa44cf83008566a7eca094a6f34481
3079,hyena/cropped_images/right body/12a16fc6-0581-4276-9dc4-ffe7d8c13617/train2022_000000001037_right_body.jpg,train2022_000000001037,right_body,2,False,box_center,2,0.84375,0.7493935198610553,
3080,hyena/cropped_images/right body/12a16fc6-0581-4276-9dc4-ffe7d8c13617/train2022_000000001235_right_body.jpg,train2022_000000001235,right_body,2,True,center,0,0.95703125,0.48611226560646825,95672e18b2803e6827ffb1a2f3f026695ed194a4b1fc22d3ebf31a5020106260
3081,hyena/cropped_images/right body/12a16fc6-0581-4276-9dc4-ffe7d8c13617/train2022_000000002612_right_body.jpg,train2022_000000002612,right_body,2,True,box_center,2,0.9140625,0.47857048647784145,75743afc3455239eb66090094dae59cd2cf84ed2c96eb04294e41d157859d918
3082,hyena/cropped_images/right body/143bf01f-d0f1-4ec9-bedd-ad0aa26e0cc2/train2022_000000000300_right_body.jpg,train2022_000000000300,right_body,2,True,box_center,0,0.9765625,0.5924099826754694,f73453b1718980372276a9ea7227ddd95bee172bdbcd54c2b844d3e792945998
3083,hyena/cropped_images/right body/143bf01f-d0f1-4ec9-bedd-ad0aa26e0cc2/train2022_000000000339_right_body.jpg,train2022_000000000339,right_body,2,True,box_center,0,0.97265625,0.5673235062772619,3e266ff5188dfa159d2921966661469f295234aeaba11b771671ba921f1ffecf
3084,hyena/cropped_images/right body/143bf01f-d0f1-4ec9-bedd-ad0aa26e0cc2/train2022_000000000841_right_body.jpg,train2022_000000000841,right_body,2,True,center,0,0.97265625,0.5342374953969721,4c2a5c37686705c9187885bb9ee561dff7f45e9f87ece88850974d252e981e7f
3085,hyena/cropped_images/right body/143bf01f-d0f1-4ec9-bedd-ad0aa26e0cc2/train2022_000000001013_right_body.jpg,train2022_000000001013,right_body,2,True,center,0,0.96484375,0.4772343041573811,7ae7f3093b6f0737130b3add49792273e0ec753aa225157be7bfbc5ac962c933
3086,hyena/cropped_images/right body/143bf01f-d0f1-4ec9-bedd-ad0aa26e0cc2/train2022_000000002396_right_body.jpg,train2022_000000002396,right_body,2,True,center,0,0.97265625,0.40878560505437894,0d1fd464c8232cd5eb26489b3f72c978004c72e3b49b2a2f7a61e59873a59c8e
3087,hyena/cropped_images/right body/143bf01f-d0f1-4ec9-bedd-ad0aa26e0cc2/train2022_000000002577_right_body.jpg,train2022_000000002577,right_body,2,True,center,0,0.984375,0.5878570077548705,e8d85190ce7a1768efb8aea38b7dad3a703265e33f2757b3aba3df01c0986db6
3088,hyena/cropped_images/right body/160e1683-7837-43ea-8ce7-755d101c419c/train2022_000000000939_right_body.jpg,train2022_000000000939,right_body,2,True,box_center,2,0.97265625,0.4273873986727513,1de41d28cce220705194943f06a77662ab91133b2ae99c95c3ab06bbabb75de2
3089,hyena/cropped_images/right body/160e1683-7837-43ea-8ce7-755d101c419c/train2022_000000001066_right_body.jpg,train2022_000000001066,right_body,2,True,box_center,2,0.9609375,0.42993230759615797,99f6bbb9780ae15d3f8823b80344af72e76e8992b077e5ede940f19c97d527ab
3090,hyena/cropped_images/right body/160e1683-7837-43ea-8ce7-755d101c419c/train2022_000000001183_right_body.jpg,train2022_000000001183,right_body,2,True,center,0,0.91796875,0.3554121647753657,1b965c804839a97cf394c85dd6fbaa536b168157e35aa19637fd00e44fec09ee
3091,hyena/cropped_images/right body/160e1683-7837-43ea-8ce7-755d101c419c/train2022_000000002054_right_body.jpg,train2022_000000002054,right_body,2,True,center,2,0.9765625,0.4414766981291084,a80bf9d2325a7d26ef7cb297156cb7f2a9868ec3a1bef11121dd00b713620c08
3092,hyena/cropped_images/right body/160e1683-7837-43ea-8ce7-755d101c419c/train2022_000000002197_right_body.jpg,train2022_000000002197,right_body,2,True,box_center,2,0.953125,0.37327031109987824,3957e2fcdfc8d887e69533d5b47edd5f7c046ce1b926ea199b4ac5e0b3eb0008
3093,hyena/cropped_images/right body/160e1683-7837-43ea-8ce7-755d101c419c/train2022_000000002512_right_body.jpg,train2022_000000002512,right_body,2,True,center,2,0.98046875,0.42111130331161467,12c89d416a3524decd9098880ff17ffe59aca845823d7d4fea3408936844c2d4
3094,hyena/cropped_images/right body/160e1683-7837-43ea-8ce7-755d101c419c/train2022_000000002574_right_body.jpg,train2022_000000002574,right_body,2,True,box_center,2,0.9375,0.3658186861296711,09c9324419f8b0aa676f2ba05807410eba5fd2076acffe6fa4dc1b05609086aa
3095,hyena/cropped_images/right body/160e1683-7837-43ea-8ce7-755d101c419c/train2022_000000002860_right_body.jpg,train2022_000000002860,right_body,2,True,center,0,0.96875,0.4604244943197562,07f9f38b4da4daf7ac2e688b224663ec54a909212df44bb1ca5594d2267d122d
3096,hyena/cropped_images/right body/1848c437-2486-4485-a725-f1db51065599/train2022_000000002029_right_body.jpg,train2022_000000002029,right_body,2,False,box_center,2,0.8125,0.7004204412270855,
3097,hyena/cropped_images/right body/1848c437-2486-4485-a725-f1db51065599/train2022_000000002340_right_body.jpg,train2022_000000002340,right_body,2,True,center,0,0.93359375,0.6114776369787948,975076bde705446804e4553aa94320ff76f671023a6ac7bcd3ba774c7f26d0c5
3098,hyena/cropped_images/right body/1848c437-2486-4485-a725-f1db51065599/train2022_000000002795_right_body.jpg,train2022_000000002795,right_body,2,True,box_center,2,0.875,0.5085694761779281,5739925c4a8eb4756e1f09d6f625b3f7f4ba82378828df72694dee785de840e4
3099,hyena/cropped_images/right body/18d82d10-7fdf-4306-9fe7-73a7f6152e53/train2022_000000000251_right_body.jpg,train2022_000000000251,right_body,2,True,center,0,0.97265625,0.5816771178828082,8d94c63639966e58807a244b38bc669039b794f688d495f5939e265ffb3b0975
3100,hyena/cropped_images/right body/18d82d10-7fdf-4306-9fe7-73a7f6152e53/train2022_000000000933_right_body.jpg,train2022_000000000933,right_body,2,True,center,0,0.98046875,0.4561261545188428,8682f7dd6dd15d9dc1a58e273fafe34c0f183a59b54c92b141a98478abe72264
3101,hyena/cropped_images/right body/18d82d10-7fdf-4306-9fe7-73a7f6152e53/train2022_000000001986_right_body.jpg,train2022_000000001986,right_body,2,True,center,0,0.98046875,0.4687610627936125,0a343df10dc4c8f9185768c04890c473b58e2e8f82243ecaec4f6bd38814e533
3102,hyena/cropped_images/right body/18d82d10-7fdf-4306-9fe7-73a7f6152e53/train2022_000000002399_right_body.jpg,train2022_000000002399,right_body,2,True,center,0,0.9765625,0.5820913034203228,212d5d66517b52794d09602deaf5c4d0184b410b2e21855a7167d2dbbaf8824d
3103,hyena/cropped_images/right body/18d82d10-7fdf-4306-9fe7-73a7f6152e53/train2022_000000002568_right_body.jpg,train2022_000000002568,right_body,2,True,box_center,2,0.90625,0.4443220198615882,19a166cf8479ecaf110fc89536a8863bc4dd9a4720f0837e2c0c33906296a96d
3104,hyena/cropped_images/right body/1ad6ea04-7e16-4875-aeb8-d088f5ac7325/train2022_000000000041_right_body.jpg,train2022_000000000041,right_body,2,True,center,0,0.98046875,0.5728811756615151,04007b6bf5181b7130759593601c12e7b5e88cbfb1d69b1101c692b1d241573f
3105,hyena/cropped_images/right body/1ad6ea04-7e16-4875-aeb8-d088f5ac7325/train2022_000000000430_right_body.jpg,train2022_000000000430,right_body,2,True,center,0,0.8828125,0.33355924845569296,377bd60290d8d283048991a0bfd81f54d5918dc566d5a92de4f84d0a67c0eb2d
3106,hyena/cropped_images/right body/1ad6ea04-7e16-4875-aeb8-d088f5ac7325/train2022_000000000532_right_body.jpg,train2022_000000000532,right_body,2,True,center,0,0.97265625,0.5349168998165682,f002e9b5fa5d7d025db2f307d22d50cd0ae30a71775d12e481f21eec2f270980
3107,hyena/cropped_images/right body/1ad6ea04-7e16-4875-aeb8-d088f5ac7325/train2022_000000002359_right_body.jpg,train2022_000000002359,right_body,2,True,center,0,0.96484375,0.49695464576512677,f10d3879e6f02c9258895caf53d19cc98234c02515628061fa4b184759115860
3108,hyena/cropped_images/right body/1ad6ea04-7e16-4875-aeb8-d088f5ac7325/train2022_000000003024_right_body.jpg,train2022_000000003024,right_body,2,True,center,0,0.9765625,0.5272097359633593,bdb21f86ca614aabd14b58facd164833e7246ce1f101c960e24c9404515f8243
3109,hyena/cropped_images/right body/1b72f52c-12ba-43bb-8b2f-64975becab88/train2022_000000000106_right_body.jpg,train2022_000000000106,right_body,2,True,center,0,0.9765625,0.40838288687115515,604947ede9bbe6a8054efd21a35db694482ddaa1a3e4e99e8eb8e3b4603eedb0
3110,hyena/cropped_images/right body/1b72f52c-12ba-43bb-8b2f-64975becab88/train2022_000000000443_right_body.jpg,train2022_000000000443,right_body,2,True,box_center,2,0.9296875,0.4777895842188164,1b02aa54b18e1af85b3d422f5b1506b977c558d10393c36da095e155a7c8d689
3111,hyena/cropped_images/right body/1b72f52c-12ba-43bb-8b2f-64975becab88/train2022_000000000779_right_body.jpg,train2022_000000000779,right_body,2,True,center,0,0.96484375,0.4942542803911169,c3af864bc2cc05f49065a719580f2215d7402966a15012397c35dd7db1fdf4ca
3112,hyena/cropped_images/right body/1b72f52c-12ba-43bb-8b2f-64975becab88/train2022_000000001505_right_body.jpg,train2022_000000001505,right_body,2,True,center,0,0.93359375,0.518345886870477,8b4fd59c09e6249075d0403dc39a00cc2fc286c7a31761d96aaef50f00ebb31c
3113,hyena/cropped_images/right body/1b7c302c-68ae-46a7-b18e-a97d342081a9/train2022_000000000013_right_body.jpg,train2022_000000000013,right_body,2,True,center,0,0.9375,0.8640016128724659,c850c6378a8c413cdb59eee995e1cfafc70305f2bba3fb9a153e17153be41118
3114,hyena/cropped_images/right body/1b7c302c-68ae-46a7-b18e-a97d342081a9/train2022_000000002333_right_body.jpg,train2022_000000002333,right_body,2,True,center,0,0.96875,0.5418237572670277,20b3cd55a66971d4c34dd137800b236dc13fef95bea5efd9275e1c0ae564dd62
3115,hyena/cropped_images/right body/1c6b6027-329e-4703-9580-bbf1e8a08647/train2022_000000000320_right_body.jpg,train2022_000000000320,right_body,2,True,center,0,0.91796875,0.48862465405777916,489bd3ac7c481c766f5448eaf51c9a0626b344f61bbe35fbc1439888df5e023c
3116,hyena/cropped_images/right body/1c6b6027-329e-4703-9580-bbf1e8a08647/train2022_000000000638_right_body.jpg,train2022_000000000638,right_body,2,True,center,0,0.96484375,0.47914172955156564,11b827c31089e9fb3cf9cc016cb65838d43034335b15fa0fd742cfeb6fe23779
3117,hyena/cropped_images/right body/1c6b6027-329e-4703-9580-bbf1e8a08647/train2022_000000001716_right_body.jpg,train2022_000000001716,right_body,2,True,center,0,0.94921875,0.515201721816158,4dfee85946e6a7f3032a65bdd1f90a5896a959a29c0ad114fc18260c5ce38037
3118,hyena/cropped_images/right body/1da24c9f-d62d-48a6-81b9-afbdc5c0e7af/train2022_000000000157_right_body.jpg,train2022_000000000157,right_body,2,True,center,0,0.9375,0.5431632884872656,e97c13fc4f7b6051f6c75be495ee08b95d346cc2636ea2124df60489cc78a95c
3119,hyena/cropped_images/right body/1da24c9f-d62d-48a6-81b9-afbdc5c0e7af/train2022_000000001335_right_body.jpg,train2022_000000001335,right_body,2,True,box_center,0,0.9609375,0.5382540365543808,57f03bbc5c6af6ab8830143b51606e83e5235e1209525ecdbd873a3f59f61f40
3120,hyena/cropped_images/right body/1da24c9f-d62d-48a6-81b9-afbdc5c0e7af/train2022_000000001851_right_body.jpg,train2022_000000001851,right_body,2,True,box_center,0,0.9453125,0.5456941570598088,b09f0c021b53a269570d10d173beb900ebaafe42f19119c1c60f99b45a1ce046
3121,hyena/cropped_images/right body/1da24c9f-d62d-48a6-81b9-afbdc5c0e7af/train2022_000000001932_right_body.jpg,train2022_000000001932,right_body,2,False,box_center,2,0.84765625,0.41898659199827687,
3122,hyena/cropped_images/right body/1da24c9f-d62d-48a6-81b9-afbdc5c0e7af/train2022_000000001938_right_body.jpg,train2022_000000001938,right_body,2,True,box_center,2,0.96484375,0.44673493182737534,949a32ec6f29f029fa493152a6cacadf9a3a51f5d1a51864e939c2658e9ba898
3123,hyena/cropped_images/right body/1da24c9f-d62d-48a6-81b9-afbdc5c0e7af/train2022_000000002106_right_body.jpg,train2022_000000002106,right_body,2,True,box_center,2,0.9765625,0.47772053498958134,52e74b1fc3053856a9f3687026ffcefe4d857d65e3715f374402d5de53358d07
3124,hyena/cropped_images/right body/1da24c9f-d62d-48a6-81b9-afbdc5c0e7af/train2022_000000002466_right_body.jpg,train2022_000000002466,right_body,2,True,center,0,0.97265625,0.49479328973319137,886cd25fdc956bfc3ff44f90a89305f3a6289bdff3ea5f172af77d5bee975278
3125,hyena/cropped_images/right body/1da24c9f-d62d-48a6-81b9-afbdc5c0e7af/train2022_000000002899_right_body.jpg,train2022_000000002899,right_body,2,True,center,0,0.9453125,0.45267952206317286,4ed338d2a0144c42b9d3dcd8c9c960f892df01ae758035246a50f09c6955e911
3126,hyena/cropped_images/right body/1da24c9f-d62d-48a6-81b9-afbdc5c0e7af/train2022_000000003065_right_body.jpg,train2022_000000003065,right_body,2,True,center,0,0.97265625,0.45145828320902504,11fa15beb9cb6b00225f098a63444222bafc902f27bb4cd727369c8aec917b46
3127,hyena/cropped_images/right body/1e5eea5f-ede8-4660-9314-5b3e53b2cfcc/train2022_000000001517_right_body.jpg,train2022_000000001517,right_body,2,False,box_center,2,0.84375,0.7348889290731803,
3128,hyena/cropped_images/right body/1e5eea5f-ede8-4660-9314-5b3e53b2cfcc/train2022_000000001778_right_body.jpg,train2022_000000001778,right_body,2,True,box_center,0,0.8671875,0.8729719356306412,66544a247b102f263c2d67da59dbcd5870ba618e8421c310793249aaec145899
3129,hyena/cropped_images/right body/1ec97520-1eae-4b9e-9f5c-1f181a8daf3a/train2022_000000000174_right_body.jpg,train2022_000000000174,right_body,2,True,box_center,2,0.875,0.47270112933521635,1c540ce42b2c392bf647c4ab3ca4c9ad6607aae9170e025c376553dbadb5118d
3130,hyena/cropped_images/right body/1ec97520-1eae-4b9e-9f5c-1f181a8daf3a/train2022_000000000571_right_body.jpg,train2022_000000000571,right_body,2,False,box_center,0,0.83203125,0.8644199785177229,
3131,hyena/cropped_images/right body/1ec97520-1eae-4b9e-9f5c-1f181a8daf3a/train2022_000000001651_right_body.jpg,train2022_000000001651,right_body,2,False,box_center,2,0.78515625,0.462670911602414,
3132,hyena/cropped_images/right body/1ec97520-1eae-4b9e-9f5c-1f181a8daf3a/train2022_000000001787_right_body.jpg,train2022_000000001787,right_body,2,True,center,0,0.96484375,0.5941568672386381,0e6f1b69eb5799ed6b26a5f1efebb1ecb7a91783af4ede1c298169ca893afc22
3133,hyena/cropped_images/right body/1ec97520-1eae-4b9e-9f5c-1f181a8daf3a/train2022_000000001868_right_body.jpg,train2022_000000001868,right_body,2,False,center,0,0.80078125,0.771949310315647,
3134,hyena/cropped_images/right body/1ec97520-1eae-4b9e-9f5c-1f181a8daf3a/train2022_000000002766_right_body.jpg,train2022_000000002766,right_body,2,True,box_center,2,0.8671875,0.5768826144500628,697ac7cc7f87989be80ba6ae3dad734300180d98910dc9859554f6218c0c06bc
3135,hyena/cropped_images/right body/1ff8ad98-b860-4de4-ba7d-9c0177c44bab/train2022_000000000501_right_body.jpg,train2022_000000000501,right_body,2,True,box_center,2,0.94921875,0.5599324950834649,128c810a0d55536125ba9069e982fff2722fb6f822dfdc75ae5f1d5adbed6f7d
3136,hyena/cropped_images/right body/1ff8ad98-b860-4de4-ba7d-9c0177c44bab/train2022_000000000972_right_body.jpg,train2022_000000000972,right_body,2,True,center,2,0.9296875,0.6573811544551215,c5639cf6789877aff0ccbbe3743b23894e25a28f0381aefc7fc68ce2f687f03b
3137,hyena/cropped_images/right body/204b687d-7113-4c69-95a9-6d40ef0e59e8/train2022_000000000138_right_body.jpg,train2022_000000000138,right_body,2,True,center,0,0.953125,0.7185206889523033,15ebdb93c798ed69a8541c50c48bc66abccebcb63b0ed34df2d68e47986d3123
3138,hyena/cropped_images/right body/204b687d-7113-4c69-95a9-6d40ef0e59e8/train2022_000000001153_right_body.jpg,train2022_000000001153,right_body,2,True,center,0,0.96875,0.5112328547365044,817d788127ca7c4d9ab11c129310ab3711cb676ec1c201c83275ab48b204c8f1
3139,hyena/cropped_images/right body/204b687d-7113-4c69-95a9-6d40ef0e59e8/train2022_000000002143_right_body.jpg,train2022_000000002143,right_body,2,True,center,0,0.96484375,0.6326987628041821,c502f786e756152f86da44945cdc7150875f0a7f6363858cb988f06ae4cf2a54
3140,hyena/cropped_images/right body/204b687d-7113-4c69-95a9-6d40ef0e59e8/train2022_000000002418_right_body.jpg,train2022_000000002418,right_body,2,True,box_center,0,0.94140625,0.620212606115243,04a65864eac663e3f2d0e9bb86febe1820ce88b14546c44af348a28084f27b4d
3141,hyena/cropped_images/right body/20c4e967-97c4-4546-b7ca-6b57b6f4c19a/train2022_000000000163_right_body.jpg,train2022_000000000163,right_body,2,True,box_center,0,0.90625,0.5484299677017027,67027d8f46b54aff8014a1cc1575ce8d5e3584046c61fc317e3370b711f6203c
3142,hyena/cropped_images/right body/20c4e967-97c4-4546-b7ca-6b57b6f4c19a/train2022_000000000299_right_body.jpg,train2022_000000000299,right_body,2,True,center,0,0.96875,0.4929067898067385,0e74311ed13b9c541ed7b46198c5c086796e7bde18630547859e4b1e5ea66495
3143,hyena/cropped_images/right body/20c4e967-97c4-4546-b7ca-6b57b6f4c19a/train2022_000000000375_right_body.jpg,train2022_000000000375,right_body,2,True,center,2,0.92578125,0.453696064302975,592bfded64b49f5239e00e7ae78356f9eacdb3f9e1e1f75a1a75a7c00dadca97
3144,hyena/cropped_images/right body/20e1204f-ae7b-4297-b578-ef07ac24829a/train2022_000000000724_right_body.jpg,train2022_000000000724,right_body,2,True,box_center,2,0.92578125,0.5530315382122126,f8fad10e453bc11444cca7139477224f18deace318fb035ec9b1cc04578fea7b
3145,hyena/cropped_images/right body/20e1204f-ae7b-4297-b578-ef07ac24829a/train2022_000000001542_right_body.jpg,train2022_000000001542,right_body,2,True,center,0,0.97265625,0.4876488769325112,181e7f414b7536ef9e0107dbe073c1b850cd823be4f32514e3c6b3e11598d4a1
3146,hyena/cropped_images/right body/20e1204f-ae7b-4297-b578-ef07ac24829a/train2022_000000002588_right_body.jpg,train2022_000000002588,right_body,2,True,center,0,0.90625,0.5093854432593762,244e19674aeb8126c4c64fe1d5c4563d54d82818bb3b9c502b0d6f04e84d63c2
3147,hyena/cropped_images/right body/21ff4f8a-be18-46de-872c-c10cd153631a/train2022_000000002547_right_body.jpg,train2022_000000002547,right_body,2,True,box_center,2,0.94140625,0.49297737906292827,4586d16b7a5b34d6688c84c6bffeb10b120f225f0af0b0af29e45e2de1532e06
3148,hyena/cropped_images/right body/23784095-dc48-48a0-8326-9340074ab4d1/train2022_000000002223_right_body.jpg,train2022_000000002223,right_body,2,True,box_center,0,0.8828125,0.7657956079008711,e77da3b27cdc59e3d5fe25dd86f3364a33b09268114825d7916630a40c0bbcab
3149,hyena/cropped_images/right body/23784095-dc48-48a0-8326-9340074ab4d1/train2022_000000002723_right_body.jpg,train2022_000000002723,right_body,2,False,box_center,0,0.73828125,0.8868015122109009,
3150,hyena/cropped_images/right body/23784095-dc48-48a0-8326-9340074ab4d1/train2022_000000002742_right_body.jpg,train2022_000000002742,right_body,2,False,box_center,2,0.765625,0.6199246016944637,
3151,hyena/cropped_images/right body/23784095-dc48-48a0-8326-9340074ab4d1/train2022_000000003046_right_body.jpg,train2022_000000003046,right_body,2,True,box_center,2,0.92578125,0.5171928301529798,57b389cdf0fdbd5065f9285bd3b7b2e7f1c70598588239107a00e35ecae00111
3152,hyena/cropped_images/right body/238a48f4-e86d-42d8-a18a-ae526e48f5c4/train2022_000000000209_right_body.jpg,train2022_000000000209,right_body,2,True,box_center,2,0.94140625,0.47188345370163554,259ea5b030ed56a0f93a25f7a27bc0a1699a449a4727e4f048ce388ce95514f4
3153,hyena/cropped_images/right body/238a48f4-e86d-42d8-a18a-ae526e48f5c4/train2022_000000000455_right_body.jpg,train2022_000000000455,right_body,2,True,box_center,0,0.890625,0.8054047749954183,70d132d58626fd264ea80917effd81947da5b335e0724f1fb97e8df86f0d770b
3154,hyena/cropped_images/right body/238a48f4-e86d-42d8-a18a-ae526e48f5c4/train2022_000000000558_right_body.jpg,train2022_000000000558,right_body,2,True,box_center,2,0.87890625,0.5860212407474017,c8d6745319a522baa02391fa6ee79514253ba872f732842409a33984d2ebbc1b
3155,hyena/cropped_images/right body/238a48f4-e86d-42d8-a18a-ae526e48f5c4/train2022_000000000781_right_body.jpg,train2022_000000000781,right_body,2,False,box_center,0,0.79296875,0.8801082133715812,
3156,hyena/cropped_images/right body/238a48f4-e86d-42d8-a18a-ae526e48f5c4/train2022_000000000982_right_body.jpg,train2022_000000000982,right_body,2,True,center,0,0.92578125,0.4530038759689923,a07b123a32bcd58da027d8b425f7362aef4528388a26c295b8b8bffbb3521143
3157,hyena/cropped_images/right body/238a48f4-e86d-42d8-a18a-ae526e48f5c4/train2022_000000001128_right_body.jpg,train2022_000000001128,right_body,2,True,box_center,0,0.92578125,0.479351428304705,15cb6d8ccc49682785f9646a89f0d98700a72f6ac79a4a51a1fa48eecd8cabc1
3158,hyena/cropped_images/right body/238a48f4-e86d-42d8-a18a-ae526e48f5c4/train2022_000000001243_right_body.jpg,train2022_000000001243,right_body,2,False,box_center,0,0.828125,0.5521776577667078,
3159,hyena/cropped_images/right body/238a48f4-e86d-42d8-a18a-ae526e48f5c4/train2022_000000001491_right_body.jpg,train2022_000000001491,right_body,2,False,box_center,2,0.8203125,0.5419530372035252,
3160,hyena/cropped_images/right body/238a48f4-e86d-42d8-a18a-ae526e48f5c4/train2022_000000001699_right_body.jpg,train2022_000000001699,right_body,2,False,box_center,0,0.82421875,0.7667095437167256,
3161,hyena/cropped_images/right body/238a48f4-e86d-42d8-a18a-ae526e48f5c4/train2022_000000001964_right_body.jpg,train2022_000000001964,right_body,2,True,box_center,0,0.87890625,0.5624971475142624,a0c45798f670c81b881b6bdd9867cb6c44def3559b823debf4d5992ac6fb0360
3162,hyena/cropped_images/right body/238a48f4-e86d-42d8-a18a-ae526e48f5c4/train2022_000000002602_right_body.jpg,train2022_000000002602,right_body,2,True,box_center,2,0.953125,0.4946371320314777,cec7ea11821aead3ed160d0f0ca4ee6efa6ca6aa09a44df0ad894d995fb8271d
3163,hyena/cropped_images/right body/23950465-b1cb-4e7e-a861-b18ce82aac55/train2022_000000000802_right_body.jpg,train2022_000000000802,right_body,2,True,center,0,0.94921875,0.4630424435683847,c40f15d1d2747285d29f0e829fc223cbe1e12d2f3915bd55e96f1bab73a095e9
3164,hyena/cropped_images/right body/23950465-b1cb-4e7e-a861-b18ce82aac55/train2022_000000002332_right_body.jpg,train2022_000000002332,right_body,2,False,box_center,2,0.828125,0.49120071285364225,
3165,hyena/cropped_images/right body/23950465-b1cb-4e7e-a861-b18ce82aac55/train2022_000000002713_right_body.jpg,train2022_000000002713,right_body,2,True,box_center,2,0.90234375,0.49735097939885176,82f1be1f00b87ca564368315348cab57fbe03fe1f28e0179d4d1f479c8f90645
3166,hyena/cropped_images/right body/2434dcf2-9360-46ae-b7be-96de59209f91/train2022_000000001625_right_body.jpg,train2022_000000001625,right_body,2,True,center,0,0.98828125,0.6217092427874087,f44f71b9563f9eab7e887353aec938d9b9aafb1bebae8e8617df27df430eceda
3167,hyena/cropped_images/right body/2434dcf2-9360-46ae-b7be-96de59209f91/train2022_000000002881_right_body.jpg,train2022_000000002881,right_body,2,True,box_center,2,0.87109375,0.5422343367659054,3e65567f4fc4f85b064524cf8096176a60341f9607cc791d25f2e55321777844
3168,hyena/cropped_images/right body/248353ce-530e-4dea-97c7-31f6029b2088/train2022_000000000271_right_body.jpg,train2022_000000000271,right_body,2,True,box_center,2,0.90234375,0.4675555403546374,54be831a714c3415bcb018570c3c353cb13b95ba062ce144d3c4574ae8fdcc7a
3169,hyena/cropped_images/right body/248353ce-530e-4dea-97c7-31f6029b2088/train2022_000000001764_right_body.jpg,train2022_000000001764,right_body,2,False,box_center,2,0.82421875,0.3797342073974935,
3170,hyena/cropped_images/right body/248353ce-530e-4dea-97c7-31f6029b2088/train2022_000000002317_right_body.jpg,train2022_000000002317,right_body,2,False,box_center,2,0.8125,0.5753138403316795,
3171,hyena/cropped_images/right body/248353ce-530e-4dea-97c7-31f6029b2088/train2022_000000002755_right_body.jpg,train2022_000000002755,right_body,2,False,box_center,2,0.828125,0.4887399240221664,
3172,hyena/cropped_images/right body/249a4d40-2256-444e-a4d5-68209d8d134d/train2022_000000000483_right_body.jpg,train2022_000000000483,right_body,2,True,center,0,0.89453125,0.7933729891507669,374c30807af7cbb037d0a311cbd642f7bd02f11644426adfb0cd7564760b5ca8
3173,hyena/cropped_images/right body/249a4d40-2256-444e-a4d5-68209d8d134d/train2022_000000001549_right_body.jpg,train2022_000000001549,right_body,2,True,box_center,2,0.9140625,0.4640729453993568,8781754c17fe50d7b6e59a12ee6b542cff13556dede169e0834449cc6107a21f
3174,hyena/cropped_images/right body/252b0d87-abfc-4622-b3b6-2c815900026f/train2022_000000000701_right_body.jpg,train2022_000000000701,right_body,2,False,box_center,2,0.78125,0.5318165001849796,
3175,hyena/cropped_images/right body/252b0d87-abfc-4622-b3b6-2c815900026f/train2022_000000000901_right_body.jpg,train2022_000000000901,right_body,2,False,center,2,0.8359375,0.41571681746105776,
3176,hyena/cropped_images/right body/252b0d87-abfc-4622-b3b6-2c815900026f/train2022_000000001455_right_body.jpg,train2022_000000001455,right_body,2,False,box_center,2,0.76953125,0.6465199134749968,
3177,hyena/cropped_images/right body/252b0d87-abfc-4622-b3b6-2c815900026f/train2022_000000003005_right_body.jpg,train2022_000000003005,right_body,2,False,box_center,2,0.8046875,0.646251968503937,
3178,hyena/cropped_images/right body/252b0d87-abfc-4622-b3b6-2c815900026f/train2022_000000003084_right_body.jpg,train2022_000000003084,right_body,2,True,center,0,0.93359375,0.5864844320569955,39f7c6e38d9a67b780ef6f7c037b5035db6bbcf6600a542e6a56556193054638
3179,hyena/cropped_images/right body/280baaed-937b-4984-b7af-3ab6cefd61f9/train2022_000000001418_right_body.jpg,train2022_000000001418,right_body,2,True,center,0,0.97265625,0.6131436764166572,1670e99226c9b74fd0b3a533b29467fff5447b31ee73b62156528b78e30db0b3
3180,hyena/cropped_images/right body/280baaed-937b-4984-b7af-3ab6cefd61f9/train2022_000000002431_right_body.jpg,train2022_000000002431,right_body,2,True,center,0,0.96875,0.49194050980299114,a4d98118cd4a7671953ea5917e8f4752300a545b0e6176183abeb473a8f8e0a6
3181,hyena/cropped_images/right body/2b13d5a4-831c-4c87-8294-4b0c61541e3b/train2022_000000000757_right_body.jpg,train2022_000000000757,right_body,2,True,center,0,0.953125,0.42137551621290914,b5b7fd7171952a284f6fcfd5f304f26e9c3cfad858eea55ef060935257a7def7
3182,hyena/cropped_images/right body/2b13d5a4-831c-4c87-8294-4b0c61541e3b/train2022_000000002662_right_body.jpg,train2022_000000002662,right_body,2,False,box_center,2,0.7890625,0.34178351471006135,
3183,hyena/cropped_images/right body/2b733eca-99a6-482f-b57f-567970a2e8dd/train2022_000000000435_right_body.jpg,train2022_000000000435,right_body,2,True,center,0,0.953125,0.4536039183110627,1254ef56b4f3ad6cb9587bb9eacda30cbdede105fb55ff59a446e110051cdf25
3184,hyena/cropped_images/right body/2b733eca-99a6-482f-b57f-567970a2e8dd/train2022_000000001543_right_body.jpg,train2022_000000001543,right_body,2,True,center,0,0.98828125,0.549128053198215,3d289b50136abd70de22cdcbcb665b09334b51fc4c511dfc97cb6859d033c65e
3185,hyena/cropped_images/right body/2b733eca-99a6-482f-b57f-567970a2e8dd/train2022_000000001558_right_body.jpg,train2022_000000001558,right_body,2,True,center,0,0.96875,0.600932091391974,cb20372b442be894705ba6b3f9b396eeedc756255f1af2f707edc62b7bd9fd0d
3186,hyena/cropped_images/right body/2b733eca-99a6-482f-b57f-567970a2e8dd/train2022_000000002067_right_body.jpg,train2022_000000002067,right_body,2,True,center,0,0.96875,0.5435422124604161,d1cd5211e5cc5c88e01d641cc9befb57581e62896dce37dc580f110477d0c01e
3187,hyena/cropped_images/right body/2c44f7c6-44e5-4d34-9304-7807962aa038/train2022_000000000815_right_body.jpg,train2022_000000000815,right_body,2,True,center,0,0.94921875,0.43305274239188707,7647c082951f421297c75fdff7dfe7c91f01c03669021bae5979fcf47812004f
3188,hyena/cropped_images/right body/2c44f7c6-44e5-4d34-9304-7807962aa038/train2022_000000002256_right_body.jpg,train2022_000000002256,right_body,2,True,center,0,0.97265625,0.5986180683972754,be8d9e23823bbc56b08b275663c2b0db447d388455a35f92f5d62496ad0acfff
3189,hyena/cropped_images/right body/2c47b308-3b61-45db-b6fd-f1560b32f358/train2022_000000000201_right_body.jpg,train2022_000000000201,right_body,2,True,box_center,2,0.8671875,0.7255811250581125,05fec578a6d43ebc48876f53dfc636574c213d8927ec2c8981185d3571babd83
3190,hyena/cropped_images/right body/2c47b308-3b61-45db-b6fd-f1560b32f358/train2022_000000000356_right_body.jpg,train2022_000000000356,right_body,2,True,center,0,0.98046875,0.4876435152374203,273d6bfa8c8335f5465df13782d6dddb35601b30ef1b9b30c591c30301dc3f0f
3191,hyena/cropped_images/right body/2c47b308-3b61-45db-b6fd-f1560b32f358/train2022_000000000442_right_body.jpg,train2022_000000000442,right_body,2,False,box_center,2,0.7890625,0.6206464924506794,
3192,hyena/cropped_images/right body/2c47b308-3b61-45db-b6fd-f1560b32f358/train2022_000000001098_right_body.jpg,train2022_000000001098,right_body,2,True,center,2,0.8515625,0.4152379027415277,58e30f7ed6f2a59a5e2fdf75f1686d8db0b553d70c48b69eca351bb6bac66fcc
3193,hyena/cropped_images/right body/2c47b308-3b61-45db-b6fd-f1560b32f358/train2022_000000001266_right_body.jpg,train2022_000000001266,right_body,2,False,box_center,2,0.8359375,0.50625075900241,
3194,hyena/cropped_images/right body/2c47b308-3b61-45db-b6fd-f1560b32f358/train2022_000000001354_right_body.jpg,train2022_000000001354,right_body,2,True,center,0,0.98046875,0.5369474274252788,440b6a9efd8ff69e75ec4dd3a51d239bcf67049361a32a9fd5c657ff1108854d
3195,hyena/cropped_images/right body/2c47b308-3b61-45db-b6fd-f1560b32f358/train2022_000000001393_right_body.jpg,train2022_000000001393,right_body,2,True,box_center,2,0.890625,0.629441091954023,3478ebe5397e58ed0231af0fe7a7993938b0c2f93f029794c3fd552c49edcee1
3196,hyena/cropped_images/right body/2c47b308-3b61-45db-b6fd-f1560b32f358/train2022_000000001621_right_body.jpg,train2022_000000001621,right_body,2,False,box_center,0,0.84765625,0.8234841134161931,
3197,hyena/cropped_images/right body/2c47b308-3b61-45db-b6fd-f1560b32f358/train2022_000000001807_right_body.jpg,train2022_000000001807,right_body,2,False,box_center,2,0.84375,0.6233711477396998,
3198,hyena/cropped_images/right body/2c47b308-3b61-45db-b6fd-f1560b32f358/train2022_000000001830_right_body.jpg,train2022_000000001830,right_body,2,True,center,0,0.97265625,0.4531927397003355,bdd41bcbd21e4ef56eab153bafbba99aaa2f4d0bff92dc5eb113a5ea3657dd57
3199,hyena/cropped_images/right body/2c47b308-3b61-45db-b6fd-f1560b32f358/train2022_000000002021_right_body.jpg,train2022_000000002021,right_body,2,False,box_center,2,0.81640625,0.3859771563353204,
3200,hyena/cropped_images/right body/2c47b308-3b61-45db-b6fd-f1560b32f358/train2022_000000002046_right_body.jpg,train2022_000000002046,right_body,2,False,box_center,0,0.7890625,0.884076029367242,
3201,hyena/cropped_images/right body/2c47b308-3b61-45db-b6fd-f1560b32f358/train2022_000000002209_right_body.jpg,train2022_000000002209,right_body,2,True,center,2,0.9296875,0.19841461488692924,8b61b46827ae1e93fb204e943fbbb51ea1bcd461964ed2fe2b016e9f3d9e56f1
3202,hyena/cropped_images/right body/2c47b308-3b61-45db-b6fd-f1560b32f358/train2022_000000002236_right_body.jpg,train2022_000000002236,right_body,2,False,box_center,2,0.83984375,0.8119929157791447,
3203,hyena/cropped_images/right body/2c47b308-3b61-45db-b6fd-f1560b32f358/train2022_000000002352_right_body.jpg,train2022_000000002352,right_body,2,True,center,0,0.984375,0.5132489717758464,64a8bfaab9cc497a47c387729898cef4f7ffc243d778d8fdf770058ffd94bae5
3204,hyena/cropped_images/right body/2c47b308-3b61-45db-b6fd-f1560b32f358/train2022_000000002361_right_body.jpg,train2022_000000002361,right_body,2,False,box_center,0,0.84375,0.7984190333887565,
3205,hyena/cropped_images/right body/2c47b308-3b61-45db-b6fd-f1560b32f358/train2022_000000002384_right_body.jpg,train2022_000000002384,right_body,2,True,box_center,0,0.9140625,0.8491271216293904,7fe62333dc85123d33cd7c56ca989e3ca2ffabef64692bc4d44b7914b795bd3f
3206,hyena/cropped_images/right body/2c47b308-3b61-45db-b6fd-f1560b32f358/train2022_000000002403_right_body.jpg,train2022_000000002403,right_body,2,True,box_center,0,0.86328125,0.8544173139594717,b1d69f7ab619e0e2a0eb0af5e4a9d56e8fea38b5e4ac67f5e3b848a2f86a4d0b
3207,hyena/cropped_images/right body/2c47b308-3b61-45db-b6fd-f1560b32f358/train2022_000000002479_right_body.jpg,train2022_000000002479,right_body,2,True,box_center,0,0.87890625,0.7873931133899027,0cf3586e72093e639e6f6ad4fb3529b863e109dec14003c2626e30105f797e55
3208,hyena/cropped_images/right body/2c47b308-3b61-45db-b6fd-f1560b32f358/train2022_000000002619_right_body.jpg,train2022_000000002619,right_body,2,True,box_center,2,0.859375,0.5945465257166994,469dd3698501764933573b3b1c1c026440db649599e80502f9fda1bcc11bb452
3209,hyena/cropped_images/right body/2c47b308-3b61-45db-b6fd-f1560b32f358/train2022_000000002718_right_body.jpg,train2022_000000002718,right_body,2,True,box_center,2,0.86328125,0.5960496026289449,6ffb226751bc3b9e4d1556c4e2ab33ccec68ff87660df5fbf3d31c75243393a9
3210,hyena/cropped_images/right body/2c47b308-3b61-45db-b6fd-f1560b32f358/train2022_000000002807_right_body.jpg,train2022_000000002807,right_body,2,True,box_center,0,0.90625,0.7466405451634234,e27d782cc43770b0e1ce19ad0ef286828239a487288304893f214da4f5c04b85
3211,hyena/cropped_images/right body/2c47b308-3b61-45db-b6fd-f1560b32f358/train2022_000000002814_right_body.jpg,train2022_000000002814,right_body,2,False,box_center,0,0.68359375,0.7279978632682457,
3212,hyena/cropped_images/right body/2d191ce6-09a1-427e-b32c-4001038057c3/train2022_000000000412_right_body.jpg,train2022_000000000412,right_body,2,True,center,0,0.98828125,0.6035402153656155,b416ba545dcc0b55eec7e8d3b1b763414b470aa1c90f0fa79a8968dfc18fcd65
3213,hyena/cropped_images/right body/2d191ce6-09a1-427e-b32c-4001038057c3/train2022_000000001021_right_body.jpg,train2022_000000001021,right_body,2,True,box_center,2,0.94140625,0.440811003650538,d2cc2b5b37d6bcc048be466a8799d58d21f47dccdb05d97fb6689f1041796781
3214,hyena/cropped_images/right body/2db6e83c-f316-45ea-9a60-b1fc2482a2f8/train2022_000000001457_right_body.jpg,train2022_000000001457,right_body,2,True,center,0,0.9765625,0.6062008610262287,4c9410ad0ed22e6f7d4f550887e3385cf73e032aa9d1ff4beb5a55ebeafc7198
3215,hyena/cropped_images/right body/2db6e83c-f316-45ea-9a60-b1fc2482a2f8/train2022_000000002280_right_body.jpg,train2022_000000002280,right_body,2,True,center,0,0.97265625,0.5252239249947668,2ed52d8500e7a0821cb5a1c9b9d44e75e192a2497789cd6dd21ae084cfe882cf
3216,hyena/cropped_images/right body/2f698ae6-cb0a-44e4-b813-ebd2faf0af13/train2022_000000000273_right_body.jpg,train2022_000000000273,right_body,2,True,center,0,0.96484375,0.5892050320450828,7d67dd98fa45a55d138c11bf3d12e51103a0cdd9cff54a22771f866f40665172
3217,hyena/cropped_images/right body/2f698ae6-cb0a-44e4-b813-ebd2faf0af13/train2022_000000000413_right_body.jpg,train2022_000000000413,right_body,2,True,box_center,2,0.94140625,0.488342624218599,de103c9bf4856f3488408c141ec48e8f03e822d602ea8db1fb03bdb289eeb41a
3218,hyena/cropped_images/right body/2f698ae6-cb0a-44e4-b813-ebd2faf0af13/train2022_000000001250_right_body.jpg,train2022_000000001250,right_body,2,False,center,0,0.8125,0.34848044309974063,
3219,hyena/cropped_images/right body/2f698ae6-cb0a-44e4-b813-ebd2faf0af13/train2022_000000002375_right_body.jpg,train2022_000000002375,right_body,2,True,box_center,2,0.91015625,0.4919146633686326,77673fa0fd887f60d272cdfecaee15098ce2eeeaf311fcc56b50cc93e03260a0
3220,hyena/cropped_images/right body/306f89ef-3312-4218-8c1c-59f94f3fc32c/train2022_000000000585_right_body.jpg,train2022_000000000585,right_body,2,False,box_center,2,0.83984375,0.6599745261179935,
3221,hyena/cropped_images/right body/306f89ef-3312-4218-8c1c-59f94f3fc32c/train2022_000000001693_right_body.jpg,train2022_000000001693,right_body,2,True,center,2,0.890625,0.4324416444019307,2f8d98b634b18be7685968c017a6c6fc05bb64ac8813b9f301c57a21ba68d143
3222,hyena/cropped_images/right body/310eb8ee-7097-4ea5-b91e-31ce40b9685c/train2022_000000000126_right_body.jpg,train2022_000000000126,right_body,2,False,box_center,0,0.8203125,0.7899970083494248,
3223,hyena/cropped_images/right body/310eb8ee-7097-4ea5-b91e-31ce40b9685c/train2022_000000000325_right_body.jpg,train2022_000000000325,right_body,2,True,center,0,0.96875,0.5825674433994111,7334d7ca6566f598c3852f51f6a62ff469f14f2364fdca7458faf4e49d92db8b
3224,hyena/cropped_images/right body/310eb8ee-7097-4ea5-b91e-31ce40b9685c/train2022_000000000734_right_body.jpg,train2022_000000000734,right_body,2,True,center,0,0.9765625,0.47076305455679307,ec7d40d9ec98469eb59763f5a62a9ad65c106743411c1be5c56741f74858bfbe
3225,hyena/cropped_images/right body/310eb8ee-7097-4ea5-b91e-31ce40b9685c/train2022_000000001104_right_body.jpg,train2022_000000001104,right_body,2,True,center,0,0.96875,0.6355901215121512,bc7b19b231f6067180e47cc20472fad5d625fc2142e0e4b4cf3bb01557153266
3226,hyena/cropped_images/right body/310eb8ee-7097-4ea5-b91e-31ce40b9685c/train2022_000000001233_right_body.jpg,train2022_000000001233,right_body,2,True,center,0,0.953125,0.5332433910022397,cb9ec3a6fc4485541b2bb2bb326897fa30fedbc5c04b55dd93c037758cc028d3
3227,hyena/cropped_images/right body/310eb8ee-7097-4ea5-b91e-31ce40b9685c/train2022_000000001382_right_body.jpg,train2022_000000001382,right_body,2,True,center,0,0.9609375,0.37711445386863923,d97995cecc448319488b0816250c3e51a66ed0a7ec2f6c6829ace9531321d5fd
3228,hyena/cropped_images/right body/310eb8ee-7097-4ea5-b91e-31ce40b9685c/train2022_000000001485_right_body.jpg,train2022_000000001485,right_body,2,True,center,0,0.97265625,0.540080575322866,71d837ea225e04c33c42f1a86f7fb1c6554275ae2c0d7749ddddd6e4d5b28b02
3229,hyena/cropped_images/right body/310eb8ee-7097-4ea5-b91e-31ce40b9685c/train2022_000000001583_right_body.jpg,train2022_000000001583,right_body,2,True,center,2,0.94921875,0.3709128519951955,85e3ffe5260d4e7ff1618fdcf24e35b7025c645f87b3a9960bfc5ec346635212
3230,hyena/cropped_images/right body/310eb8ee-7097-4ea5-b91e-31ce40b9685c/train2022_000000001895_right_body.jpg,train2022_000000001895,right_body,2,True,center,0,0.95703125,0.40956752345981234,eaf26018e1fe0ae2c80fa1aef5eae4613b47ade0417bf814b7a73ea93b2101f7
3231,hyena/cropped_images/right body/310eb8ee-7097-4ea5-b91e-31ce40b9685c/train2022_000000002389_right_body.jpg,train2022_000000002389,right_body,2,True,center,0,0.9765625,0.5295181824046795,a795841094d1e4c40f71494137bda758ef7a8ecdd3f33a64cab6a5b8f6967579
3232,hyena/cropped_images/right body/310eb8ee-7097-4ea5-b91e-31ce40b9685c/train2022_000000002442_right_body.jpg,train2022_000000002442,right_body,2,True,box_center,2,0.9296875,0.4493775011116052,8e6fcd33fc6e4195ef2c856451b369e228e171810c090b7fdc1ab1db096160bb
3233,hyena/cropped_images/right body/310eb8ee-7097-4ea5-b91e-31ce40b9685c/train2022_000000002524_right_body.jpg,train2022_000000002524,right_body,2,True,center,0,0.9765625,0.47714127814462265,57e56dcb7cc3ed9fba78242fbd09b5f0949ba3ce8d2da3b0c414c06d65ed23a8
3234,hyena/cropped_images/right body/310eb8ee-7097-4ea5-b91e-31ce40b9685c/train2022_000000002630_right_body.jpg,train2022_000000002630,right_body,2,True,center,0,0.98828125,0.4651260723233863,52aa7294a4a3468b3ccba4c315d8ad774a16655f0dfc1e220e324ed21f1f9e8d
3235,hyena/cropped_images/right body/310eb8ee-7097-4ea5-b91e-31ce40b9685c/train2022_000000002905_right_body.jpg,train2022_000000002905,right_body,2,True,center,0,0.9765625,0.48399756348198886,24d7c337d11eaa1b836d2f457c2dfe9773521603917f59ae361ca8f81aadc6f0
3236,hyena/cropped_images/right body/310eb8ee-7097-4ea5-b91e-31ce40b9685c/train2022_000000002943_right_body.jpg,train2022_000000002943,right_body,2,False,box_center,2,0.82421875,0.31865413161801087,
3237,hyena/cropped_images/right body/34365bcc-5b2d-4f80-b721-ef7039e64fe8/train2022_000000000067_right_body.jpg,train2022_000000000067,right_body,2,True,box_center,0,0.9140625,0.8546083564093688,50aab8d5de92a5e522092c439aaa7a0cd06cf1d325a658cb2f609089f1ae9035
3238,hyena/cropped_images/right body/34365bcc-5b2d-4f80-b721-ef7039e64fe8/train2022_000000000137_right_body.jpg,train2022_000000000137,right_body,2,True,center,0,0.97265625,0.5112513186451383,c4095aeb8c683d125a70f07018cd56b7134bdea366e4ff5ecf7e8f16ee881f14
3239,hyena/cropped_images/right body/34365bcc-5b2d-4f80-b721-ef7039e64fe8/train2022_000000000173_right_body.jpg,train2022_000000000173,right_body,2,True,center,0,0.921875,0.6810193737861778,2144aad05e1ec9aea61638f9f40b03d238be03f19151ea379dec65135120ca89
3240,hyena/cropped_images/right body/34365bcc-5b2d-4f80-b721-ef7039e64fe8/train2022_000000000245_right_body.jpg,train2022_000000000245,right_body,2,True,center,0,0.9375,0.5433915800762158,f0c8ab648c6eb02569db5c32d9fdd79f1d22edd52676866952f1c8630f7e1430
3241,hyena/cropped_images/right body/34365bcc-5b2d-4f80-b721-ef7039e64fe8/train2022_000000000327_right_body.jpg,train2022_000000000327,right_body,2,True,box_center,0,0.93359375,0.8539673314572372,d8e49029922a266eb35b9de9ca538e4a084e20fe983a2ffa66afaa3efb3977fd
3242,hyena/cropped_images/right body/34365bcc-5b2d-4f80-b721-ef7039e64fe8/train2022_000000000660_right_body.jpg,train2022_000000000660,right_body,2,True,box_center,2,0.8984375,0.4673405339311188,600412236459a4c3185211a59303a376b9e7a17aeb72f2ca39a7cc99c7026724
3243,hyena/cropped_images/right body/34365bcc-5b2d-4f80-b721-ef7039e64fe8/train2022_000000000710_right_body.jpg,train2022_000000000710,right_body,2,True,box_center,2,0.8828125,0.5666641918173231,ab5973770ae5a4a636daaa57bcaf9c9c5923def9c4238613b4fd5e102cd3d98b
3244,hyena/cropped_images/right body/34365bcc-5b2d-4f80-b721-ef7039e64fe8/train2022_000000000711_right_body.jpg,train2022_000000000711,right_body,2,True,box_center,2,0.90625,0.4846804141317999,3ea973ef02dea38ae09432d5efc05fb45cc2a697484e641444db38f124f0d5b9
3245,hyena/cropped_images/right body/34365bcc-5b2d-4f80-b721-ef7039e64fe8/train2022_000000000756_right_body.jpg,train2022_000000000756,right_body,2,True,box_center,2,0.875,0.4988727182262027,b64066c2c6e06f1c57b4d49641519fd65b5fab06bdc7c5cd57828d844816af07
3246,hyena/cropped_images/right body/34365bcc-5b2d-4f80-b721-ef7039e64fe8/train2022_000000000855_right_body.jpg,train2022_000000000855,right_body,2,True,center,0,0.94140625,0.5315038788455071,17b537d1efe98ac9d54c15b628452064524300950c92a4ab2a5682cb4096d7f3
3247,hyena/cropped_images/right body/34365bcc-5b2d-4f80-b721-ef7039e64fe8/train2022_000000001027_right_body.jpg,train2022_000000001027,right_body,2,True,box_center,2,0.8828125,0.4943151910727445,83c91b9eb7812bdb080ecc54b082ba165bb9415d7cfa261e0337ee77f764550e
3248,hyena/cropped_images/right body/34365bcc-5b2d-4f80-b721-ef7039e64fe8/train2022_000000001064_right_body.jpg,train2022_000000001064,right_body,2,False,box_center,2,0.5234375,0.19719827586206898,
3249,hyena/cropped_images/right body/34365bcc-5b2d-4f80-b721-ef7039e64fe8/train2022_000000001131_right_body.jpg,train2022_000000001131,right_body,2,False,box_center,2,0.8203125,0.4432608695652174,
3250,hyena/cropped_images/right body/34365bcc-5b2d-4f80-b721-ef7039e64fe8/train2022_000000001146_right_body.jpg,train2022_000000001146,right_body,2,True,box_center,2,0.90625,0.6930830726451165,e065bb321c8ebc4f15c67045017d8a2ef60dcf4eb1006526dc5569711a2414fb
3251,hyena/cropped_images/right body/34365bcc-5b2d-4f80-b721-ef7039e64fe8/train2022_000000001188_right_body.jpg,train2022_000000001188,right_body,2,True,box_center,2,0.86328125,0.5374684924041148,d71670e2af17c1c7b2ca57b8ec468ac960f576bdcf35a8e3fd5a454b9dfa61da
3252,hyena/cropped_images/right body/34365bcc-5b2d-4f80-b721-ef7039e64fe8/train2022_000000001528_right_body.jpg,train2022_000000001528,right_body,2,True,center,0,0.96484375,0.4338018493516387,5dd1072fb82798194ab1668e036f3695409b1d6046002473ca72d3221fd0e9ba
3253,hyena/cropped_images/right body/34365bcc-5b2d-4f80-b721-ef7039e64fe8/train2022_000000001721_right_body.jpg,train2022_000000001721,right_body,2,True,box_center,2,0.859375,0.5478755852154549,817086d83f6a0853067b34263997cd1073f5bfd6430de3300dd5f16268fa3f2c
3254,hyena/cropped_images/right body/34365bcc-5b2d-4f80-b721-ef7039e64fe8/train2022_000000001746_right_body.jpg,train2022_000000001746,right_body,2,False,box_center,2,0.71484375,0.29100907957290933,
3255,hyena/cropped_images/right body/34365bcc-5b2d-4f80-b721-ef7039e64fe8/train2022_000000001780_right_body.jpg,train2022_000000001780,right_body,2,True,box_center,2,0.9140625,0.6789950005473854,babea1c9b1c645410f69c4ad360e6971fcb77cc3eb20ac7ee4de14f815c02ba3
3256,hyena/cropped_images/right body/34365bcc-5b2d-4f80-b721-ef7039e64fe8/train2022_000000001813_right_body.jpg,train2022_000000001813,right_body,2,False,box_center,2,0.8359375,0.4447767414616563,
3257,hyena/cropped_images/right body/34365bcc-5b2d-4f80-b721-ef7039e64fe8/train2022_000000001959_right_body.jpg,train2022_000000001959,right_body,2,True,center,2,0.8984375,0.4504842615012107,b44d7305b0c79f05e2ffd745629e0eab48170131734bf7de8f4e77cd83ea5b0b
3258,hyena/cropped_images/right body/34365bcc-5b2d-4f80-b721-ef7039e64fe8/train2022_000000002181_right_body.jpg,train2022_000000002181,right_body,2,False,box_center,2,0.796875,0.4217176423116078,
3259,hyena/cropped_images/right body/34365bcc-5b2d-4f80-b721-ef7039e64fe8/train2022_000000002231_right_body.jpg,train2022_000000002231,right_body,2,True,box_center,2,0.95703125,0.4801533732135141,9468782ef5bf64d5f72511019f08b152a056b350f6c2c2ab7c169e73564da3b5
3260,hyena/cropped_images/right body/34365bcc-5b2d-4f80-b721-ef7039e64fe8/train2022_000000002321_right_body.jpg,train2022_000000002321,right_body,2,True,center,0,0.87109375,0.43926033591731267,19065824d7b66cc1bdce38872ab2925694c32ec1cbab64c65d7313f669effd9a
3261,hyena/cropped_images/right body/34365bcc-5b2d-4f80-b721-ef7039e64fe8/train2022_000000002434_right_body.jpg,train2022_000000002434,right_body,2,True,center,0,0.89453125,0.5409204033777855,116860a987dadefba386aae0f03b542f1ce446e055739b04f5aff11cb94c2481
3262,hyena/cropped_images/right body/34365bcc-5b2d-4f80-b721-ef7039e64fe8/train2022_000000002500_right_body.jpg,train2022_000000002500,right_body,2,False,box_center,2,0.83984375,0.42846950595108196,
3263,hyena/cropped_images/right body/34365bcc-5b2d-4f80-b721-ef7039e64fe8/train2022_000000002566_right_body.jpg,train2022_000000002566,right_body,2,False,box_center,0,0.79296875,0.6950720882172495,
3264,hyena/cropped_images/right body/34365bcc-5b2d-4f80-b721-ef7039e64fe8/train2022_000000002719_right_body.jpg,train2022_000000002719,right_body,2,False,box_center,0,0.76171875,0.8249844847297076,
3265,hyena/cropped_images/right body/34365bcc-5b2d-4f80-b721-ef7039e64fe8/train2022_000000002946_right_body.jpg,train2022_000000002946,right_body,2,True,box_center,0,0.87109375,0.7758339380346109,6e84e4628082120da49e9380e6565f50443f2ff56ff76eae68fe6186f115ad79
3266,hyena/cropped_images/right body/36fe7f0d-eb06-416e-b9c3-0387b970ccc9/train2022_000000000140_right_body.jpg,train2022_000000000140,right_body,2,True,center,0,0.98046875,0.45332997090203686,7a7dddee1f702248f440a5daab3008a2981ed06ecf96ec28bab63595d11335c4
3267,hyena/cropped_images/right body/36fe7f0d-eb06-416e-b9c3-0387b970ccc9/train2022_000000000148_right_body.jpg,train2022_000000000148,right_body,2,False,box_center,0,0.77734375,0.8742068965517241,
3268,hyena/cropped_images/right body/36fe7f0d-eb06-416e-b9c3-0387b970ccc9/train2022_000000000452_right_body.jpg,train2022_000000000452,right_body,2,True,box_center,0,0.91015625,0.6679052299332774,efe3ec101b39bde9e11f7f0df6dff5e79c2c431bf0c93d5afffcee0c0da9de95
3269,hyena/cropped_images/right body/36fe7f0d-eb06-416e-b9c3-0387b970ccc9/train2022_000000002976_right_body.jpg,train2022_000000002976,right_body,2,True,center,0,0.984375,0.5174935053301084,d27f9321bd0b7381cc5d04e64f8f9e3a2d6cb19d5c25ea46204becf08d240c05
3270,hyena/cropped_images/right body/3772d75f-1801-4307-a18f-5fbcc1c10897/train2022_000000000930_right_body.jpg,train2022_000000000930,right_body,2,True,center,0,0.9609375,0.5175103466648656,0b550b65a47faf5b3cb5afe615029ff793ee476b2336d02466afb79e8deee65c
3271,hyena/cropped_images/right body/3772d75f-1801-4307-a18f-5fbcc1c10897/train2022_000000001307_right_body.jpg,train2022_000000001307,right_body,2,True,center,2,0.91015625,0.5172697528079622,76dd72d7e649c02fefba5f9b0768fc3f0dd8723e5441a16f9d9bead65b6cb37d
3272,hyena/cropped_images/right body/3772d75f-1801-4307-a18f-5fbcc1c10897/train2022_000000002064_right_body.jpg,train2022_000000002064,right_body,2,True,center,0,0.98828125,0.49805243528347276,49fef329864f452bdcbd26b298f97783a88b24e2aa7db9fee536853725e10650
3273,hyena/cropped_images/right body/39e2a478-dfec-4851-be25-af197a3d183f/train2022_000000000932_right_body.jpg,train2022_000000000932,right_body,2,True,center,0,0.9921875,0.5341589886035215,af24e27670081c4ffc30369b1a3930b2fda9da204602b704f0ed434ef5e569dc
3274,hyena/cropped_images/right body/39e2a478-dfec-4851-be25-af197a3d183f/train2022_000000002318_right_body.jpg,train2022_000000002318,right_body,2,True,center,0,0.98046875,0.5632071171388037,580c437e5b044edb3e22b9cb279ee5d4051a193f53f43eb67bc16da2e101ae5d
3275,hyena/cropped_images/right body/3a43347c-9ad1-47aa-969b-843ce5a0eac7/train2022_000000000801_right_body.jpg,train2022_000000000801,right_body,2,True,center,0,0.9609375,0.5111917648126716,b91b451bb19a905cc80ab09eacc058157c59c6792fcb2b68ae04e649ae4fba9a
3276,hyena/cropped_images/right body/3a43347c-9ad1-47aa-969b-843ce5a0eac7/train2022_000000001010_right_body.jpg,train2022_000000001010,right_body,2,True,center,0,0.98046875,0.5414937598291036,924256ee83204fdaf7d4004fc42078d406b1d4c93e4c5107a04518dc491f4fd2
3277,hyena/cropped_images/right body/3a43347c-9ad1-47aa-969b-843ce5a0eac7/train2022_000000001742_right_body.jpg,train2022_000000001742,right_body,2,True,center,0,0.98046875,0.5293538068393987,24c67992820ebc9be87c41815d7c03451ce23820781ae8b2fb0dca3168b2b5fc
3278,hyena/cropped_images/right body/3a43347c-9ad1-47aa-969b-843ce5a0eac7/train2022_000000002527_right_body.jpg,train2022_000000002527,right_body,2,True,box_center,0,0.87890625,0.8098778016333247,845f5aadea90b8fd05b7367c91b608d88bd1d3fdaf658aae9e38a336a292bafa
3279,hyena/cropped_images/right body/3be4ffda-e5d4-4ff8-bed2-da0417e3636f/train2022_000000000223_right_body.jpg,train2022_000000000223,right_body,2,True,center,0,0.98046875,0.5019466906259359,5a75b513a92370aa4174fcde689fa27a7e93fee0486d6c306861a6fe769e4e9f
3280,hyena/cropped_images/right body/3be4ffda-e5d4-4ff8-bed2-da0417e3636f/train2022_000000001413_right_body.jpg,train2022_000000001413,right_body,2,True,center,0,0.97265625,0.5405058909749065,0ccbbd00b12a7cc5947fbc8e505b284808ded9bbb9b286d6f00c4420656c0653
3281,hyena/cropped_images/right body/3be4ffda-e5d4-4ff8-bed2-da0417e3636f/train2022_000000003080_right_body.jpg,train2022_000000003080,right_body,2,True,center,0,0.96484375,0.532488526694356,687511161a442fc8b63df85133d29d159fa2736fe2946666b42a274442410579
3282,hyena/cropped_images/right body/3c5a76ad-2355-4293-a88a-03d7f6296c65/train2022_000000000050_right_body.jpg,train2022_000000000050,right_body,2,True,center,0,0.94921875,0.5115582408674064,55aa762a84df0d912e2ffad66f1619f97004eaf33bbe225512d0c93e54dfed17
3283,hyena/cropped_images/right body/3c5a76ad-2355-4293-a88a-03d7f6296c65/train2022_000000001180_right_body.jpg,train2022_000000001180,right_body,2,True,box_center,2,0.87109375,0.4554218911870825,05ce7f237c65643b6a7e66f92b2378dbcbf3eb8205de3ed84d474c9eda35b67e
3284,hyena/cropped_images/right body/3c5a76ad-2355-4293-a88a-03d7f6296c65/train2022_000000001215_right_body.jpg,train2022_000000001215,right_body,2,True,center,0,0.984375,0.5149348518482771,88e5f8379cbe7402016007a790f176cafe16d970ae0e74d056f681d102b3d518
3285,hyena/cropped_images/right body/3c5a76ad-2355-4293-a88a-03d7f6296c65/train2022_000000002368_right_body.jpg,train2022_000000002368,right_body,2,False,box_center,0,0.8203125,0.6894553620838321,
3286,hyena/cropped_images/right body/3c5a76ad-2355-4293-a88a-03d7f6296c65/train2022_000000002599_right_body.jpg,train2022_000000002599,right_body,2,True,center,0,0.9609375,0.4724639974679538,68a5db2d7d32685b04984c910d568d91051d443d5ad238d45e30c3cfe9d07ff4
3287,hyena/cropped_images/right body/3c5a76ad-2355-4293-a88a-03d7f6296c65/train2022_000000002805_right_body.jpg,train2022_000000002805,right_body,2,True,center,0,0.984375,0.6666413575794389,fd4fbb4985e520b64f575f6c36ba6799247febf9958ae9ac52db42ae52af4a08
3288,hyena/cropped_images/right body/3d7cacfc-f9da-4922-8603-69f8007b2e55/train2022_000000000158_right_body.jpg,train2022_000000000158,right_body,2,True,center,0,0.953125,0.523079857437004,17a40690bb515c738e7ebaaa874da17725ee940eee09110601e1af14c699c932
3289,hyena/cropped_images/right body/3d7cacfc-f9da-4922-8603-69f8007b2e55/train2022_000000000702_right_body.jpg,train2022_000000000702,right_body,2,True,center,0,0.96875,0.5432509043232083,ba5ea1007c3a5b8fe1c46e8356db7e67e6250291d65915877d425e3e4ed334fa
3290,hyena/cropped_images/right body/3d7cacfc-f9da-4922-8603-69f8007b2e55/train2022_000000000882_right_body.jpg,train2022_000000000882,right_body,2,True,center,0,0.94140625,0.5753217463058116,f3ddcacaf72513d89b2d68cffd8063731296807bf1ddf45255f0e6a1bc62c5d7
3291,hyena/cropped_images/right body/3d7cacfc-f9da-4922-8603-69f8007b2e55/train2022_000000002468_right_body.jpg,train2022_000000002468,right_body,2,True,box_center,2,0.87109375,0.43710961639834783,a737d681c110ee5850f72d2d9be09c7da2fc7a955e19d0cca01c93bc8224cd77
3292,hyena/cropped_images/right body/4004afe6-b476-475e-867c-8d3b17e378c6/train2022_000000000008_right_body.jpg,train2022_000000000008,right_body,2,False,box_center,0,0.76953125,0.7846235246421692,
3293,hyena/cropped_images/right body/4004afe6-b476-475e-867c-8d3b17e378c6/train2022_000000000074_right_body.jpg,train2022_000000000074,right_body,2,False,box_center,0,0.78515625,0.602502910004757,
3294,hyena/cropped_images/right body/4004afe6-b476-475e-867c-8d3b17e378c6/train2022_000000000156_right_body.jpg,train2022_000000000156,right_body,2,False,box_center,0,0.77734375,0.7803385489953284,
3295,hyena/cropped_images/right body/4004afe6-b476-475e-867c-8d3b17e378c6/train2022_000000000258_right_body.jpg,train2022_000000000258,right_body,2,True,center,2,0.9296875,0.4032526161362377,9eebb711ad93e9fa53940efb4af5e812a59b17d6d177127ddb2e63be522368ce
3296,hyena/cropped_images/right body/4004afe6-b476-475e-867c-8d3b17e378c6/train2022_000000000451_right_body.jpg,train2022_000000000451,right_body,2,True,box_center,2,0.88671875,0.6232337097275459,8ac82c405e4ec4efeceb3c712f9c08f7c69d2fd0b88b3fb412c32d6f5e2c9e33
3297,hyena/cropped_images/right body/4004afe6-b476-475e-867c-8d3b17e378c6/train2022_000000000598_right_body.jpg,train2022_000000000598,right_body,2,False,box_center,0,0.75390625,0.8147442777187105,
3298,hyena/cropped_images/right body/4004afe6-b476-475e-867c-8d3b17e378c6/train2022_000000000681_right_body.jpg,train2022_000000000681,right_body,2,True,center,0,0.9609375,0.46155762031104164,5b8f2c71ecd7b5d730f3c4c047a9f62e533692d61e031d520d0bb3fa6ca0bc37
3299,hyena/cropped_images/right body/4004afe6-b476-475e-867c-8d3b17e378c6/train2022_000000000836_right_body.jpg,train2022_000000000836,right_body,2,True,box_center,2,0.9296875,0.5397188049209138,c25c4783b345ad649e592b447371de7cbf5fd9191796df92e82d1f0e5982aec3
3300,hyena/cropped_images/right body/4004afe6-b476-475e-867c-8d3b17e378c6/train2022_000000000968_right_body.jpg,train2022_000000000968,right_body,2,True,box_center,2,0.8984375,0.49888003779847656,6fa268d7bffb36a34ebe9a8c0919a56d7f8d466bc26815b3b61a7b4863545abe
3301,hyena/cropped_images/right body/4004afe6-b476-475e-867c-8d3b17e378c6/train2022_000000001063_right_body.jpg,train2022_000000001063,right_body,2,True,center,0,0.97265625,0.39167948601936475,3c798ead6d1515764380af452baa15f1d9331ef9ccdda374aaaf74881b8f86fa
3302,hyena/cropped_images/right body/4004afe6-b476-475e-867c-8d3b17e378c6/train2022_000000001119_right_body.jpg,train2022_000000001119,right_body,2,True,box_center,0,0.94921875,0.894741435068735,5359c34a0b78b8d7fa63c4448a6acf7bb461ec7cc10156327dcdefe9a608aa86
3303,hyena/cropped_images/right body/4004afe6-b476-475e-867c-8d3b17e378c6/train2022_000000001122_right_body.jpg,train2022_000000001122,right_body,2,True,box_center,2,0.91015625,0.6355655759886109,aa6130aa476c2e29e02effb51bdf57dd0d62d758e41b1ca601275a692949f05d
3304,hyena/cropped_images/right body/4004afe6-b476-475e-867c-8d3b17e378c6/train2022_000000001124_right_body.jpg,train2022_000000001124,right_body,2,False,box_center,0,0.73828125,0.7480498585413032,
3305,hyena/cropped_images/right body/4004afe6-b476-475e-867c-8d3b17e378c6/train2022_000000001129_right_body.jpg,train2022_000000001129,right_body,2,False,box_center,0,0.8203125,0.7680914663658779,
3306,hyena/cropped_images/right body/4004afe6-b476-475e-867c-8d3b17e378c6/train2022_000000001139_right_body.jpg,train2022_000000001139,right_body,2,True,box_center,0,0.96875,0.8785175373885051,367efdec9b07a853fbd0151ad80bbd409b5c10e440b7ebec0c212eb10a7cddd3
3307,hyena/cropped_images/right body/4004afe6-b476-475e-867c-8d3b17e378c6/train2022_000000001190_right_body.jpg,train2022_000000001190,right_body,2,True,center,2,0.9375,0.4482930298719772,3905def217fd6bb9a5a44246bd441ce730c37a767388b6cb3d811d03cea7ed3b
3308,hyena/cropped_images/right body/4004afe6-b476-475e-867c-8d3b17e378c6/train2022_000000001251_right_body.jpg,train2022_000000001251,right_body,2,False,box_center,0,0.765625,0.8069093501785809,
3309,hyena/cropped_images/right body/4004afe6-b476-475e-867c-8d3b17e378c6/train2022_000000001257_right_body.jpg,train2022_000000001257,right_body,2,True,box_center,0,0.93359375,0.8460755558610786,0d2af51118bb17fcda945a3df37361ea1debdf256223ab74fae3c409b8088098
3310,hyena/cropped_images/right body/4004afe6-b476-475e-867c-8d3b17e378c6/train2022_000000001283_right_body.jpg,train2022_000000001283,right_body,2,True,center,0,0.953125,0.5477204241815483,ac06564ac0f19024d54ca991af62746d2868b576977831bdcf034ee1b30910a6
3311,hyena/cropped_images/right body/4004afe6-b476-475e-867c-8d3b17e378c6/train2022_000000001462_right_body.jpg,train2022_000000001462,right_body,2,True,box_center,0,0.90234375,0.8797554172703042,a75ca2d78f214e25b1a0efaf6408c2a9a43f4ed267ab566e6ed50788d1f64339
3312,hyena/cropped_images/right body/4004afe6-b476-475e-867c-8d3b17e378c6/train2022_000000001498_right_body.jpg,train2022_000000001498,right_body,2,True,center,2,0.92578125,0.5799264005379859,881aaecbdc581893ddbace16c0827f643ecc0cc6480f8a253290cc1114bda639
3313,hyena/cropped_images/right body/4004afe6-b476-475e-867c-8d3b17e378c6/train2022_000000001652_right_body.jpg,train2022_000000001652,right_body,2,False,center,2,0.80859375,0.13093954658388943,
3314,hyena/cropped_images/right body/4004afe6-b476-475e-867c-8d3b17e378c6/train2022_000000001664_right_body.jpg,train2022_000000001664,right_body,2,True,box_center,2,0.92578125,0.45928781069988917,a8c077ff724f344586003cac81ae85e46f252d34abd99d0a247b11439866c49e
3315,hyena/cropped_images/right body/4004afe6-b476-475e-867c-8d3b17e378c6/train2022_000000001679_right_body.jpg,train2022_000000001679,right_body,2,True,box_center,2,0.88671875,0.6291239536237074,b2ed25a6d6b12df360b042e48e3fc9e9a1d64f4016baee3bb438552877942c55
3316,hyena/cropped_images/right body/4004afe6-b476-475e-867c-8d3b17e378c6/train2022_000000002043_right_body.jpg,train2022_000000002043,right_body,2,True,center,0,0.87890625,0.5632800045013785,3758dd295ca44181faf04bcaffec1c1918f2f3653fc89df8331dfa2c0788a27c
3317,hyena/cropped_images/right body/4004afe6-b476-475e-867c-8d3b17e378c6/train2022_000000002093_right_body.jpg,train2022_000000002093,right_body,2,False,center,0,0.83984375,0.8551715124462138,
3318,hyena/cropped_images/right body/4004afe6-b476-475e-867c-8d3b17e378c6/train2022_000000002325_right_body.jpg,train2022_000000002325,right_body,2,True,box_center,2,0.890625,0.48132516703786193,1a4ffa5e809102f983fbc0bdcb2c59945378cd31bc4877f8e75b60d17589382e
3319,hyena/cropped_images/right body/4004afe6-b476-475e-867c-8d3b17e378c6/train2022_000000002457_right_body.jpg,train2022_000000002457,right_body,2,True,box_center,2,0.92578125,0.49471453366219054,97be1dbf4571fbd19cec5f1f19c0651b8b8e33fc4ef1f20cf720934ce4e01d41
3320,hyena/cropped_images/right body/4004afe6-b476-475e-867c-8d3b17e378c6/train2022_000000002605_right_body.jpg,train2022_000000002605,right_body,2,True,center,0,0.94921875,0.4445840645840646,5aebf279e27b6335ebc51f12f3414c17a2b152c7086033797ca1c82150fd16fe
3321,hyena/cropped_images/right body/4004afe6-b476-475e-867c-8d3b17e378c6/train2022_000000002800_right_body.jpg,train2022_000000002800,right_body,2,True,box_center,0,0.8515625,0.48625562639136394,f8140b879b8b0969dd52496a1affb6b9f9f21ab566d450b566aeb58406fa9b74
3322,hyena/cropped_images/right body/4004afe6-b476-475e-867c-8d3b17e378c6/train2022_000000002903_right_body.jpg,train2022_000000002903,right_body,2,True,box_center,0,0.8828125,0.4746608304799558,bec347f185cfac660287aa056f6f1d6944d1620b78963c4c27b72a0fa775e017
3323,hyena/cropped_images/right body/4004afe6-b476-475e-867c-8d3b17e378c6/train2022_000000002942_right_body.jpg,train2022_000000002942,right_body,2,False,box_center,0,0.68359375,0.6848077861913516,
3324,hyena/cropped_images/right body/4004afe6-b476-475e-867c-8d3b17e378c6/train2022_000000002962_right_body.jpg,train2022_000000002962,right_body,2,False,box_center,0,0.7578125,0.7985523272070972,
3325,hyena/cropped_images/right body/400b4d96-c51c-4184-8f66-7f95319e45f3/train2022_000000000111_right_body.jpg,train2022_000000000111,right_body,2,True,box_center,0,0.98046875,0.6160152885113139,6fa1fe9e1401c478bff15e6c91f5be2789be84172b2d0a5407186ac83ed7e7c3
3326,hyena/cropped_images/right body/400b4d96-c51c-4184-8f66-7f95319e45f3/train2022_000000001482_right_body.jpg,train2022_000000001482,right_body,2,True,center,0,0.984375,0.6350429661678986,f36d50615fb60d2a51ea7770d86b4930fe16ca15de37bca99682c83f8ad935f9
3327,hyena/cropped_images/right body/400b4d96-c51c-4184-8f66-7f95319e45f3/train2022_000000001511_right_body.jpg,train2022_000000001511,right_body,2,True,center,2,0.96484375,0.6294007258832981,7b43b17e02f1acf24f69b7b8b83af4730a740a0da59d0045546442877220b015
3328,hyena/cropped_images/right body/400b4d96-c51c-4184-8f66-7f95319e45f3/train2022_000000001535_right_body.jpg,train2022_000000001535,right_body,2,True,center,0,0.984375,0.5820569085738209,c98653037e3bb99b6876aecaf2381b4f2d8c52a098a1b4f46dcbbd5db08a59e8
3329,hyena/cropped_images/right body/400b4d96-c51c-4184-8f66-7f95319e45f3/train2022_000000002508_right_body.jpg,train2022_000000002508,right_body,2,True,center,0,0.97265625,0.5879796809993127,c1aab18143b5c9e75716bef67beaa102ff88be14c0c58b0c44a2cff62149be73
3330,hyena/cropped_images/right body/41eef245-4fd5-42e4-9db8-c2076bd902b9/train2022_000000001289_right_body.jpg,train2022_000000001289,right_body,2,True,center,0,0.8515625,0.8338715490057276,3f3423675b3e2c150e88842f1d194e2b76ff67f5bc1a1ac1a410b2f0412c7094
3331,hyena/cropped_images/right body/41eef245-4fd5-42e4-9db8-c2076bd902b9/train2022_000000001391_right_body.jpg,train2022_000000001391,right_body,2,False,center,2,0.8359375,0.39596733749657287,
3332,hyena/cropped_images/right body/41eef245-4fd5-42e4-9db8-c2076bd902b9/train2022_000000001624_right_body.jpg,train2022_000000001624,right_body,2,True,center,0,0.96484375,0.49595105383953925,cb1db2c3febdc80b5c1c0994628375b915c9b8eda56e87fcf393f587e3f22ab5
3333,hyena/cropped_images/right body/41eef245-4fd5-42e4-9db8-c2076bd902b9/train2022_000000002074_right_body.jpg,train2022_000000002074,right_body,2,True,center,0,0.96484375,0.5235681710948497,7f06fa3b7de951a5ea8a51f40762959e36910f855bf27855adc8e30df5f433cf
3334,hyena/cropped_images/right body/41eef245-4fd5-42e4-9db8-c2076bd902b9/train2022_000000002799_right_body.jpg,train2022_000000002799,right_body,2,True,box_center,0,0.96875,0.5237591397849463,ca2773446989b6456662863c91752462e2a0673807c864227bebc57c415c7a9e
3335,hyena/cropped_images/right body/42779875-0894-4e77-99f4-da82f72a17fa/train2022_000000000512_right_body.jpg,train2022_000000000512,right_body,2,False,box_center,0,0.80859375,0.6445160507027139,
3336,hyena/cropped_images/right body/42779875-0894-4e77-99f4-da82f72a17fa/train2022_000000001525_right_body.jpg,train2022_000000001525,right_body,2,True,center,0,0.93359375,0.4168831350203899,c097688643987824496db6193e4954845b85f0a0713717b28ee4d29c1a066328
3337,hyena/cropped_images/right body/44af1942-49f4-45ef-aed6-df0ce47d4bc9/train2022_000000000370_right_body.jpg,train2022_000000000370,right_body,2,True,center,0,0.9765625,0.5249785101596649,d1bd5fc7f018050b547659aaf33c5247d6dff9c7de63834564701dd15a7510db
3338,hyena/cropped_images/right body/44af1942-49f4-45ef-aed6-df0ce47d4bc9/train2022_000000000609_right_body.jpg,train2022_000000000609,right_body,2,True,center,0,0.953125,0.4848872329636897,5cc4fd4953a16169e403d53a6aeeec643e105ad5dd8d585c5ff778b90b9888b7
3339,hyena/cropped_images/right body/44af1942-49f4-45ef-aed6-df0ce47d4bc9/train2022_000000001083_right_body.jpg,train2022_000000001083,right_body,2,True,center,0,0.94140625,0.587348364978903,95354ece79914192a19e699410e5dfa6239ffd603e2ac90f1debc8b635141bf0
3340,hyena/cropped_images/right body/44af1942-49f4-45ef-aed6-df0ce47d4bc9/train2022_000000001353_right_body.jpg,train2022_000000001353,right_body,2,True,box_center,0,0.95703125,0.5380985886345764,acffc7df3e0756d91f58c58adfca550860f5e9fc28126d29d58bf951535763e5
3341,hyena/cropped_images/right body/45712db8-9da3-4558-bcc9-22d25d842af7/train2022_000000000580_right_body.jpg,train2022_000000000580,right_body,2,True,center,0,0.890625,0.5634886255810975,8bc3c7b9bc6e6acdb823ccadf892a3c23ca0571aedef10e8ae7a46c04d6136b0
3342,hyena/cropped_images/right body/45712db8-9da3-4558-bcc9-22d25d842af7/train2022_000000000787_right_body.jpg,train2022_000000000787,right_body,2,True,center,0,0.94921875,0.61300958822214,69ed4a4bbe1ed0e1ffd1c386e5d12cb86a3b4ebb3b1b026f8ee5cb8d423880e6
3343,hyena/cropped_images/right body/45712db8-9da3-4558-bcc9-22d25d842af7/train2022_000000001871_right_body.jpg,train2022_000000001871,right_body,2,True,box_center,2,0.95703125,0.5747001275092811,a7f4f21e20d2b20c58b3c7d77c0e95bfed4788825e1b74342648a7fdb97029e5
3344,hyena/cropped_images/right body/477d721a-6027-42a5-a2d7-94dc7e550fcc/train2022_000000000509_right_body.jpg,train2022_000000000509,right_body,2,True,center,0,0.9296875,0.5567597222721876,0ee8a5c2a421b083e79e16d8150c299a3ab4816d06d4186bae0cce787566b795
3345,hyena/cropped_images/right body/477d721a-6027-42a5-a2d7-94dc7e550fcc/train2022_000000001492_right_body.jpg,train2022_000000001492,right_body,2,True,center,0,0.96484375,0.637977397323206,1f60a8e75632d34dede91bc439e5a6ccb2c914cc45adb820bab045cbe9fe32e5
3346,hyena/cropped_images/right body/477d721a-6027-42a5-a2d7-94dc7e550fcc/train2022_000000002773_right_body.jpg,train2022_000000002773,right_body,2,False,box_center,2,0.77734375,0.42258242005030544,
3347,hyena/cropped_images/right body/48a2a80a-436d-4af1-b67a-8084c52f60d4/train2022_000000000460_right_body.jpg,train2022_000000000460,right_body,2,True,center,2,0.87890625,0.4414936458043777,8ec2fd33be4ec7b39ad09189c839fd016f193a3beab97dee37050558ea1c8847
3348,hyena/cropped_images/right body/48a2a80a-436d-4af1-b67a-8084c52f60d4/train2022_000000000651_right_body.jpg,train2022_000000000651,right_body,2,True,box_center,2,0.95703125,0.4951294456066946,de2eac001a2fe4c32745b0f3079d80234063ad5bf25fe83797990c540d500897
3349,hyena/cropped_images/right body/48a2a80a-436d-4af1-b67a-8084c52f60d4/train2022_000000001079_right_body.jpg,train2022_000000001079,right_body,2,True,center,0,0.984375,0.48014541568157526,3300a021832fd77968663043cf7e295d77ac2544939ec5c65746e7c1f1e961da
3350,hyena/cropped_images/right body/48a2a80a-436d-4af1-b67a-8084c52f60d4/train2022_000000001524_right_body.jpg,train2022_000000001524,right_body,2,True,box_center,2,0.92578125,0.5230706735966248,a7298533965ba89962bb4d5012c23088db2ef1e9d6d668026d8e5148dd99f313
3351,hyena/cropped_images/right body/48a2a80a-436d-4af1-b67a-8084c52f60d4/train2022_000000001973_right_body.jpg,train2022_000000001973,right_body,2,True,box_center,0,0.9140625,0.7816470111528294,b93fe27eed66c01a7915641eca3c22d96fd86e6f2ab2770aec97ece83cb4dda3
3352,hyena/cropped_images/right body/48a2a80a-436d-4af1-b67a-8084c52f60d4/train2022_000000002549_right_body.jpg,train2022_000000002549,right_body,2,True,center,0,0.9609375,0.5337218626496363,633c3946f95f387460f5f2c5465d6dd918ce803d2a95cb9406914613b7608229
3353,hyena/cropped_images/right body/49993bd8-5e05-48a1-a8eb-1aa5212aea36/train2022_000000000071_right_body.jpg,train2022_000000000071,right_body,2,True,box_center,0,0.8828125,0.8684026333178336,d64275db0e1146e0878bd03ce029d17664afa4aa2344dc3fc446672597e36d78
3354,hyena/cropped_images/right body/49993bd8-5e05-48a1-a8eb-1aa5212aea36/train2022_000000001803_right_body.jpg,train2022_000000001803,right_body,2,True,box_center,0,0.91015625,0.8979163729711798,ef760c398a4ff29f56fa1f5a052e1666f715ae5a431f0bc194379953fc4ffb31
3355,hyena/cropped_images/right body/49993bd8-5e05-48a1-a8eb-1aa5212aea36/train2022_000000002210_right_body.jpg,train2022_000000002210,right_body,2,True,box_center,2,0.87890625,0.565047346629573,938ff6f4e11f277493c8ffb0591014196828df87be1321a32f79908d677453f2
3356,hyena/cropped_images/right body/49993bd8-5e05-48a1-a8eb-1aa5212aea36/train2022_000000002584_right_body.jpg,train2022_000000002584,right_body,2,True,center,0,0.921875,0.5255171512538331,a817c2db1cd48a8cc1b0b1890fd54ed5f204913faba96b0b1ab54cd4bf68a315
3357,hyena/cropped_images/right body/49993bd8-5e05-48a1-a8eb-1aa5212aea36/train2022_000000003025_right_body.jpg,train2022_000000003025,right_body,2,True,center,0,0.984375,0.7656872265567717,592c219f7bcc09fa2fbc507138f054ef5772df567d875bbc9f3cbfd578c4d298
3358,hyena/cropped_images/right body/4b3d02b4-f522-464b-ab0e-79e1089c5b57/train2022_000000001533_right_body.jpg,train2022_000000001533,right_body,2,True,center,0,0.98046875,0.5356608651293889,8d2a956a302e8792b071e3d839907b3a3598b5ef69821d688d4d986967884565
3359,hyena/cropped_images/right body/4b3d02b4-f522-464b-ab0e-79e1089c5b57/train2022_000000002391_right_body.jpg,train2022_000000002391,right_body,2,True,box_center,0,0.97265625,0.5385532539905393,49790560fa55ec7bbe7547b14483472a3ddad8f48066f8b339f763e12ffe3565
3360,hyena/cropped_images/right body/4b3d02b4-f522-464b-ab0e-79e1089c5b57/train2022_000000003020_right_body.jpg,train2022_000000003020,right_body,2,True,center,0,0.98046875,0.5006033568581563,b09ae94c8c5784e2e348443db92e33e74105351d1d76179b72754a73ec826c8b
3361,hyena/cropped_images/right body/4bb25d71-806b-442d-950b-f137f820a90f/train2022_000000000519_right_body.jpg,train2022_000000000519,right_body,2,True,center,0,0.953125,0.5902451066214895,a17a94334637066731914e17865c3603dafc8c5b3d81a71696dc0cc1a2765abc
3362,hyena/cropped_images/right body/4bb25d71-806b-442d-950b-f137f820a90f/train2022_000000002475_right_body.jpg,train2022_000000002475,right_body,2,True,center,2,0.9453125,0.5448855087203957,88d216752ff59aebcd92e980d03965fbde060f8e5a5ba2bdd882590bbcf6f6a5
3363,hyena/cropped_images/right body/4c139246-f943-4f0b-a658-d1a2fac27dc7/train2022_000000000312_right_body.jpg,train2022_000000000312,right_body,2,True,center,2,0.86328125,0.3822273103759307,aaed1910439896ed326d6ee1612b8a742cfdcffffd0d7df87626ce09920ed6ff
3364,hyena/cropped_images/right body/4c139246-f943-4f0b-a658-d1a2fac27dc7/train2022_000000000410_right_body.jpg,train2022_000000000410,right_body,2,True,center,0,0.96875,0.846125970087122,a140ad3ec8b2162842e9653dce8f21c1c0a42351e5c23cd557fdc6c67c781da7
3365,hyena/cropped_images/right body/4c139246-f943-4f0b-a658-d1a2fac27dc7/train2022_000000000499_right_body.jpg,train2022_000000000499,right_body,2,True,center,0,0.9765625,0.5566189126042455,e9421b7c6213214ed7fabae3e14ace3cc6a833ad8e15e12a6e4643fc7677782f
3366,hyena/cropped_images/right body/4c139246-f943-4f0b-a658-d1a2fac27dc7/train2022_000000001755_right_body.jpg,train2022_000000001755,right_body,2,True,center,0,0.97265625,0.49081108383909333,8ff0330a4da5eecacd12e2e69968aa23e597230b9f43541e104aa49c74324d6e
3367,hyena/cropped_images/right body/4c139246-f943-4f0b-a658-d1a2fac27dc7/train2022_000000002188_right_body.jpg,train2022_000000002188,right_body,2,True,box_center,2,0.890625,0.5085681426106958,9ff06c3aa53177fceca930234554e6420919d8d88fc14ef09bf83606328b92f2
3368,hyena/cropped_images/right body/4c139246-f943-4f0b-a658-d1a2fac27dc7/train2022_000000002776_right_body.jpg,train2022_000000002776,right_body,2,True,center,0,0.9765625,0.5684658712171711,cbce74d527dbfa31d3a8d5efa7494bbc52aeaaadd10e83d07abf9f42688e9cc7
3369,hyena/cropped_images/right body/4c139246-f943-4f0b-a658-d1a2fac27dc7/train2022_000000002955_right_body.jpg,train2022_000000002955,right_body,2,True,box_center,0,0.9375,0.7490236596785577,a1d263d0a487cad44072410ff45db1e5a06332533cf7693cb738a4f7b798fd83
3370,hyena/cropped_images/right body/4c139246-f943-4f0b-a658-d1a2fac27dc7/train2022_000000003033_right_body.jpg,train2022_000000003033,right_body,2,True,box_center,2,0.859375,0.5198222829801777,f0cf93b0dd8666bc7d6901989147024f846d578efc80d2be526a236d731e24f8
3371,hyena/cropped_images/right body/4c139246-f943-4f0b-a658-d1a2fac27dc7/train2022_000000003052_right_body.jpg,train2022_000000003052,right_body,2,True,box_center,0,0.88671875,0.7643300902590552,1098f6fcbbafa794eea8eee32dcd0ba4be432fa46c81cb7c56ba61fad5e58f65
3372,hyena/cropped_images/right body/4f461caa-6f3a-47c7-8926-050f87f9c8f0/train2022_000000000565_right_body.jpg,train2022_000000000565,right_body,2,True,center,0,0.96484375,0.5173753567070535,60d4c0953799b6e9707cf73fd19ec475c42ef197694d5f41b16d5fb4174cefbf
3373,hyena/cropped_images/right body/4f895a17-6192-4ff1-863a-004837871796/train2022_000000000411_right_body.jpg,train2022_000000000411,right_body,2,True,box_center,2,0.890625,0.4049133297753308,0953a3147b643c4043ea6d3d48cacb9037650a74263f5fff12f1348435007bd9
3374,hyena/cropped_images/right body/4f895a17-6192-4ff1-863a-004837871796/train2022_000000001885_right_body.jpg,train2022_000000001885,right_body,2,True,center,0,0.95703125,0.5759166714440922,82ade7637aed026df35eead2e0c3506a8ee1970caad45be86781b8beccacbd8b
3375,hyena/cropped_images/right body/4f895a17-6192-4ff1-863a-004837871796/train2022_000000002379_right_body.jpg,train2022_000000002379,right_body,2,True,box_center,0,0.8671875,0.8658649264483202,1cd59de0c72aa6bc1792458e547578ea93eea29b88ad7b95ac6eda0cf72595a1
3376,hyena/cropped_images/right body/4f895a17-6192-4ff1-863a-004837871796/train2022_000000003088_right_body.jpg,train2022_000000003088,right_body,2,False,box_center,0,0.81640625,0.8805598515310856,
3377,hyena/cropped_images/right body/51029c66-ec8d-4601-afb1-6c0164c303b4/train2022_000000001210_right_body.jpg,train2022_000000001210,right_body,2,False,box_center,0,0.76953125,0.5439224940593546,
3378,hyena/cropped_images/right body/51029c66-ec8d-4601-afb1-6c0164c303b4/train2022_000000001875_right_body.jpg,train2022_000000001875,right_body,2,True,box_center,2,0.93359375,0.5609229425465838,629c3526ae289d4293b6fa4d4d46a5832420ecf1ed936c9e8d1c67bc2b150975
3379,hyena/cropped_images/right body/525405f2-808c-4ab9-9364-f7fd9d076f6b/train2022_000000001137_right_body.jpg,train2022_000000001137,right_body,2,True,center,0,0.9609375,0.554392671037396,d4b92057f5eeecac814f312467cdd9dca43b274fe942fb6ee7693e4d2147bdec
3380,hyena/cropped_images/right body/525405f2-808c-4ab9-9364-f7fd9d076f6b/train2022_000000002419_right_body.jpg,train2022_000000002419,right_body,2,True,center,2,0.94140625,0.6320518940144461,043c489310772395e2f1ccc11cd38349be40e04ced22a826bcba508d40777c54
3381,hyena/cropped_images/right body/525405f2-808c-4ab9-9364-f7fd9d076f6b/train2022_000000002927_right_body.jpg,train2022_000000002927,right_body,2,True,center,0,0.91796875,0.5420744407741862,dfe398766255757889e2c7693be401e39df869da2e14bb6352e64418d66ef29b
3382,hyena/cropped_images/right body/5260c0df-76a3-4cb1-82fc-fd2f6a6440ad/train2022_000000000274_right_body.jpg,train2022_000000000274,right_body,2,True,box_center,2,0.93359375,0.5574397071490095,67a80c46592dc0ab07c5627197970b7c4d55b78c27095d26074084bc105573d6
3383,hyena/cropped_images/right body/5260c0df-76a3-4cb1-82fc-fd2f6a6440ad/train2022_000000000564_right_body.jpg,train2022_000000000564,right_body,2,True,center,0,0.96875,0.5152276867030965,4585a77c7504a2b1331b9c8a550073e66a1be37c4de4aa77c29885e1d95086a2
3384,hyena/cropped_images/right body/5260c0df-76a3-4cb1-82fc-fd2f6a6440ad/train2022_000000000936_right_body.jpg,train2022_000000000936,right_body,2,True,box_center,0,0.8515625,0.841528341391174,a6a57215fa0e19460b6fdfea09debac37dacdb44cc7cadeeed013e770cc635b7
3385,hyena/cropped_images/right body/5260c0df-76a3-4cb1-82fc-fd2f6a6440ad/train2022_000000001130_right_body.jpg,train2022_000000001130,right_body,2,True,center,0,0.9765625,0.5057857597126878,493a919f3c7eef3f501da8ffa8ea125bb281145d12a2581204b1465a901d4bde
3386,hyena/cropped_images/right body/5260c0df-76a3-4cb1-82fc-fd2f6a6440ad/train2022_000000001285_right_body.jpg,train2022_000000001285,right_body,2,False,box_center,2,0.8125,0.5421833814789958,
3387,hyena/cropped_images/right body/5260c0df-76a3-4cb1-82fc-fd2f6a6440ad/train2022_000000002532_right_body.jpg,train2022_000000002532,right_body,2,True,box_center,2,0.88671875,0.47470555433515266,1723e1b3f095b960dd203194b0763d61e80ac04582c2740154137683c420e926
3388,hyena/cropped_images/right body/5610d2b4-3e70-4ba0-8d05-47957e68b512/train2022_000000002938_right_body.jpg,train2022_000000002938,right_body,2,True,box_center,2,0.95703125,0.40452564227702476,3ca6a2403788248fd1b99dad9d1c4e9642404f9f6a4a83ce9b6d5dfe283c699e
3389,hyena/cropped_images/right body/56d1a077-635d-4401-a74b-ce92bad46e70/train2022_000000000633_right_body.jpg,train2022_000000000633,right_body,2,True,box_center,2,0.92578125,0.6910749449581682,efd1604ce4d53c644aa54c54a863b7082fe2de5ce10bfcf7216cbe6dadefa545
3390,hyena/cropped_images/right body/56d1a077-635d-4401-a74b-ce92bad46e70/train2022_000000000736_right_body.jpg,train2022_000000000736,right_body,2,True,box_center,2,0.87109375,0.5053436190525007,5c03399eaf88a6ad160910dfd5806b20bec9f6d564f763a708e632053c37693e
3391,hyena/cropped_images/right body/56d1a077-635d-4401-a74b-ce92bad46e70/train2022_000000001559_right_body.jpg,train2022_000000001559,right_body,2,True,box_center,0,0.890625,0.5699212788406486,73b7050e849c4ac8715e44104e284e68f9216c2ef5dd14417d26329a1103935d
3392,hyena/cropped_images/right body/56d1a077-635d-4401-a74b-ce92bad46e70/train2022_000000001870_right_body.jpg,train2022_000000001870,right_body,2,True,center,0,0.9609375,0.5448707145204279,bb75525a081f4fca76afa104419a292c2b063ed9ff3ad8ab3bdf96c5bb7bec59
3393,hyena/cropped_images/right body/56d1a077-635d-4401-a74b-ce92bad46e70/train2022_000000002593_right_body.jpg,train2022_000000002593,right_body,2,True,center,0,0.95703125,0.5689146732198961,09df9f4f13f41722d3f9eea42e53a7366c472bab21826b647234df659ffa7375
3394,hyena/cropped_images/right body/5714276c-6415-4eae-980b-1e4b923847b2/train2022_000000000482_right_body.jpg,train2022_000000000482,right_body,2,True,center,0,0.94921875,0.5132408963585434,506870f57441c3cbb51e3737836f734de0841031da3c2facd2d9e1cf982095f5
3395,hyena/cropped_images/right body/5714276c-6415-4eae-980b-1e4b923847b2/train2022_000000000510_right_body.jpg,train2022_000000000510,right_body,2,True,center,0,0.9765625,0.5328713624110043,bb2f9c866c40128891a276f24ee05338c08c07174631425c243e1dd07fb2353f
3396,hyena/cropped_images/right body/5714276c-6415-4eae-980b-1e4b923847b2/train2022_000000001080_right_body.jpg,train2022_000000001080,right_body,2,False,center,0,0.8046875,0.8372859025032938,
3397,hyena/cropped_images/right body/5714276c-6415-4eae-980b-1e4b923847b2/train2022_000000001172_right_body.jpg,train2022_000000001172,right_body,2,False,box_center,0,0.84375,0.8980829692210954,
3398,hyena/cropped_images/right body/5714276c-6415-4eae-980b-1e4b923847b2/train2022_000000001561_right_body.jpg,train2022_000000001561,right_body,2,True,center,0,0.96875,0.49101736642491184,4a53c5900fcc5a29444fcd15b3cf0e0d2213683109364489cdfa1560cdaa497d
3399,hyena/cropped_images/right body/5714276c-6415-4eae-980b-1e4b923847b2/train2022_000000001827_right_body.jpg,train2022_000000001827,right_body,2,True,box_center,2,0.89453125,0.4886497316755831,fdd3c590d872a053a0897a12b467b45af1aaa1547e9363ea477c79f8572dfe29
3400,hyena/cropped_images/right body/5714276c-6415-4eae-980b-1e4b923847b2/train2022_000000001850_right_body.jpg,train2022_000000001850,right_body,2,False,box_center,2,0.7734375,0.7419916666666667,
3401,hyena/cropped_images/right body/5714276c-6415-4eae-980b-1e4b923847b2/train2022_000000001855_right_body.jpg,train2022_000000001855,right_body,2,False,box_center,2,0.80859375,0.6538803986710964,
3402,hyena/cropped_images/right body/5714276c-6415-4eae-980b-1e4b923847b2/train2022_000000002138_right_body.jpg,train2022_000000002138,right_body,2,True,box_center,2,0.91015625,0.4798273393779012,2caa913b59741865ec1be2df53fb33ae32c5ed1682b13735687e132c56e07240
3403,hyena/cropped_images/right body/5714276c-6415-4eae-980b-1e4b923847b2/train2022_000000002168_right_body.jpg,train2022_000000002168,right_body,2,True,center,0,0.98046875,0.46400375939849625,944703244edc388cedff59be46508fe6b46a2378f855fef67743516a68ab7935
3404,hyena/cropped_images/right body/5714276c-6415-4eae-980b-1e4b923847b2/train2022_000000002198_right_body.jpg,train2022_000000002198,right_body,2,False,box_center,2,0.68359375,0.5689146514506537,
3405,hyena/cropped_images/right body/5714276c-6415-4eae-980b-1e4b923847b2/train2022_000000002551_right_body.jpg,train2022_000000002551,right_body,2,False,center,2,0.7578125,0.32686683209263856,
3406,hyena/cropped_images/right body/5714276c-6415-4eae-980b-1e4b923847b2/train2022_000000002965_right_body.jpg,train2022_000000002965,right_body,2,True,center,0,0.98828125,0.5409901895371537,611b7c9595e641b648f8ce9b23c2e42c09ddc1bc794a2dce1d43176094c5811f
3407,hyena/cropped_images/right body/5b3f1cd0-8656-4803-b85a-ac405603f434/train2022_000000000011_right_body.jpg,train2022_000000000011,right_body,2,True,box_center,2,0.9375,0.47280806297358935,bcd014f1b8ff600dbcad64bf8acd23e31bc83c7f541b28c30c095b0d8e5c9871
3408,hyena/cropped_images/right body/5b3f1cd0-8656-4803-b85a-ac405603f434/train2022_000000001009_right_body.jpg,train2022_000000001009,right_body,2,True,center,0,0.953125,0.48053225639432534,5974c769917ba10172dc4272760a24becd436f35b36f8085042a1fbd11d3c34a
3409,hyena/cropped_images/right body/5b3f1cd0-8656-4803-b85a-ac405603f434/train2022_000000001772_right_body.jpg,train2022_000000001772,right_body,2,True,box_center,2,0.8984375,0.48391940946887585,3183615fae44eadd72fc8e222ba84140b36c74f05ec315a23e2357fba0da67ec
3410,hyena/cropped_images/right body/5b3f1cd0-8656-4803-b85a-ac405603f434/train2022_000000002745_right_body.jpg,train2022_000000002745,right_body,2,True,center,0,0.9453125,0.5234501125975588,39e4d176673a071e302542237868a08ef9e625ef1eae34343c03d27e66a7300a
3411,hyena/cropped_images/right body/5b3f1cd0-8656-4803-b85a-ac405603f434/train2022_000000003028_right_body.jpg,train2022_000000003028,right_body,2,True,center,0,0.9453125,0.5701216795800177,d1cf8349678383a4df893ae5d771f9f618c5fbd30d443c09eeb970d316fc52bc
3412,hyena/cropped_images/right body/5c6bdd77-0364-48e8-8022-591ca47f076e/train2022_000000000500_right_body.jpg,train2022_000000000500,right_body,2,True,center,0,0.97265625,0.541451338855809,0d48daac256c90ad7f00d3e29681f4cd6c71d0bbe49ecc9a115a6661407a568b
3413,hyena/cropped_images/right body/5c6bdd77-0364-48e8-8022-591ca47f076e/train2022_000000000888_right_body.jpg,train2022_000000000888,right_body,2,True,center,0,0.97265625,0.6342591321589263,453c862048dcf03066be149ca980814e94fd5f8ea1cd009ca217e14eea33940b
3414,hyena/cropped_images/right body/5c6bdd77-0364-48e8-8022-591ca47f076e/train2022_000000001205_right_body.jpg,train2022_000000001205,right_body,2,True,center,0,0.984375,0.5233439665011848,f02cd0131057e3c24135a286672d9a8431aa7422db23407883256c628e9db348
3415,hyena/cropped_images/right body/5c6bdd77-0364-48e8-8022-591ca47f076e/train2022_000000002725_right_body.jpg,train2022_000000002725,right_body,2,True,center,0,0.984375,0.5177884760517907,be9a23ccf06a92f152ae417988bfa9dce95c691cdfa676ac4ad0162a60ae28a2
3416,hyena/cropped_images/right body/5fdac45d-b5e7-4133-a8f4-05b28552990c/train2022_000000000684_right_body.jpg,train2022_000000000684,right_body,2,True,box_center,2,0.91796875,0.4083247587216944,9dffa4232d3e0dc9f672a3c74b8d4e36bba721de701843b6a38916b3741f31ea
3417,hyena/cropped_images/right body/5ff6a7d1-4616-4201-a82f-30fad5e933a1/train2022_000000000342_right_body.jpg,train2022_000000000342,right_body,2,True,box_center,2,0.94140625,0.4757089851645806,e23904e7e28ed19c6658601e00a41fadd67f57ac695f021baafb89980c13dbe3
3418,hyena/cropped_images/right body/5ff6a7d1-4616-4201-a82f-30fad5e933a1/train2022_000000001074_right_body.jpg,train2022_000000001074,right_body,2,False,box_center,2,0.8046875,0.45776739561479446,
3419,hyena/cropped_images/right body/5ff6a7d1-4616-4201-a82f-30fad5e933a1/train2022_000000002420_right_body.jpg,train2022_000000002420,right_body,2,True,center,0,0.96484375,0.44166330999374376,f52aa889658bb73853c774ee367eee5ff4fa17655b57b0d1c0d9f7e4dcb32edf
3420,hyena/cropped_images/right body/60a80045-52d9-4d37-abc6-a396254d59f0/train2022_000000000911_right_body.jpg,train2022_000000000911,right_body,2,True,box_center,2,0.8984375,0.5116009266802689,3713247094eb9af8ae4518aff2a4a229bcdf17261c5d6a363746befbd95c5c78
3421,hyena/cropped_images/right body/60a80045-52d9-4d37-abc6-a396254d59f0/train2022_000000003082_right_body.jpg,train2022_000000003082,right_body,2,True,box_center,2,0.91015625,0.5086003202288237,54d5d79f92fb092ba2ac01b68666831f27ae6dfb61e63e41fdf27ed112326a69
3422,hyena/cropped_images/right body/60b9e2bb-87ef-4b1d-923c-f0585a74d0b7/train2022_000000001022_right_body.jpg,train2022_000000001022,right_body,2,True,box_center,2,0.90234375,0.436865483025332,924b6d9380aaf090dd2205f8d20274f4fa0a4689ba73272f5fe77c58e523f609
3423,hyena/cropped_images/right body/60b9e2bb-87ef-4b1d-923c-f0585a74d0b7/train2022_000000001199_right_body.jpg,train2022_000000001199,right_body,2,True,center,0,0.9609375,0.46396505510605,ffdc747816954d562db0df834b01534ed4b46ad27b596683c9305d43434f081f
3424,hyena/cropped_images/right body/610a34bf-1456-4efe-b5c7-10c5b588be2e/train2022_000000000419_right_body.jpg,train2022_000000000419,right_body,2,True,box_center,2,0.92578125,0.5555541634835752,c0e0d6358471e717b42867e83c670053f32430d4230946495b97884961d2ce43
3425,hyena/cropped_images/right body/610a34bf-1456-4efe-b5c7-10c5b588be2e/train2022_000000001018_right_body.jpg,train2022_000000001018,right_body,2,True,center,0,0.98046875,0.5379847014801815,c9ef6903b32802061694189a4250d3307d17523b382a30b265401e92a2d2f1a9
3426,hyena/cropped_images/right body/61f3efff-c86f-48ed-8b36-0dec4078b231/train2022_000000001052_right_body.jpg,train2022_000000001052,right_body,2,True,center,0,0.96875,0.5649754358506152,688374f255be8ba62a3f25e6a87ba30937fb672028e8923a2b5bff8e4bd218cb
3427,hyena/cropped_images/right body/61f3efff-c86f-48ed-8b36-0dec4078b231/train2022_000000001597_right_body.jpg,train2022_000000001597,right_body,2,True,center,0,0.9609375,0.5434702613572316,b2414bc6405244d9f64d7797ad10353c6230ab426741dd65a98d62a3b2805854
3428,hyena/cropped_images/right body/61f3efff-c86f-48ed-8b36-0dec4078b231/train2022_000000002369_right_body.jpg,train2022_000000002369,right_body,2,True,center,0,0.97265625,0.5647314049586777,a6b3c30b762c7194ac30b9693311342361c12a263a4e6025ab090520e8336035
3429,hyena/cropped_images/right body/62087513-88bc-4a3f-8699-cb8db0665501/train2022_000000000671_right_body.jpg,train2022_000000000671,right_body,2,True,box_center,2,0.90625,0.7680318772190217,3fdd4735a0f4f021cd0ab7f464c5aa4fedd21e5eb763cb2d39749fc339943cfe
3430,hyena/cropped_images/right body/62087513-88bc-4a3f-8699-cb8db0665501/train2022_000000003093_right_body.jpg,train2022_000000003093,right_body,2,True,center,0,0.98828125,0.7099071221252932,3a66bbeeb225952f7766c8c3932b15995bc49f2df04d4518306ce0fab8f8078c
3431,hyena/cropped_images/right body/656932aa-cf53-4f70-985b-a388f6c88f69/train2022_000000000772_right_body.jpg,train2022_000000000772,right_body,2,True,box_center,2,0.9453125,0.5213585595550844,1f4e3d6e7cdee58d21a5deab3ff32890d6cdd7ee22ff5a8d6b5aeb4209895e53
3432,hyena/cropped_images/right body/656932aa-cf53-4f70-985b-a388f6c88f69/train2022_000000002363_right_body.jpg,train2022_000000002363,right_body,2,True,center,0,0.93359375,0.8364941103533788,5d30ee291d82995448baf54d1b66b7d0a7ce048d9e81f0afa2e921b495feac67
3433,hyena/cropped_images/right body/656932aa-cf53-4f70-985b-a388f6c88f69/train2022_000000002791_right_body.jpg,train2022_000000002791,right_body,2,True,center,0,0.9765625,0.4875887295435037,ca2f9c61ef82b323062c53f364a0ca156950129dca8c5a50b375d95d7c928dcf
3434,hyena/cropped_images/right body/66a99503-a6e9-47cd-b28a-ac543d20f110/train2022_000000000683_right_body.jpg,train2022_000000000683,right_body,2,True,center,0,0.9765625,0.5235490969660662,16bc6fab689e91045d9b9383e016a313298f05513e4a1b532e33c9311b8deed9
3435,hyena/cropped_images/right body/66a99503-a6e9-47cd-b28a-ac543d20f110/train2022_000000001361_right_body.jpg,train2022_000000001361,right_body,2,False,center,2,0.84375,0.3517240242730405,
3436,hyena/cropped_images/right body/66a99503-a6e9-47cd-b28a-ac543d20f110/train2022_000000001633_right_body.jpg,train2022_000000001633,right_body,2,True,box_center,2,0.9453125,0.4677702195863441,618ec8b4442fc7f4dbd80cf77fd7409a155646ce42384f3ba10993eff4c24f8b
3437,hyena/cropped_images/right body/66a99503-a6e9-47cd-b28a-ac543d20f110/train2022_000000001794_right_body.jpg,train2022_000000001794,right_body,2,True,center,0,0.9765625,0.5596371682998645,aab85d0e574c7dd15c4a9d697656c9415128be7c0910b70d14389c2849caf124
3438,hyena/cropped_images/right body/66f06e87-bcea-487d-b5c6-6e5cbfb52ce4/train2022_000000000428_right_body.jpg,train2022_000000000428,right_body,2,True,center,0,0.94921875,0.4494121543301871,ab5811afb4531e7d6d4a89159d5875603d6f94c1444ed1823aa6e6db2a691647
3439,hyena/cropped_images/right body/66f06e87-bcea-487d-b5c6-6e5cbfb52ce4/train2022_000000001109_right_body.jpg,train2022_000000001109,right_body,2,True,center,0,0.96484375,0.5103348564900757,1cdb521cb854361314426d8f12a28fc394c94a46989945f65efb79afa27f1c10
3440,hyena/cropped_images/right body/66f06e87-bcea-487d-b5c6-6e5cbfb52ce4/train2022_000000001609_right_body.jpg,train2022_000000001609,right_body,2,True,center,0,0.96875,0.49954116059379217,baf339bdcc2e6516642995c5a45785ad8f87499c2ae232c710b0ac67f3e6c5cd
3441,hyena/cropped_images/right body/67006b29-4adc-41dc-9b30-39a94363a81a/train2022_000000000806_right_body.jpg,train2022_000000000806,right_body,2,True,box_center,2,0.9609375,0.4774480590681249,1c76064616bf1a6aba69dd038c5bdf41f0796887c1e887ca162bddc7c1958524
3442,hyena/cropped_images/right body/67006b29-4adc-41dc-9b30-39a94363a81a/train2022_000000001412_right_body.jpg,train2022_000000001412,right_body,2,True,center,0,0.98828125,0.564945003912388,7febc58b861fecc17a05a123f8a3da23dfd75cc0fe0cd46eea45e6d9bd0891c6
3443,hyena/cropped_images/right body/67006b29-4adc-41dc-9b30-39a94363a81a/train2022_000000001575_right_body.jpg,train2022_000000001575,right_body,2,True,box_center,2,0.9375,0.47517594859241125,e07a28787284ce22522628528f4882cc5652ff9a28b5480a79d9e39e8be26775
3444,hyena/cropped_images/right body/67006b29-4adc-41dc-9b30-39a94363a81a/train2022_000000001798_right_body.jpg,train2022_000000001798,right_body,2,True,box_center,0,0.90625,0.6829515317786923,223cfd3ee115b72d24b92f9cee62fd213d67695321a4e3c2053745b1b4396cb5
3445,hyena/cropped_images/right body/67006b29-4adc-41dc-9b30-39a94363a81a/train2022_000000002388_right_body.jpg,train2022_000000002388,right_body,2,True,box_center,0,0.8671875,0.8247277072153272,286aa13440142701b5a4211ffc48b823fdd2a0b0df592621aba8900a8cd7802d
3446,hyena/cropped_images/right body/67006b29-4adc-41dc-9b30-39a94363a81a/train2022_000000002712_right_body.jpg,train2022_000000002712,right_body,2,True,center,0,0.984375,0.5446685084902679,0a263a9189395de8da4bfe2e92ac41446ea1207daeddc6d2d48fad3807e4d1d6
3447,hyena/cropped_images/right body/6810b958-c4ad-4c34-9590-94b819ff444b/train2022_000000002125_right_body.jpg,train2022_000000002125,right_body,2,True,center,0,0.921875,0.560135824930316,2c81e04086890a527e35e395a49749266277fd99571de71ebad1df425f9a509e
3448,hyena/cropped_images/right body/6810b958-c4ad-4c34-9590-94b819ff444b/train2022_000000002717_right_body.jpg,train2022_000000002717,right_body,2,True,center,0,0.95703125,0.620673347057731,bd8cb0f61155112e6205a4ae3edd4b797c4e1197d7fab63e16453b8d38e99db8
3449,hyena/cropped_images/right body/68996e21-12ab-4183-ab94-d2b0331efb10/train2022_000000001415_right_body.jpg,train2022_000000001415,right_body,2,True,center,0,0.9609375,0.5379153425353311,03391d021fbfbe316f938d8f5bdbed507df4f831039a62e1fabc56e50a773f26
3450,hyena/cropped_images/right body/68996e21-12ab-4183-ab94-d2b0331efb10/train2022_000000001466_right_body.jpg,train2022_000000001466,right_body,2,True,center,0,0.90625,0.7027090231420927,760673677a6ba09734e06b314f1fe04670aae3bfb8c7128ef15b1e905ff5bdbe
3451,hyena/cropped_images/right body/68996e21-12ab-4183-ab94-d2b0331efb10/train2022_000000001626_right_body.jpg,train2022_000000001626,right_body,2,True,box_center,2,0.9375,0.5443781637717121,dd028688e86991950b46ef6138fa0fd9508e31d51a8fd8a29faa51ffe57b9c7e
3452,hyena/cropped_images/right body/68996e21-12ab-4183-ab94-d2b0331efb10/train2022_000000001647_right_body.jpg,train2022_000000001647,right_body,2,True,box_center,2,0.8984375,0.4927499538297963,a2381f3b11ab893f64849ee32620712403b3cf700b2ef845391c854784d1fb53
3453,hyena/cropped_images/right body/68996e21-12ab-4183-ab94-d2b0331efb10/train2022_000000001741_right_body.jpg,train2022_000000001741,right_body,2,True,center,0,0.87109375,0.5212194273058061,a1051691ac8751728bb6a5a45d646629b2666907829a63469211e3fe4d463e15
3454,hyena/cropped_images/right body/68996e21-12ab-4183-ab94-d2b0331efb10/train2022_000000001888_right_body.jpg,train2022_000000001888,right_body,2,False,box_center,2,0.83984375,0.6776648953537342,
3455,hyena/cropped_images/right body/6a1fc5e8-c077-41c4-9c3b-ff5d0b0364a2/train2022_000000001363_right_body.jpg,train2022_000000001363,right_body,2,True,center,0,0.984375,0.6014494691519803,aa99cda1ed937dabc3d5246b4e628bcbc931849ef5d6598d7ac899358e80d556
3456,hyena/cropped_images/right body/6a1fc5e8-c077-41c4-9c3b-ff5d0b0364a2/train2022_000000001974_right_body.jpg,train2022_000000001974,right_body,2,True,center,0,0.98046875,0.5326290348783175,01f01915bbbc330e579a7442314b5e273d27556e70294a198a6366e01ad2cd2d
3457,hyena/cropped_images/right body/6a1fc5e8-c077-41c4-9c3b-ff5d0b0364a2/train2022_000000002679_right_body.jpg,train2022_000000002679,right_body,2,False,box_center,2,0.7890625,0.5510552255781626,
3458,hyena/cropped_images/right body/6e8d3aef-1f16-4b06-a5d4-9cf11fd29530/train2022_000000000253_right_body.jpg,train2022_000000000253,right_body,2,True,center,0,0.9609375,0.5261764870460522,345fa236b612803c48822b4499b981b086a972fb821847ee3b1e8cde813afd23
3459,hyena/cropped_images/right body/6e8d3aef-1f16-4b06-a5d4-9cf11fd29530/train2022_000000000341_right_body.jpg,train2022_000000000341,right_body,2,True,box_center,0,0.8515625,0.6462787358009608,e9f3ecaa3ae1f9043a77f61a15ad1ae35cee4ebc1f7204bf768738fc2c4384c8
3460,hyena/cropped_images/right body/6e8d3aef-1f16-4b06-a5d4-9cf11fd29530/train2022_000000000395_right_body.jpg,train2022_000000000395,right_body,2,True,center,0,0.97265625,0.5949582232378776,4fb207ddd99980cf69d9cbfc0a87d1f7af0e7dac2fa890f8070e2c259ecec48c
3461,hyena/cropped_images/right body/6e8d3aef-1f16-4b06-a5d4-9cf11fd29530/train2022_000000000596_right_body.jpg,train2022_000000000596,right_body,2,True,center,0,0.93359375,0.44943759837229835,fe4b7301d698c947cc068ac0aa8ddd91b5d4714883ecd5c3367cd08c51e0838f
3462,hyena/cropped_images/right body/6e8d3aef-1f16-4b06-a5d4-9cf11fd29530/train2022_000000000614_right_body.jpg,train2022_000000000614,right_body,2,True,box_center,2,0.94140625,0.5077789913489711,2cce36d785963dc372c8aa9daf9f3e48acb037280eb132943c1a8a87f2980b5d
3463,hyena/cropped_images/right body/6e8d3aef-1f16-4b06-a5d4-9cf11fd29530/train2022_000000000692_right_body.jpg,train2022_000000000692,right_body,2,True,center,0,0.98046875,0.6402969462997489,6fd093d4d0df95726c2ad74e767ced0afa96c8d36ba6de70d6f95e1b672717a0
3464,hyena/cropped_images/right body/6e8d3aef-1f16-4b06-a5d4-9cf11fd29530/train2022_000000000713_right_body.jpg,train2022_000000000713,right_body,2,True,center,0,0.984375,0.48746864548494984,70c0e6861e2ab01de6357b06e840833a819759984e8c06c8fba3dab4d6ebd57f
3465,hyena/cropped_images/right body/6e8d3aef-1f16-4b06-a5d4-9cf11fd29530/train2022_000000001206_right_body.jpg,train2022_000000001206,right_body,2,True,center,0,0.95703125,0.45206228776835317,0888e2b6e58a88ddad260abb44236b0bec943ed0d77c774d2833ecff0b54fd03
3466,hyena/cropped_images/right body/6e8d3aef-1f16-4b06-a5d4-9cf11fd29530/train2022_000000001398_right_body.jpg,train2022_000000001398,right_body,2,True,box_center,0,0.93359375,0.4936844741593138,fb4bd0283650d550bda347ba93b70f31fbc8dfd3e6bbedb170407c90aca964b9
3467,hyena/cropped_images/right body/6e8d3aef-1f16-4b06-a5d4-9cf11fd29530/train2022_000000001410_right_body.jpg,train2022_000000001410,right_body,2,True,center,0,0.95703125,0.5102578580839451,4a759c828a07dc438b59d0bf69059ba7948e46335667c9731adb4def6f65de94
3468,hyena/cropped_images/right body/6e8d3aef-1f16-4b06-a5d4-9cf11fd29530/train2022_000000001562_right_body.jpg,train2022_000000001562,right_body,2,True,center,0,0.9765625,0.46814095067747297,fb81bec24004775560e8fedadc595d364bc1e2c101b7d22caf63877957eab006
3469,hyena/cropped_images/right body/6e8d3aef-1f16-4b06-a5d4-9cf11fd29530/train2022_000000001695_right_body.jpg,train2022_000000001695,right_body,2,True,center,0,0.9765625,0.42405057330293017,dab899ee56c7b0658f50dd0f8e807a82d964fcbeec9cb5c7a0b12a6201cb77f6
3470,hyena/cropped_images/right body/6e8d3aef-1f16-4b06-a5d4-9cf11fd29530/train2022_000000001815_right_body.jpg,train2022_000000001815,right_body,2,True,center,0,0.91015625,0.5195115995115995,25afc207685efb5a8428f40f83af87ceefe175a1ff187c8826d003cfa0747a2a
3471,hyena/cropped_images/right body/6e8d3aef-1f16-4b06-a5d4-9cf11fd29530/train2022_000000001908_right_body.jpg,train2022_000000001908,right_body,2,False,center,2,0.8359375,0.12315980183474182,
3472,hyena/cropped_images/right body/6e8d3aef-1f16-4b06-a5d4-9cf11fd29530/train2022_000000002221_right_body.jpg,train2022_000000002221,right_body,2,True,center,0,0.91015625,0.48058667578893355,3df940ebbd74b01c6b1ff69ec07aa5c77a45add4640ab042590139c6eb6f649d
3473,hyena/cropped_images/right body/6e8d3aef-1f16-4b06-a5d4-9cf11fd29530/train2022_000000002232_right_body.jpg,train2022_000000002232,right_body,2,True,center,0,0.8984375,0.4653829432649808,2b8b442790a200256b131c28ab1e3f61e4e6127568efa91fe900d00ff9ba69fa
3474,hyena/cropped_images/right body/6e8d3aef-1f16-4b06-a5d4-9cf11fd29530/train2022_000000002308_right_body.jpg,train2022_000000002308,right_body,2,True,center,0,0.96875,0.5357148807664271,2c56fa3c4c1c73381192a1281babea309fc0ef34a229a51d3e91bbdd43a0da5f
3475,hyena/cropped_images/right body/6e8d3aef-1f16-4b06-a5d4-9cf11fd29530/train2022_000000002441_right_body.jpg,train2022_000000002441,right_body,2,False,box_center,0,0.84765625,0.6988237869257639,
3476,hyena/cropped_images/right body/6e8d3aef-1f16-4b06-a5d4-9cf11fd29530/train2022_000000002608_right_body.jpg,train2022_000000002608,right_body,2,True,center,0,0.98046875,0.5429323255030509,e378739c74959e3f0b256001872a1850d8f8883989ef381f5388af35bf5eb6e4
3477,hyena/cropped_images/right body/6e8d3aef-1f16-4b06-a5d4-9cf11fd29530/train2022_000000002633_right_body.jpg,train2022_000000002633,right_body,2,True,center,0,0.96875,0.5367700072098054,9d0d3482ad82acb3733aae3e8ac996af5498b4d08662bb03fd99c6f130ca0459
3478,hyena/cropped_images/right body/6e8d3aef-1f16-4b06-a5d4-9cf11fd29530/train2022_000000002635_right_body.jpg,train2022_000000002635,right_body,2,True,center,0,0.984375,0.6337659011354905,df6101d5c854e8a4e35c17df34b3d1312413ca3fcfed1078fa4812508f47015d
3479,hyena/cropped_images/right body/6e8d3aef-1f16-4b06-a5d4-9cf11fd29530/train2022_000000002811_right_body.jpg,train2022_000000002811,right_body,2,True,center,0,0.9765625,0.6215276345734928,8f01808bacd0445043d1f2512cf2c0cc3772ae34bae9234adcd3fe97dd2748c7
3480,hyena/cropped_images/right body/6e8d3aef-1f16-4b06-a5d4-9cf11fd29530/train2022_000000002870_right_body.jpg,train2022_000000002870,right_body,2,True,center,0,0.98046875,0.6114530516819623,2c66fbb4354df93c6e772b877ac034c2fe98abb1b4e7bff1b47376391bbb070b
3481,hyena/cropped_images/right body/6e8d3aef-1f16-4b06-a5d4-9cf11fd29530/train2022_000000002900_right_body.jpg,train2022_000000002900,right_body,2,True,center,0,0.921875,0.45049653783565813,24e0059a6a487471370cbbcc7bc227b4cf73e7bb6a6e6c56d82dd8831a3c69e7
3482,hyena/cropped_images/right body/7145ff09-9841-43c9-8137-9bb3ea90a5b8/train2022_000000000096_right_body.jpg,train2022_000000000096,right_body,2,True,center,0,0.9609375,0.6367788693803746,c28a506072794c05974962834a9eb567b99fd23986aaf8653495403784ac1dae
3483,hyena/cropped_images/right body/7145ff09-9841-43c9-8137-9bb3ea90a5b8/train2022_000000002392_right_body.jpg,train2022_000000002392,right_body,2,True,center,0,0.9609375,0.5744144582752178,0b1d4e2e7636bd6c232b1c6f4fdedf3e6e03e9bfd169a35c3fa49b6b534e64a1
3484,hyena/cropped_images/right body/7153eda6-946a-4e9d-9c3d-c5c034cbc5e3/train2022_000000000032_right_body.jpg,train2022_000000000032,right_body,2,False,box_center,0,0.83984375,0.734015004478949,
3485,hyena/cropped_images/right body/7153eda6-946a-4e9d-9c3d-c5c034cbc5e3/train2022_000000000102_right_body.jpg,train2022_000000000102,right_body,2,True,box_center,0,0.9375,0.8282140269871231,303c3f1ead8a992b1c0115d29f3407effbf3424fa07fb24071744f47aba35528
3486,hyena/cropped_images/right body/7153eda6-946a-4e9d-9c3d-c5c034cbc5e3/train2022_000000000203_right_body.jpg,train2022_000000000203,right_body,2,True,center,0,0.890625,0.5911423471664435,158dd33ad4e1331ca63022e6ca053c1ed32a657bb5c3876791a18ae6a4e0bda0
3487,hyena/cropped_images/right body/7153eda6-946a-4e9d-9c3d-c5c034cbc5e3/train2022_000000000284_right_body.jpg,train2022_000000000284,right_body,2,True,center,0,0.9765625,0.50966895327,72915df45a98e7c516600d5e2fb6aa9df52985f9375c06f8519602341fd46d7d
3488,hyena/cropped_images/right body/7153eda6-946a-4e9d-9c3d-c5c034cbc5e3/train2022_000000000793_right_body.jpg,train2022_000000000793,right_body,2,True,center,0,0.9609375,0.5557499846503346,8822ffcd189ff577fdb695ef945d80a8e675acf0e8e10dbfff7fe656fb45c754
3489,hyena/cropped_images/right body/7153eda6-946a-4e9d-9c3d-c5c034cbc5e3/train2022_000000001682_right_body.jpg,train2022_000000001682,right_body,2,True,box_center,2,0.9375,0.7148750182343937,32b36002371f185bac4a81ff2450e7adbbe15f219d29da64e7238ef1e052a169
3490,hyena/cropped_images/right body/7153eda6-946a-4e9d-9c3d-c5c034cbc5e3/train2022_000000002108_right_body.jpg,train2022_000000002108,right_body,2,True,center,0,0.98046875,0.6256057827216362,bbabc7b0d745a344152dc924ef5cf14fedb21c0b94f49df2dacba42cdf6bd286
3491,hyena/cropped_images/right body/7153eda6-946a-4e9d-9c3d-c5c034cbc5e3/train2022_000000002678_right_body.jpg,train2022_000000002678,right_body,2,True,center,0,0.96484375,0.482658070240719,44024f683b636c11d051441a60f65271d62ac40f3931774555738c0ef136edaa
3492,hyena/cropped_images/right body/7153eda6-946a-4e9d-9c3d-c5c034cbc5e3/train2022_000000003073_right_body.jpg,train2022_000000003073,right_body,2,True,center,0,0.96875,0.5008115787428925,fbde52c20df73daf81b5a218291326de42e6513ed004308ef0f9ff9731073fbf
3493,hyena/cropped_images/right body/71d1140b-f983-4554-8283-d1c162cebc94/train2022_000000002664_right_body.jpg,train2022_000000002664,right_body,2,False,box_center,0,0.74609375,0.8599349440498594,
3494,hyena/cropped_images/right body/7201896a-1323-4e70-b147-4cc6d13b2784/train2022_000000000155_right_body.jpg,train2022_000000000155,right_body,2,False,box_center,2,0.84375,0.4410547879177378,
3495,hyena/cropped_images/right body/7201896a-1323-4e70-b147-4cc6d13b2784/train2022_000000000211_right_body.jpg,train2022_000000000211,right_body,2,True,box_center,2,0.92578125,0.4525498933942875,e31e981757fbd448434626be3493523ca0b1a446acfabe7390adb7554dbcdab4
3496,hyena/cropped_images/right body/7201896a-1323-4e70-b147-4cc6d13b2784/train2022_000000001019_right_body.jpg,train2022_000000001019,right_body,2,True,box_center,2,0.85546875,0.4853151151797629,8bbdf1f923611d1722c89b9b913128dc630056b0f4f012776a0de6178f25fc8b
3497,hyena/cropped_images/right body/7201896a-1323-4e70-b147-4cc6d13b2784/train2022_000000001766_right_body.jpg,train2022_000000001766,right_body,2,False,box_center,2,0.71484375,0.6089091507048163,
3498,hyena/cropped_images/right body/7201896a-1323-4e70-b147-4cc6d13b2784/train2022_000000002023_right_body.jpg,train2022_000000002023,right_body,2,False,box_center,2,0.78125,0.46685860948094543,
3499,hyena/cropped_images/right body/7201896a-1323-4e70-b147-4cc6d13b2784/train2022_000000002446_right_body.jpg,train2022_000000002446,right_body,2,True,box_center,0,0.88671875,0.5287136907995137,9aea5cd83f5c71b0cbfc2359973221985905a8478fcd29961d5a67e3820d50c5
3500,hyena/cropped_images/right body/7201896a-1323-4e70-b147-4cc6d13b2784/train2022_000000003047_right_body.jpg,train2022_000000003047,right_body,2,True,box_center,2,0.921875,0.5068470832554927,fe51e2c997d2fac982b82897cbb45f204d0e7a2d3ed6d3ab77bbc5096c128327
3501,hyena/cropped_images/right body/7250d64b-90db-40d5-8db0-db0b74f86cd3/train2022_000000000121_right_body.jpg,train2022_000000000121,right_body,2,True,box_center,2,0.90625,0.6541698094765631,843f99f7a5a6f7285d1e319f4d48c9a3f62de080a545ae54e5b959a0c1ccf5b5
3502,hyena/cropped_images/right body/7250d64b-90db-40d5-8db0-db0b74f86cd3/train2022_000000000514_right_body.jpg,train2022_000000000514,right_body,2,True,box_center,2,0.875,0.5286172788268659,99cc03a766f6f9f57b0682f241e29a5e4b06229226ca16901e45a4c3e00c7541
3503,hyena/cropped_images/right body/7250d64b-90db-40d5-8db0-db0b74f86cd3/train2022_000000001107_right_body.jpg,train2022_000000001107,right_body,2,True,center,0,0.96484375,0.5374656677725308,2526ac8bb0c11a1da4b6fe8a3fd3f5f04dc14972c1f0d1ce17e5c703eeef99a9
3504,hyena/cropped_images/right body/7250d64b-90db-40d5-8db0-db0b74f86cd3/train2022_000000002571_right_body.jpg,train2022_000000002571,right_body,2,True,center,0,0.91015625,0.7342212438084755,bf594a51507595dfa730a758e810d575457fb52e00eb186c6d548b9d29586e42
3505,hyena/cropped_images/right body/7251cda9-d3d5-4249-baf0-4f4c1480adc9/train2022_000000000195_right_body.jpg,train2022_000000000195,right_body,2,True,center,0,0.9765625,0.5635433175832802,76df31e355aad60e8badf14b40923634427155bbeabea199db9411ccae33c9e8
3506,hyena/cropped_images/right body/7251cda9-d3d5-4249-baf0-4f4c1480adc9/train2022_000000000485_right_body.jpg,train2022_000000000485,right_body,2,True,box_center,0,0.96875,0.6861158594491927,6850812a78b66fa813bea1441478904025cd2ba4f1de25bd0ef3e6ccba37c57d
3507,hyena/cropped_images/right body/7251cda9-d3d5-4249-baf0-4f4c1480adc9/train2022_000000000721_right_body.jpg,train2022_000000000721,right_body,2,True,center,2,0.98828125,0.601319955406912,d1230ae5945baf1b28059d9e0d156d1eff866bcfce96106aefb4846ad9bed5a3
3508,hyena/cropped_images/right body/7251cda9-d3d5-4249-baf0-4f4c1480adc9/train2022_000000000835_right_body.jpg,train2022_000000000835,right_body,2,True,box_center,2,0.90625,0.5929404700634757,3f9c707ffada5357a8afaf65203db44bbec604d46da061b5ea485769a4abda34
3509,hyena/cropped_images/right body/7251cda9-d3d5-4249-baf0-4f4c1480adc9/train2022_000000000843_right_body.jpg,train2022_000000000843,right_body,2,True,center,0,0.98046875,0.6747203069500637,3d794c30496d843231585ca2d69f151164e4ef0be631bac147e1cad8108e630f
3510,hyena/cropped_images/right body/7251cda9-d3d5-4249-baf0-4f4c1480adc9/train2022_000000000877_right_body.jpg,train2022_000000000877,right_body,2,True,center,0,0.9765625,0.5325862556561086,b8a22a392477f4716e20bf767029145b9804be9579a8e41ff94a59d3109f78f9
3511,hyena/cropped_images/right body/7251cda9-d3d5-4249-baf0-4f4c1480adc9/train2022_000000001065_right_body.jpg,train2022_000000001065,right_body,2,True,center,0,0.984375,0.5832872503840246,026119e6528bf69647ae4aff6ff4caed680fdf71d474d1b6a52af962814b9155
3512,hyena/cropped_images/right body/7251cda9-d3d5-4249-baf0-4f4c1480adc9/train2022_000000001068_right_body.jpg,train2022_000000001068,right_body,2,True,center,0,0.9296875,0.5355010618263413,95189fa7437def4347730787febf1dcca755c02f302cfadc93a181b27e98a76a
3513,hyena/cropped_images/right body/7251cda9-d3d5-4249-baf0-4f4c1480adc9/train2022_000000001311_right_body.jpg,train2022_000000001311,right_body,2,False,box_center,0,0.8203125,0.6042991689750693,
3514,hyena/cropped_images/right body/7251cda9-d3d5-4249-baf0-4f4c1480adc9/train2022_000000001374_right_body.jpg,train2022_000000001374,right_body,2,True,center,0,0.96875,0.6589663809635631,9c2c3e7785c5b7fd6443485752696d6fff2a875a4ea3424327169ac5be658fd3
3515,hyena/cropped_images/right body/7251cda9-d3d5-4249-baf0-4f4c1480adc9/train2022_000000001686_right_body.jpg,train2022_000000001686,right_body,2,True,center,0,0.9765625,0.5214038763750655,2cca642605fc376ecb616df395004ea88a71ac58cec86340a8b972f641931187
3516,hyena/cropped_images/right body/7251cda9-d3d5-4249-baf0-4f4c1480adc9/train2022_000000001792_right_body.jpg,train2022_000000001792,right_body,2,True,center,0,0.96484375,0.541962192931722,4fd33fb87f1aa4f82fa239d87af7806c3b9d6ee1ffd38f0a25d1578e94d6a36d
3517,hyena/cropped_images/right body/7251cda9-d3d5-4249-baf0-4f4c1480adc9/train2022_000000002324_right_body.jpg,train2022_000000002324,right_body,2,True,center,0,0.9140625,0.5964796326573207,355453ed93047e16a17128a17fb27f680981d2203b9079476506135b7305dd06
3518,hyena/cropped_images/right body/7251cda9-d3d5-4249-baf0-4f4c1480adc9/train2022_000000002778_right_body.jpg,train2022_000000002778,right_body,2,True,center,0,0.98046875,0.5447338962840387,6553d1397bfbbba383c4a1fdd8eefa459ca6a307605c176948c59907be3eebb6
3519,hyena/cropped_images/right body/736ca848-7821-430b-9aaa-f8870e80aec4/train2022_000000000637_right_body.jpg,train2022_000000000637,right_body,2,True,center,0,0.91796875,0.613712335454757,684c6ce8808f086d736166deb7a578c25d9915ed32b43caee28d18a89ff3f8df
3520,hyena/cropped_images/right body/736ca848-7821-430b-9aaa-f8870e80aec4/train2022_000000001705_right_body.jpg,train2022_000000001705,right_body,2,True,center,0,0.9453125,0.5212557035620962,2d07464a26099ca462369537d2446853a708afdefb6e82796fe5ac3443b1238b
3521,hyena/cropped_images/right body/736ca848-7821-430b-9aaa-f8870e80aec4/train2022_000000001761_right_body.jpg,train2022_000000001761,right_body,2,False,box_center,2,0.81640625,0.46664627272282855,
3522,hyena/cropped_images/right body/736ca848-7821-430b-9aaa-f8870e80aec4/train2022_000000001795_right_body.jpg,train2022_000000001795,right_body,2,True,center,0,0.95703125,0.540292636999426,a99634077bf29ed045940e03a16bea3eca2ff508fd0cffcdff39b816cdae0a75
3523,hyena/cropped_images/right body/736ca848-7821-430b-9aaa-f8870e80aec4/train2022_000000002126_right_body.jpg,train2022_000000002126,right_body,2,True,box_center,0,0.921875,0.8897969740690596,b16a1a1850f23ce6071dae0b3826b6e5418eaad1f36128387dac9f65562bdcbe
3524,hyena/cropped_images/right body/736ca848-7821-430b-9aaa-f8870e80aec4/train2022_000000002259_right_body.jpg,train2022_000000002259,right_body,2,True,center,0,0.9609375,0.5499776005900574,4b5df022d02867bedd3e4876881d68b700538201e9f4e3bd758a5f0fbacbdc09
3525,hyena/cropped_images/right body/73ccff66-e431-422c-9c79-3026cb1280a1/train2022_000000001039_right_body.jpg,train2022_000000001039,right_body,2,True,center,0,0.92578125,0.5687346249484728,d1436371b3b37dccf1b402f8691bcca21471f0527e2b2f0f5e7b96863af7b840
3526,hyena/cropped_images/right body/73ccff66-e431-422c-9c79-3026cb1280a1/train2022_000000001116_right_body.jpg,train2022_000000001116,right_body,2,True,box_center,2,0.9375,0.565599150559671,203f7f92b1d0f46092c1adeb80e6b225d4b600f5cdb39df1e02d7354b2c22857
3527,hyena/cropped_images/right body/73ccff66-e431-422c-9c79-3026cb1280a1/train2022_000000001965_right_body.jpg,train2022_000000001965,right_body,2,True,center,0,0.96875,0.6941844085055668,2fb8f4b5804d30b6ebb7edcc03d17bcc0efde57e6083e18e90f94ea6ba8719ee
3528,hyena/cropped_images/right body/73ccff66-e431-422c-9c79-3026cb1280a1/train2022_000000002007_right_body.jpg,train2022_000000002007,right_body,2,True,center,0,0.9765625,0.5102306283959367,458cf30b8fe126f9069a1c35cb5343ddefe4cde837f92460b6bc0baa72fc3d0e
3529,hyena/cropped_images/right body/73ccff66-e431-422c-9c79-3026cb1280a1/train2022_000000002707_right_body.jpg,train2022_000000002707,right_body,2,False,box_center,2,0.84765625,0.5333769773681157,
3530,hyena/cropped_images/right body/73f670e9-5ee3-49f3-8db2-3ea557a428b8/train2022_000000001611_right_body.jpg,train2022_000000001611,right_body,2,True,center,0,0.9609375,0.5637979678866987,a166c0764e9def7c8aad38043984b2f4db466fa229d8ef359f8b7c73f6a0668e
3531,hyena/cropped_images/right body/73f670e9-5ee3-49f3-8db2-3ea557a428b8/train2022_000000001760_right_body.jpg,train2022_000000001760,right_body,2,True,center,0,0.96875,0.6085827664399093,288c6dba59d2aaf4a9076048b274556f7e8619f9f20255ac5dbaed204bf9fa5a
3532,hyena/cropped_images/right body/73f670e9-5ee3-49f3-8db2-3ea557a428b8/train2022_000000002291_right_body.jpg,train2022_000000002291,right_body,2,True,box_center,0,0.875,0.8487625651921163,1fe921e12682719a6260163d6781d66891906d92cc76f0f84604f29a67120202
3533,hyena/cropped_images/right body/73f670e9-5ee3-49f3-8db2-3ea557a428b8/train2022_000000003001_right_body.jpg,train2022_000000003001,right_body,2,False,box_center,0,0.83984375,0.8675261106713616,
3534,hyena/cropped_images/right body/74b049c5-916c-4dad-96f4-d34a63ef6e26/train2022_000000000946_right_body.jpg,train2022_000000000946,right_body,2,True,center,2,0.9296875,0.471251301631378,a18b54df1642076286461a6a0351c20e78ffa250aa097feda458ffab9c0b25e4
3535,hyena/cropped_images/right body/74b049c5-916c-4dad-96f4-d34a63ef6e26/train2022_000000001377_right_body.jpg,train2022_000000001377,right_body,2,True,center,0,0.9765625,0.6014576033029178,70ab7ab62a8470353ce2ecef4959510d2ffe6cfc80372229cccf6afbca8f8ed8
3536,hyena/cropped_images/right body/74b049c5-916c-4dad-96f4-d34a63ef6e26/train2022_000000001434_right_body.jpg,train2022_000000001434,right_body,2,True,box_center,2,0.91015625,0.4984593925009889,a54e3c517d6824924be622050cde04610e09196c3e4ab1403a69920a1e1f0c2e
3537,hyena/cropped_images/right body/74b049c5-916c-4dad-96f4-d34a63ef6e26/train2022_000000001478_right_body.jpg,train2022_000000001478,right_body,2,False,center,0,0.80859375,0.46744652884749377,
3538,hyena/cropped_images/right body/74d538f0-cb3e-4982-9584-7e0f886b8397/train2022_000000000166_right_body.jpg,train2022_000000000166,right_body,2,True,box_center,2,0.9296875,0.5927637721755369,4637af747c74231f73e9d68e5c05ae6285ffe5cca525481057a23aa509488f10
3539,hyena/cropped_images/right body/74d538f0-cb3e-4982-9584-7e0f886b8397/train2022_000000001315_right_body.jpg,train2022_000000001315,right_body,2,True,center,0,0.98828125,0.6160784918066472,1f7bd37a673d9a7b15fd7911e4655fc2e197b49e29dcb57d095c827c5d5b398b
3540,hyena/cropped_images/right body/74d538f0-cb3e-4982-9584-7e0f886b8397/train2022_000000001370_right_body.jpg,train2022_000000001370,right_body,2,True,center,0,0.9140625,0.6783041661225023,a7a89e66e4f02c167d019fb6c9e3077594aaefa0a83d27b0407d8197a635e2b0
3541,hyena/cropped_images/right body/74d538f0-cb3e-4982-9584-7e0f886b8397/train2022_000000001712_right_body.jpg,train2022_000000001712,right_body,2,False,box_center,2,0.828125,0.5418181915452795,
3542,hyena/cropped_images/right body/74d538f0-cb3e-4982-9584-7e0f886b8397/train2022_000000002739_right_body.jpg,train2022_000000002739,right_body,2,True,center,0,0.984375,0.5180478381663484,cab7bad8ce5e76b77b562b38d6e19eb8272b5c677b7d59eaf8d9cb35cc3b960f
3543,hyena/cropped_images/right body/74d538f0-cb3e-4982-9584-7e0f886b8397/train2022_000000002871_right_body.jpg,train2022_000000002871,right_body,2,False,box_center,2,0.76171875,0.5316463763591904,
3544,hyena/cropped_images/right body/74d538f0-cb3e-4982-9584-7e0f886b8397/train2022_000000002937_right_body.jpg,train2022_000000002937,right_body,2,False,box_center,0,0.80859375,0.8449464464433352,
3545,hyena/cropped_images/right body/761abc97-f81c-4a09-823b-7cb1c528c290/train2022_000000000703_right_body.jpg,train2022_000000000703,right_body,2,True,center,0,0.94921875,0.5629368548461684,6d7bf3cc471c38446faf231752f17e09123e4669429381bc79918495487a410a
3546,hyena/cropped_images/right body/761abc97-f81c-4a09-823b-7cb1c528c290/train2022_000000002578_right_body.jpg,train2022_000000002578,right_body,2,True,center,0,0.94921875,0.6567949798173767,dd2eb5b0ea9eb2aceb8ad3295a987a4001f402c3aff596bd5136d022997a74d3
3547,hyena/cropped_images/right body/761abc97-f81c-4a09-823b-7cb1c528c290/train2022_000000002613_right_body.jpg,train2022_000000002613,right_body,2,True,center,0,0.9765625,0.6055049984540863,242a79a8fe852b0c1f1b48e616c36c20ee99df07e402f674d97b2ee567582bbb
3548,hyena/cropped_images/right body/763682fe-336a-4e52-b076-e904de642832/train2022_000000000355_right_body.jpg,train2022_000000000355,right_body,2,False,box_center,0,0.78125,0.8621961177658186,
3549,hyena/cropped_images/right body/763682fe-336a-4e52-b076-e904de642832/train2022_000000000960_right_body.jpg,train2022_000000000960,right_body,2,False,box_center,2,0.70703125,0.5016805499981812,
3550,hyena/cropped_images/right body/7802d893-e75c-48c3-b822-8a9704bbbd4d/train2022_000000001076_right_body.jpg,train2022_000000001076,right_body,2,True,center,0,0.9765625,0.5407073702351987,32ab10407d9ea51e0acb5118618da674371765ff7c7e660cf93cdad05b509315
3551,hyena/cropped_images/right body/7802d893-e75c-48c3-b822-8a9704bbbd4d/train2022_000000001344_right_body.jpg,train2022_000000001344,right_body,2,True,center,0,0.97265625,0.595874390070586,68e0f53af2d5c2dd951b0bd579f98d05c2a5ccfdbc3e9868a66e94af63973540
3552,hyena/cropped_images/right body/79dafc01-fa64-4db3-b3b6-ed5236ed6a68/train2022_000000000497_right_body.jpg,train2022_000000000497,right_body,2,True,box_center,0,0.9375,0.8412777648894764,8d011dc7de9ab79f89f3d322b4795464364555d161db55fe56c297e33b55886e
3553,hyena/cropped_images/right body/79dafc01-fa64-4db3-b3b6-ed5236ed6a68/train2022_000000001634_right_body.jpg,train2022_000000001634,right_body,2,True,center,0,0.98046875,0.5896257425399629,4f2280095261b67768b35239e93124483d6e47813f411beb6c4d2845c01fa6f2
3554,hyena/cropped_images/right body/7a0e8d37-e27f-4378-bab8-7cc37821cd8e/train2022_000000001866_right_body.jpg,train2022_000000001866,right_body,2,True,center,0,0.98046875,0.4135602876576095,0fe50f1838826d067c6102eba8037925d3b9e958c60fe5a510065404bb33b461
3555,hyena/cropped_images/right body/7a0e8d37-e27f-4378-bab8-7cc37821cd8e/train2022_000000002916_right_body.jpg,train2022_000000002916,right_body,2,True,box_center,2,0.97265625,0.4430391617719766,aec91a0364f3eed5dd3cafbeb414f90251389b4ff682e23647eeb5350bb2dc99
3556,hyena/cropped_images/right body/7a0e8d37-e27f-4378-bab8-7cc37821cd8e/train2022_000000003030_right_body.jpg,train2022_000000003030,right_body,2,False,box_center,0,0.8203125,0.7268996032956972,
3557,hyena/cropped_images/right body/7a2a6f84-a929-4b78-999b-a299daa575da/train2022_000000000150_right_body.jpg,train2022_000000000150,right_body,2,True,center,0,0.90234375,0.49799599198396793,2d04baf5c83b3251931413174467139bcbc02b69369104e6272ff31022cd4802
3558,hyena/cropped_images/right body/7a2a6f84-a929-4b78-999b-a299daa575da/train2022_000000000239_right_body.jpg,train2022_000000000239,right_body,2,True,center,0,0.94921875,0.42366529758474436,6e15e3b1c7ad2cc5b9e5713dc4fb772dc81f6f9a46a01c425a1804ea01447ebb
3559,hyena/cropped_images/right body/7a2a6f84-a929-4b78-999b-a299daa575da/train2022_000000001152_right_body.jpg,train2022_000000001152,right_body,2,True,box_center,2,0.87890625,0.48956926443710996,1ce8e52a30676ccddb40b5d9d16adfee5c7ab9f75dfc79bba28526cbe0425dac
3560,hyena/cropped_images/right body/7a2a6f84-a929-4b78-999b-a299daa575da/train2022_000000002780_right_body.jpg,train2022_000000002780,right_body,2,True,center,0,0.95703125,0.4758268633540373,a8d46e99238372190d77ff423f19c115041d7f11dbef394728c385f707e2152f
3561,hyena/cropped_images/right body/7a2a6f84-a929-4b78-999b-a299daa575da/train2022_000000002852_right_body.jpg,train2022_000000002852,right_body,2,True,center,0,0.93359375,0.46686790154419405,d1c82eb4a7a76abc00d856a44d0f571a7635c5a7361882ca04ac0e69673ff2b0
3562,hyena/cropped_images/right body/7b38f393-27e8-45e1-9769-fa9af9f591f9/train2022_000000000427_right_body.jpg,train2022_000000000427,right_body,2,True,center,0,0.98828125,0.4760388559093362,2e6d54753c716cceb824c1d116b487c58311885d354e2095f76e07de6f155562
3563,hyena/cropped_images/right body/7b38f393-27e8-45e1-9769-fa9af9f591f9/train2022_000000000548_right_body.jpg,train2022_000000000548,right_body,2,True,center,0,0.98046875,0.5381099829782138,51020238910c3a5367e8a2c5f461b7283154c0a2fbd0766cd2799fdd64a42cae
3564,hyena/cropped_images/right body/7b38f393-27e8-45e1-9769-fa9af9f591f9/train2022_000000000590_right_body.jpg,train2022_000000000590,right_body,2,True,center,0,0.9765625,0.5069587259075039,48915c49eb9d87c7d6b55c5aeb286d2ac3af75be90999ada151a01c573f88b1e
3565,hyena/cropped_images/right body/7b38f393-27e8-45e1-9769-fa9af9f591f9/train2022_000000000619_right_body.jpg,train2022_000000000619,right_body,2,True,center,0,0.98046875,0.5484967383581993,a5fde5cc59198adbb812974a8942a209f8c05e764716b2d245bc07c2416c5a47
3566,hyena/cropped_images/right body/7b38f393-27e8-45e1-9769-fa9af9f591f9/train2022_000000000699_right_body.jpg,train2022_000000000699,right_body,2,True,center,0,0.9765625,0.5613040341301211,b7889761fd543b04ba8b361798342de063f46a87b480558a82887000be954579
3567,hyena/cropped_images/right body/7b38f393-27e8-45e1-9769-fa9af9f591f9/train2022_000000000740_right_body.jpg,train2022_000000000740,right_body,2,True,center,0,0.98046875,0.5075565203145478,1357565f6aaca9d2a5e7e6f013583460433c732efea434acdb65a2bea232c7ea
3568,hyena/cropped_images/right body/7b38f393-27e8-45e1-9769-fa9af9f591f9/train2022_000000000842_right_body.jpg,train2022_000000000842,right_body,2,True,box_center,2,0.9296875,0.4953200371057514,f2afe21a86cd3da4eceafe2b5ea07377bffadd6efd762a7e9928623e6310faee
3569,hyena/cropped_images/right body/7b38f393-27e8-45e1-9769-fa9af9f591f9/train2022_000000000880_right_body.jpg,train2022_000000000880,right_body,2,True,center,0,0.9765625,0.496416366556528,192680d468ffe63cf053cde9a8c9c6376c54f0a1419cf84423be1b9a7f8f6ea8
3570,hyena/cropped_images/right body/7b38f393-27e8-45e1-9769-fa9af9f591f9/train2022_000000001005_right_body.jpg,train2022_000000001005,right_body,2,True,center,0,0.96875,0.5130143335948085,73c139d73f3a1a982e0a470053c1a438515a0cdd2e2adc8df930f22570cdccb2
3571,hyena/cropped_images/right body/7b38f393-27e8-45e1-9769-fa9af9f591f9/train2022_000000001148_right_body.jpg,train2022_000000001148,right_body,2,True,center,0,0.98046875,0.5293310463121784,8e236a4bcc91fc45fa8a3211bbc5556a13541981f28d9c228409bc8da13b0ab0
3572,hyena/cropped_images/right body/7b38f393-27e8-45e1-9769-fa9af9f591f9/train2022_000000001255_right_body.jpg,train2022_000000001255,right_body,2,True,center,0,0.90234375,0.6805865499939885,e5c357cbb6d9514dee6d1dc15887a0372fbd852c3877e00ea8343dac70475351
3573,hyena/cropped_images/right body/7b38f393-27e8-45e1-9769-fa9af9f591f9/train2022_000000001356_right_body.jpg,train2022_000000001356,right_body,2,True,box_center,2,0.9609375,0.5303780058983666,fd5ec766b8d7c47d649df2c9a214c260c9b02389caabcc5a53d1a20129b80ade
3574,hyena/cropped_images/right body/7b38f393-27e8-45e1-9769-fa9af9f591f9/train2022_000000001628_right_body.jpg,train2022_000000001628,right_body,2,True,center,0,0.98046875,0.5796692870696666,8be871a6725539bd59dac3e2dcc2b0ab75075fc0409bf52d354129bc31e0ce2d
3575,hyena/cropped_images/right body/7b38f393-27e8-45e1-9769-fa9af9f591f9/train2022_000000001990_right_body.jpg,train2022_000000001990,right_body,2,True,center,0,0.96875,0.6800417191435768,8d50ff05fba513ed35e9818ecea2578377e422098a9675e37d7c16511bf86b57
3576,hyena/cropped_images/right body/7b38f393-27e8-45e1-9769-fa9af9f591f9/train2022_000000002002_right_body.jpg,train2022_000000002002,right_body,2,True,center,0,0.98046875,0.5677528864090886,43d9103fd3dc026e4d46e44a9b03f7d32eccbabffffd975dea0b82ebe7e4ea2b
3577,hyena/cropped_images/right body/7b38f393-27e8-45e1-9769-fa9af9f591f9/train2022_000000002253_right_body.jpg,train2022_000000002253,right_body,2,True,center,0,0.953125,0.43400424686003436,666376160de34101042d97e4a2c4e15f114c247c91a7068875bffe266ed31eb0
3578,hyena/cropped_images/right body/7b38f393-27e8-45e1-9769-fa9af9f591f9/train2022_000000002659_right_body.jpg,train2022_000000002659,right_body,2,True,box_center,0,0.96484375,0.6257945837687217,cec479cc2642b9854f86919faece6f0a03a8c1ab54ed67f4cd00636af2823c5b
3579,hyena/cropped_images/right body/7b38f393-27e8-45e1-9769-fa9af9f591f9/train2022_000000002902_right_body.jpg,train2022_000000002902,right_body,2,True,center,0,0.98046875,0.5219662058371736,117a175e972fd6ec1a623cda37ec4cebacea919592c0a547102aa57d5619edc3
3580,hyena/cropped_images/right body/7b38f393-27e8-45e1-9769-fa9af9f591f9/train2022_000000003075_right_body.jpg,train2022_000000003075,right_body,2,True,center,0,0.96875,0.4815851366046516,3812b639f1b14846796841deb783858bdcb5e1b780992035481e88dec2ca9cb5
3581,hyena/cropped_images/right body/7b9a9e8d-86d5-4c6c-8b10-8a129f8a10c4/train2022_000000000973_right_body.jpg,train2022_000000000973,right_body,2,True,center,0,0.96875,0.5486584392460244,2e8ba10bb5c7677731a6fa33bc0ceb4a4aca522cfbd63efa6fc1d76a03948c62
3582,hyena/cropped_images/right body/7b9a9e8d-86d5-4c6c-8b10-8a129f8a10c4/train2022_000000000984_right_body.jpg,train2022_000000000984,right_body,2,True,box_center,2,0.86328125,0.4901307425696201,51b966c84475c895267e565f62da8cffb675e5731295d693e21e6860193017fb
3583,hyena/cropped_images/right body/7b9a9e8d-86d5-4c6c-8b10-8a129f8a10c4/train2022_000000002075_right_body.jpg,train2022_000000002075,right_body,2,True,center,0,0.97265625,0.5885891682349724,21590f553d2697d44e6b611f5611ba79078667feb06ec8ddf4a165c7ce4d21e7
3584,hyena/cropped_images/right body/7b9a9e8d-86d5-4c6c-8b10-8a129f8a10c4/train2022_000000002076_right_body.jpg,train2022_000000002076,right_body,2,True,center,0,0.95703125,0.5066866682509505,2d0aaeb471e87e0782cdd621a724cd0f7b4d0d61a3929aebcbd6e7f0a2074ae7
3585,hyena/cropped_images/right body/7b9a9e8d-86d5-4c6c-8b10-8a129f8a10c4/train2022_000000002497_right_body.jpg,train2022_000000002497,right_body,2,True,center,0,0.95703125,0.5461273582617974,6903f8ddb69c5d50cbb8a9d08eca4048a20af71df16ed1394cbd68fa2653abda
3586,hyena/cropped_images/right body/7b9a9e8d-86d5-4c6c-8b10-8a129f8a10c4/train2022_000000003022_right_body.jpg,train2022_000000003022,right_body,2,True,center,0,0.9609375,0.5093798975962011,d0cab7f74922e448d7840466adbf644c84b90fcc135eeaa2980a927cdc22b602
3587,hyena/cropped_images/right body/7dd17d2d-1eb3-4ccd-afc3-527226c935e6/train2022_000000001819_right_body.jpg,train2022_000000001819,right_body,2,True,center,0,0.97265625,0.5963088380009406,2b4c1e9ee0800bbf8692de0730b0c72984edb5bbdb6b111f6df4eb125d5c7447
3588,hyena/cropped_images/right body/7e9d299f-be22-497a-9d79-a1e9d909c013/train2022_000000001963_right_body.jpg,train2022_000000001963,right_body,2,True,center,0,0.97265625,0.6917314424524524,2080f13dee773dbda5a7bb9102a4b847adecc32cc23613adddbad6cff25254d1
3589,hyena/cropped_images/right body/7e9d299f-be22-497a-9d79-a1e9d909c013/train2022_000000002582_right_body.jpg,train2022_000000002582,right_body,2,True,box_center,2,0.859375,0.7245790548378872,2914bcf6b9fa70398704c4161f9543f990ee66942bcf58b98ea2df70f4060e9e
3590,hyena/cropped_images/right body/7f9b060d-6457-4c82-bd00-37dfaec1d1d0/train2022_000000000589_right_body.jpg,train2022_000000000589,right_body,2,True,center,0,0.9921875,0.46663778562277053,fd10ce4143209ba2f2db5324cc24b7fc34ff4e0250d8d058619d2c71e3fe2caa
3591,hyena/cropped_images/right body/7f9b060d-6457-4c82-bd00-37dfaec1d1d0/train2022_000000002781_right_body.jpg,train2022_000000002781,right_body,2,True,center,0,0.98046875,0.4589946963429156,6bec6310f7012dede243c69d9c85d736fe30ad372e1bd3afa2ffc9bcf347f39c
3592,hyena/cropped_images/right body/81725e48-3c1f-4c7c-89d6-334c10234cf9/train2022_000000000289_right_body.jpg,train2022_000000000289,right_body,2,True,center,0,0.95703125,0.5245383409834968,fec5cf67f053a38eb504a70d53a19fcc29dba16671af3c1bda0c8178615fec2d
3593,hyena/cropped_images/right body/81725e48-3c1f-4c7c-89d6-334c10234cf9/train2022_000000000399_right_body.jpg,train2022_000000000399,right_body,2,True,center,0,0.93359375,0.47287561627463026,d14b4a9a327080ccb0656cf2f15f7f0e123c29860616659235148d03f7192929
3594,hyena/cropped_images/right body/81725e48-3c1f-4c7c-89d6-334c10234cf9/train2022_000000000448_right_body.jpg,train2022_000000000448,right_body,2,True,center,0,0.94140625,0.5389647805378143,30a7f6b6145c38dc09fdc4e712f86fc16fa87d9e525df925c53ecd036ba50e98
3595,hyena/cropped_images/right body/81725e48-3c1f-4c7c-89d6-334c10234cf9/train2022_000000000550_right_body.jpg,train2022_000000000550,right_body,2,True,center,0,0.95703125,0.5156196526351814,73f33b6d0d809cf49b53c82f58a229affcf150cba9d67e3558f39b80a17286a6
3596,hyena/cropped_images/right body/81725e48-3c1f-4c7c-89d6-334c10234cf9/train2022_000000000707_right_body.jpg,train2022_000000000707,right_body,2,True,box_center,0,0.9140625,0.8707274569115137,14fa7c726d3b55e46dde4839bb3ad72f9ec1d522146f608f37263966d663ac7f
3597,hyena/cropped_images/right body/81725e48-3c1f-4c7c-89d6-334c10234cf9/train2022_000000000945_right_body.jpg,train2022_000000000945,right_body,2,False,box_center,2,0.8359375,0.4778956164936644,
3598,hyena/cropped_images/right body/81725e48-3c1f-4c7c-89d6-334c10234cf9/train2022_000000001486_right_body.jpg,train2022_000000001486,right_body,2,True,center,0,0.98046875,0.6061911138744082,3ddce6862d35c35934000167d9edc4cfe08034da1e2ec2a55015e909a43a8fd8
3599,hyena/cropped_images/right body/81725e48-3c1f-4c7c-89d6-334c10234cf9/train2022_000000002735_right_body.jpg,train2022_000000002735,right_body,2,True,box_center,2,0.95703125,0.6109581006075675,a4895a5c374e5c6169c0209d0ae4928b94d036db02f255696771abfa06ef59b2
3600,hyena/cropped_images/right body/81725e48-3c1f-4c7c-89d6-334c10234cf9/train2022_000000002875_right_body.jpg,train2022_000000002875,right_body,2,True,center,0,0.9765625,0.5259258550524959,3285960f6fbfbf242c4dee0210cd9c7f87d9ccac3cef92d9111bca20e76f9dc3
3601,hyena/cropped_images/right body/831e0a81-f0e5-435c-a1f3-6cd854e9ef3a/train2022_000000000240_right_body.jpg,train2022_000000000240,right_body,2,True,center,0,0.9375,0.6028663151561213,dc43e7ad4ae544549233df9ef5aa26a1e981718b9879c6fd5e3a65fa90b66213
3602,hyena/cropped_images/right body/831e0a81-f0e5-435c-a1f3-6cd854e9ef3a/train2022_000000001717_right_body.jpg,train2022_000000001717,right_body,2,False,box_center,0,0.8203125,0.8678296166490912,
3603,hyena/cropped_images/right body/83207e09-61eb-4594-80f5-6a452cdd1dcf/train2022_000000000079_right_body.jpg,train2022_000000000079,right_body,2,True,center,0,0.94921875,0.5171587124653702,888c7481b21fa32b52195084343903741439ab3fb034b3cbbf464529dc7df358
3604,hyena/cropped_images/right body/83207e09-61eb-4594-80f5-6a452cdd1dcf/train2022_000000000669_right_body.jpg,train2022_000000000669,right_body,2,True,center,0,0.88671875,0.6092456748361327,a107d8d4b395d4b6da6715edb2d07295765f1e7437b4d63b2ab272d84db71175
3605,hyena/cropped_images/right body/83207e09-61eb-4594-80f5-6a452cdd1dcf/train2022_000000001619_right_body.jpg,train2022_000000001619,right_body,2,True,center,0,0.98046875,0.6168760242440923,c7e849ac7438c1f9b35feb6b48d85c1dd939c34879eb8e834cb1db1c7500d923
3606,hyena/cropped_images/right body/83207e09-61eb-4594-80f5-6a452cdd1dcf/train2022_000000001777_right_body.jpg,train2022_000000001777,right_body,2,True,box_center,2,0.87109375,0.5210318637196175,e51640279d9c2b236131e9b76f7f97bbaaeb0a3d8c5d775e9f766723afd78eb8
3607,hyena/cropped_images/right body/83207e09-61eb-4594-80f5-6a452cdd1dcf/train2022_000000001999_right_body.jpg,train2022_000000001999,right_body,2,True,box_center,2,0.875,0.5362918499667608,cd859364974fe0807095bd1fb986664dfee8bda05bc188051537514733036e56
3608,hyena/cropped_images/right body/837298c0-13cb-470f-8a28-f513694ee20e/train2022_000000001304_right_body.jpg,train2022_000000001304,right_body,2,True,box_center,2,0.9375,0.5090116222450383,8523941d41dbf9c6d3d0dc040a3b5c575c669c77dfa45d53acb010d619ee08d9
3609,hyena/cropped_images/right body/837298c0-13cb-470f-8a28-f513694ee20e/train2022_000000001403_right_body.jpg,train2022_000000001403,right_body,2,True,center,0,0.9375,0.5335810920625096,16302ba9500890df247543c21080e2bd9e7ee6b89de2e93e16fe3ee8a183499c
3610,hyena/cropped_images/right body/837298c0-13cb-470f-8a28-f513694ee20e/train2022_000000001604_right_body.jpg,train2022_000000001604,right_body,2,True,center,0,0.9765625,0.5834209059146002,08a338320b26e4bcffdd88fd4ab3288c9e15eaca7f55a0954c337771d5098360
3611,hyena/cropped_images/right body/83c4c239-d588-4d69-b848-dadb4810487c/train2022_000000000523_right_body.jpg,train2022_000000000523,right_body,2,True,center,0,0.9609375,0.4037594522787656,3d6d9ff8f1a5846b2cc9c2f0ab99e051cad0c7a0f91ef61a5c67960b80172f65
3612,hyena/cropped_images/right body/83c4c239-d588-4d69-b848-dadb4810487c/train2022_000000001825_right_body.jpg,train2022_000000001825,right_body,2,True,center,0,0.95703125,0.40521506081767333,f072a6942d55649aa172f9670c85c31c5be046e564d2c083473ef32b8feb9fb4
3613,hyena/cropped_images/right body/83c4c239-d588-4d69-b848-dadb4810487c/train2022_000000002032_right_body.jpg,train2022_000000002032,right_body,2,True,box_center,2,0.93359375,0.41317772176133855,37fdaccd34ee2a3c1dbc366e6e68e36e0f459aaac109952dc86bb870a77cb525
3614,hyena/cropped_images/right body/83c4c239-d588-4d69-b848-dadb4810487c/train2022_000000002104_right_body.jpg,train2022_000000002104,right_body,2,True,center,0,0.9765625,0.49387344085839524,1d432c533d1d4b8b3045858a2b90dea02c38eb6a29abe7c0ea222379fbe04e32
3615,hyena/cropped_images/right body/83c4c239-d588-4d69-b848-dadb4810487c/train2022_000000002202_right_body.jpg,train2022_000000002202,right_body,2,True,box_center,2,0.875,0.4117132999219281,8f2936109900249d583e4fa5da04076b7bbb32d64f885becb232ace1376f0583
3616,hyena/cropped_images/right body/83c4c239-d588-4d69-b848-dadb4810487c/train2022_000000002227_right_body.jpg,train2022_000000002227,right_body,2,True,box_center,0,0.94921875,0.4203989317233868,4d3c67292b21b165b2d1a6587e5b14023c44d0c133577773f8a2e0f0be03aac7
3617,hyena/cropped_images/right body/84040874-ad2a-4c44-9f3d-50d044367062/train2022_000000000879_right_body.jpg,train2022_000000000879,right_body,2,True,center,0,0.98046875,0.6073990829444035,5bc04a1c88fd46bd1a6c2f2971d6c6c7c3800db92c7184867ab53cd436038fac
3618,hyena/cropped_images/right body/84040874-ad2a-4c44-9f3d-50d044367062/train2022_000000001100_right_body.jpg,train2022_000000001100,right_body,2,True,center,0,0.94921875,0.5488783061372178,34f45e7bada441f299adb607645dfad002345a50ec34fc34ee8cda1b304c7999
3619,hyena/cropped_images/right body/84040874-ad2a-4c44-9f3d-50d044367062/train2022_000000002682_right_body.jpg,train2022_000000002682,right_body,2,True,box_center,2,0.97265625,0.5227261723194616,48187c5a1e2b0552ba6b25b398beb93f98498bf837edae09408ca2195725adaa
3620,hyena/cropped_images/right body/844640ea-498e-4d2e-a578-3783c217fb3c/train2022_000000000292_right_body.jpg,train2022_000000000292,right_body,2,True,box_center,2,0.9375,0.4646292221969333,e671b9110d6d3935d05dfcfce89c46436e5fc440134eab61d5a7df26babb8bca
3621,hyena/cropped_images/right body/844640ea-498e-4d2e-a578-3783c217fb3c/train2022_000000000722_right_body.jpg,train2022_000000000722,right_body,2,True,box_center,2,0.953125,0.605088831069325,a391febd80144eaab2f1168840ea8e8e33e80abc9232e6a9b9dc0bb9099889b9
3622,hyena/cropped_images/right body/844640ea-498e-4d2e-a578-3783c217fb3c/train2022_000000000955_right_body.jpg,train2022_000000000955,right_body,2,True,center,0,0.9453125,0.5429805194805195,aaad725ff6e2ce6ab492ca1742cd3ce2d2936ad48271948f0d16162e049a95f9
3623,hyena/cropped_images/right body/844640ea-498e-4d2e-a578-3783c217fb3c/train2022_000000001023_right_body.jpg,train2022_000000001023,right_body,2,True,box_center,2,0.9140625,0.5261099911536147,df61cb3b57ad460427dd38ece5cd84818ea8e2491411f5ac9e3d56dce641e5e3
3624,hyena/cropped_images/right body/844cb3cc-89dc-4609-b33a-3ffc2bb85fd7/train2022_000000001771_right_body.jpg,train2022_000000001771,right_body,2,True,center,0,0.98046875,0.6624455081093984,71ef0e5cadf3cf60304ceb06951fc395958a106d1162dfe38f96f582b35c1c19
3625,hyena/cropped_images/right body/844cb3cc-89dc-4609-b33a-3ffc2bb85fd7/train2022_000000002080_right_body.jpg,train2022_000000002080,right_body,2,True,center,0,0.9765625,0.6523731587561374,0bd4ecf02f378d7ecfd8f0be96dc19259e0b898c35907b46719a6b7192007f42
3626,hyena/cropped_images/right body/844cb3cc-89dc-4609-b33a-3ffc2bb85fd7/train2022_000000002910_right_body.jpg,train2022_000000002910,right_body,2,True,center,0,0.98046875,0.6110469204139852,031acac7f5b25709e476eead9db228b45d360787f607f6aa8aa56e14ae125f67
3627,hyena/cropped_images/right body/85527fa6-6c14-45eb-91eb-32106f41f728/train2022_000000001968_right_body.jpg,train2022_000000001968,right_body,2,True,center,0,0.9453125,0.5388569703917941,f9a3de76aa9a59179e171c96228c783b950919bc3be736de367e698950ce16de
3628,hyena/cropped_images/right body/85527fa6-6c14-45eb-91eb-32106f41f728/train2022_000000001988_right_body.jpg,train2022_000000001988,right_body,2,True,center,0,0.90625,0.35654864538121567,3d9c071ad670ab4268b4ed6f2a0470e9059e7fb39827fc3eb836dac59c6e9c79
3629,hyena/cropped_images/right body/85527fa6-6c14-45eb-91eb-32106f41f728/train2022_000000003068_right_body.jpg,train2022_000000003068,right_body,2,True,center,0,0.94140625,0.5213421843440563,ff8e0edacf9bcdb16e01b42fb85a28c66e797a6e439925be4f1d120423a6a373
3630,hyena/cropped_images/right body/88db538e-05ee-4e9f-8163-e1bb7e4743fc/train2022_000000001922_right_body.jpg,train2022_000000001922,right_body,2,True,center,0,0.96484375,0.5525447900882432,9f03e7e38662e4e2cc1544062856d34fa153ac7fe93cf6b92442d4310c85956b
3631,hyena/cropped_images/right body/89390731-0ff1-454f-a2ac-8017c49d8da6/train2022_000000001017_right_body.jpg,train2022_000000001017,right_body,2,True,center,0,0.95703125,0.5820570937541837,19884d5e23078ae1bf2532238345b010580eefcb4a01ba612c9bf1c7163aee41
3632,hyena/cropped_images/right body/89390731-0ff1-454f-a2ac-8017c49d8da6/train2022_000000001934_right_body.jpg,train2022_000000001934,right_body,2,True,center,0,0.9765625,0.5670800506750069,40d8eec46b8fe306d5a297d10d82a63a09e973b12eb119fe584d500192e1ba43
3633,hyena/cropped_images/right body/89390731-0ff1-454f-a2ac-8017c49d8da6/train2022_000000001944_right_body.jpg,train2022_000000001944,right_body,2,True,center,0,0.97265625,0.5610680779970325,ccfca648aa0a7e47e525d85afce83dd7e8d8fbb91227f2b8563ffbb5cf1d8c13
3634,hyena/cropped_images/right body/89d1463d-4e1c-4edd-88a1-19f30914d459/train2022_000000000226_right_body.jpg,train2022_000000000226,right_body,2,True,center,0,0.9296875,0.4543053372993602,02e7b90523b968fa9d583798325bba040c7cd2d8bd111bff1ce10ebcaa7d2b8d
3635,hyena/cropped_images/right body/89d1463d-4e1c-4edd-88a1-19f30914d459/train2022_000000001530_right_body.jpg,train2022_000000001530,right_body,2,True,box_center,0,0.95703125,0.5471584474415732,5cabe39d50a4e7fefc9cb439256da04027d12431cd85b21dcf70276b1a66a6d4
3636,hyena/cropped_images/right body/89d1463d-4e1c-4edd-88a1-19f30914d459/train2022_000000002320_right_body.jpg,train2022_000000002320,right_body,2,True,box_center,0,0.96875,0.5614916833098251,b6bb1a787071a6ba1b310242e24922c9b939bbbfe7aa00733b6a6f4621e3c665
3637,hyena/cropped_images/right body/89d1463d-4e1c-4edd-88a1-19f30914d459/train2022_000000002433_right_body.jpg,train2022_000000002433,right_body,2,True,box_center,0,0.9765625,0.5456324089909391,6d6b5e6435bc7d52b16c05178dc7f648118c472e70111b631cbb1083738ec4bd
3638,hyena/cropped_images/right body/89d1463d-4e1c-4edd-88a1-19f30914d459/train2022_000000002830_right_body.jpg,train2022_000000002830,right_body,2,True,center,0,0.97265625,0.5403759267840593,5fd1cc05d7aeea9a11812032f2a882f938a11f6b694e6649a9cac7a41de87f2c
3639,hyena/cropped_images/right body/8a8944da-f6b6-46a5-8b6c-2952d7a1733c/train2022_000000002284_right_body.jpg,train2022_000000002284,right_body,2,False,box_center,0,0.76953125,0.5191151672510989,
3640,hyena/cropped_images/right body/8aa6f9e4-e249-494f-a762-11e847296544/train2022_000000000861_right_body.jpg,train2022_000000000861,right_body,2,True,box_center,2,0.93359375,0.5433482810164425,5c895c6c7af0f6ac87c6d185c96f5b684477d5460906a4a40df338429ee036a3
3641,hyena/cropped_images/right body/8aa6f9e4-e249-494f-a762-11e847296544/train2022_000000001271_right_body.jpg,train2022_000000001271,right_body,2,True,center,0,0.9765625,0.506408414201261,d8d9613ff6a5add174f33eb50980ae692fee8e566b85ce70bc385ae8bd5a5ecb
3642,hyena/cropped_images/right body/8b046377-529a-460d-8114-887322c52cde/train2022_000000000441_right_body.jpg,train2022_000000000441,right_body,2,False,box_center,2,0.83984375,0.5042998391878989,
3643,hyena/cropped_images/right body/8b046377-529a-460d-8114-887322c52cde/train2022_000000000690_right_body.jpg,train2022_000000000690,right_body,2,True,box_center,2,0.90234375,0.652413593756452,7aa5c23ba26db05e4697b2249fffaf99fe50cdd7e6634914c762d6f7471f34cb
3644,hyena/cropped_images/right body/8b046377-529a-460d-8114-887322c52cde/train2022_000000000818_right_body.jpg,train2022_000000000818,right_body,2,True,center,0,0.96875,0.45284479007019734,09af171462299c12e442b27f5426107d906f402f47b83ed476f876033ca471ba
3645,hyena/cropped_images/right body/8b046377-529a-460d-8114-887322c52cde/train2022_000000001499_right_body.jpg,train2022_000000001499,right_body,2,True,center,0,0.96875,0.6142338521069864,6320b1b6ae1b6a01b9fa74fcb0b736d50b65fab203f290fdacac505f9b565492
3646,hyena/cropped_images/right body/8b046377-529a-460d-8114-887322c52cde/train2022_000000001606_right_body.jpg,train2022_000000001606,right_body,2,True,center,0,0.97265625,0.5233061472940016,30d9de895e62347630b596f8f1d51564b1b03b15eccf04174e3aa3181e06f9b0
3647,hyena/cropped_images/right body/8b046377-529a-460d-8114-887322c52cde/train2022_000000001648_right_body.jpg,train2022_000000001648,right_body,2,True,box_center,0,0.86328125,0.8180832672489461,0050b5dd651879d1a9a54eb4aeaccf9371636e6bcab6b54b1ef506af9c6b124b
3648,hyena/cropped_images/right body/8b046377-529a-460d-8114-887322c52cde/train2022_000000002066_right_body.jpg,train2022_000000002066,right_body,2,True,center,0,0.87890625,0.4932498062516146,56546e1f2fcc736335d5c5fdbf411776bcecfa7e072672b5f9e20c2b13105e73
3649,hyena/cropped_images/right body/8b046377-529a-460d-8114-887322c52cde/train2022_000000002115_right_body.jpg,train2022_000000002115,right_body,2,True,box_center,2,0.953125,0.5165737707805016,6b243e95beb651d9d2e50257d957466616f98d72f129df9a68284e2c2e62ec00
3650,hyena/cropped_images/right body/8b046377-529a-460d-8114-887322c52cde/train2022_000000002893_right_body.jpg,train2022_000000002893,right_body,2,True,box_center,2,0.859375,0.5931099859642419,7d3f79d6cbd61ff1103281c0d9ad05e5f65bd85aba8c219b452b8f00733946d9
3651,hyena/cropped_images/right body/8b046377-529a-460d-8114-887322c52cde/train2022_000000002917_right_body.jpg,train2022_000000002917,right_body,2,True,box_center,2,0.890625,0.4747453738718298,6c60ddc93a4aaccf39d377cb0ed3ce3d2ebdcedba0460db3d693d4f7fcf10d93
3652,hyena/cropped_images/right body/8b046377-529a-460d-8114-887322c52cde/train2022_000000003053_right_body.jpg,train2022_000000003053,right_body,2,True,box_center,2,0.97265625,0.5887671880540561,8d79f7aa332e01d42ff81cac092ab89c6540bf2eb57b5223b48a5a45e5d32bd9
3653,hyena/cropped_images/right body/8b530229-7b7d-4744-a09d-d489933fc659/train2022_000000000715_right_body.jpg,train2022_000000000715,right_body,2,True,center,0,0.98046875,0.621959068791373,b2b6dcc793996a0e5ad8edc721c2b9a7eb5e2e4f6d5eaac0b54bd95c589201c8
3654,hyena/cropped_images/right body/8b530229-7b7d-4744-a09d-d489933fc659/train2022_000000001663_right_body.jpg,train2022_000000001663,right_body,2,True,center,0,0.9765625,0.6065031033187964,ac6675cdb63691087c8ed5dd1cd1ca89c43d484b5817fd3fbf742420b9c92503
3655,hyena/cropped_images/right body/8b7d4bbc-67e2-4588-9156-9748edce3fb5/train2022_000000002147_right_body.jpg,train2022_000000002147,right_body,2,True,center,0,0.96484375,0.5367415568451095,d60db2ea601164cbca60e8b8b9fd3501febde7b0926c19e82e6ca3d597073b2e
3656,hyena/cropped_images/right body/8b7d4bbc-67e2-4588-9156-9748edce3fb5/train2022_000000002978_right_body.jpg,train2022_000000002978,right_body,2,True,center,0,0.95703125,0.45068804891274183,93854e2704e50d8e186b86f4d7b95040f112023478967e84b649d2806f8c2b5b
3657,hyena/cropped_images/right body/8c3be170-b41e-411e-9940-1f5960cfa850/train2022_000000000517_right_body.jpg,train2022_000000000517,right_body,2,True,center,0,0.9765625,0.5690948221691592,da2c126874c9500a91e16a95dcbf3afec3b5a9f250b0ef78f1755781b5c665af
3658,hyena/cropped_images/right body/8c3be170-b41e-411e-9940-1f5960cfa850/train2022_000000001323_right_body.jpg,train2022_000000001323,right_body,2,True,center,0,0.9765625,0.5149974733627929,cfb1e66bfd4c4586ab97dc2915eee83bee38167a8995221ab1a1da6b1ec6bdc4
3659,hyena/cropped_images/right body/8c3be170-b41e-411e-9940-1f5960cfa850/train2022_000000001872_right_body.jpg,train2022_000000001872,right_body,2,True,center,0,0.96875,0.44974635583365147,bb9db883b2fdb8ec14fc18489fdb46ff297f98e121360e9c83cd31a7687ea7a9
3660,hyena/cropped_images/right body/8c5534ba-2153-455d-b8e5-468a1c35b511/train2022_000000000472_right_body.jpg,train2022_000000000472,right_body,2,True,center,0,0.95703125,0.492051460443844,de437d66ac4c3a57e4e3c7a1deb28901b6e0a71a80044c65b60bf381e9b7cd92
3661,hyena/cropped_images/right body/8c5534ba-2153-455d-b8e5-468a1c35b511/train2022_000000002176_right_body.jpg,train2022_000000002176,right_body,2,True,center,0,0.95703125,0.5793655686743497,e0d22eca2ec5e3d2f3f3e463855896e1c344178f78bf562618d5ace86c8ee4f6
3662,hyena/cropped_images/right body/8c755bf5-a137-4d36-b924-def3665fc42e/train2022_000000000104_right_body.jpg,train2022_000000000104,right_body,2,True,center,0,0.98046875,0.46766463980212303,fde2096c5c60de861c5a28bbc49819deb6dad5bf723f5c502b3d02f4832c20e3
3663,hyena/cropped_images/right body/8c755bf5-a137-4d36-b924-def3665fc42e/train2022_000000001470_right_body.jpg,train2022_000000001470,right_body,2,True,center,0,0.96484375,0.5996850677104423,d8e09ddffdf6ba2d1e388b3d9ee179322bf5f455be2f7e5a3fe52fc23da57ad5
3664,hyena/cropped_images/right body/8c755bf5-a137-4d36-b924-def3665fc42e/train2022_000000001554_right_body.jpg,train2022_000000001554,right_body,2,True,center,0,0.98046875,0.4737227182539683,34b01cab46a15be4acc81352afaea0d30435f113eabcf21b3443faac5a30eaec
3665,hyena/cropped_images/right body/8c755bf5-a137-4d36-b924-def3665fc42e/train2022_000000002330_right_body.jpg,train2022_000000002330,right_body,2,True,box_center,2,0.85546875,0.45616296408623347,91e1896ab2a57749317c0d942ed81b480ad81d6ec965504cf90111e4646400ba
3666,hyena/cropped_images/right body/8d704d6e-76b3-4fef-b7e7-5522bc453d98/train2022_000000000760_right_body.jpg,train2022_000000000760,right_body,2,True,center,0,0.97265625,0.4626666610921345,0ffdfb3668f2af971d9a4da3cb3c81ab2346f62473039082004bea03e51f1ff8
3667,hyena/cropped_images/right body/8d704d6e-76b3-4fef-b7e7-5522bc453d98/train2022_000000001125_right_body.jpg,train2022_000000001125,right_body,2,True,center,0,0.98046875,0.5260870525157426,9d5420317445bc6de4f472dfa84c881f288be8cb947e1c9a49ed2387e1d2f396
3668,hyena/cropped_images/right body/8d704d6e-76b3-4fef-b7e7-5522bc453d98/train2022_000000001901_right_body.jpg,train2022_000000001901,right_body,2,True,center,2,0.87890625,0.3711841098865388,bfcd9ad2fef9c2b13e598e30de8357c75645819376425bcb48c26573bbe75da8
3669,hyena/cropped_images/right body/8d704d6e-76b3-4fef-b7e7-5522bc453d98/train2022_000000002081_right_body.jpg,train2022_000000002081,right_body,2,True,center,0,0.9765625,0.4930234959687145,62219437db456e815e5b47dc8683989d6452c72612e22d631091f2341e4b9afb
3670,hyena/cropped_images/right body/8e52a7f7-8046-4567-b92a-e5941b184745/train2022_000000001776_right_body.jpg,train2022_000000001776,right_body,2,True,center,0,0.98046875,0.6258675054982077,3e2c25249f576a69a2c400a09c229f66274ebed7ef40b2ce3c176d731f411cfb
3671,hyena/cropped_images/right body/8e52a7f7-8046-4567-b92a-e5941b184745/train2022_000000003101_right_body.jpg,train2022_000000003101,right_body,2,True,box_center,2,0.92578125,0.4466359218227425,2751eb0a1531742a6fafecf4b95385ed05b12c11300b8a1b27d05981bee0f2e3
3672,hyena/cropped_images/right body/8e9cd5f5-095b-4295-8bbc-a3a67cffd935/train2022_000000000267_right_body.jpg,train2022_000000000267,right_body,2,True,box_center,2,0.8828125,0.5067868447878106,03feece038e46c77b46e0db210246c8d70db6fe0c38585cde40468ac5aad4648
3673,hyena/cropped_images/right body/8e9cd5f5-095b-4295-8bbc-a3a67cffd935/train2022_000000000595_right_body.jpg,train2022_000000000595,right_body,2,True,center,0,0.9765625,0.4687981378153562,e430d1e6f4df8909d7a97f4c7d0d8e8191637f0ff29b7ccefa9873990331f19f
3674,hyena/cropped_images/right body/8e9cd5f5-095b-4295-8bbc-a3a67cffd935/train2022_000000001117_right_body.jpg,train2022_000000001117,right_body,2,True,center,0,0.9765625,0.5014249688572905,8b5f34ddcf8c54f78dddd809db615f23cfbeec9abfb4c9020e4816c9d3013125
3675,hyena/cropped_images/right body/8e9cd5f5-095b-4295-8bbc-a3a67cffd935/train2022_000000001914_right_body.jpg,train2022_000000001914,right_body,2,True,center,0,0.97265625,0.4833237986270023,89a67ccb1b533c607bc55a53b877d0b472e3673a27efeb8d429edc8058ecf306
3676,hyena/cropped_images/right body/8e9cd5f5-095b-4295-8bbc-a3a67cffd935/train2022_000000002472_right_body.jpg,train2022_000000002472,right_body,2,True,center,0,0.95703125,0.5119695409243146,d8432585220f08ebebefffa399c46151da88f24ac696c0d7388dbbd2d7fb4052
3677,hyena/cropped_images/right body/9003c31f-6d6f-4ad9-b535-4e5c5698659b/train2022_000000000272_right_body.jpg,train2022_000000000272,right_body,2,True,center,0,0.8984375,0.5075628102728658,911bcd0f28f38cb759afd554b9c532a5d82787af2fc2b0f234782726b630882b
3678,hyena/cropped_images/right body/9003c31f-6d6f-4ad9-b535-4e5c5698659b/train2022_000000000635_right_body.jpg,train2022_000000000635,right_body,2,True,box_center,2,0.90625,0.5767469139617669,4bcfc92e0035da4a7c0fd8e472f2de4b184b200f28ebdc694b989a4df2be4418
3679,hyena/cropped_images/right body/9003c31f-6d6f-4ad9-b535-4e5c5698659b/train2022_000000000646_right_body.jpg,train2022_000000000646,right_body,2,True,box_center,2,0.87890625,0.45002471173639536,8ae731b2d70a4bb848a2dbeed9b9888b60a4bdb3cbeac0213f5285d7b3d35e17
3680,hyena/cropped_images/right body/9003c31f-6d6f-4ad9-b535-4e5c5698659b/train2022_000000000656_right_body.jpg,train2022_000000000656,right_body,2,True,box_center,0,0.90234375,0.6110581685565498,c7d8e8c5b329ca2baa64f0d89ae05780ae50606bd907f027f01d75f798cd7626
3681,hyena/cropped_images/right body/9003c31f-6d6f-4ad9-b535-4e5c5698659b/train2022_000000000673_right_body.jpg,train2022_000000000673,right_body,2,True,box_center,0,0.90625,0.684762313684598,b0c4b732bd506c703c00e2ec39b59e6f771e886e22335bce54de773e7a0cfdb7
3682,hyena/cropped_images/right body/9003c31f-6d6f-4ad9-b535-4e5c5698659b/train2022_000000001020_right_body.jpg,train2022_000000001020,right_body,2,True,box_center,0,0.89453125,0.8633099911484,c0867a3a4fad449801906693d0ea4e0f621eee3601a741f636a8c84f66fe4a4f
3683,hyena/cropped_images/right body/9003c31f-6d6f-4ad9-b535-4e5c5698659b/train2022_000000001141_right_body.jpg,train2022_000000001141,right_body,2,True,box_center,2,0.91015625,0.4517075182743792,90d5e34ab1f8401f4bc18c1b1167181ae7018eb3e715b20321009dfbb4571486
3684,hyena/cropped_images/right body/9003c31f-6d6f-4ad9-b535-4e5c5698659b/train2022_000000001995_right_body.jpg,train2022_000000001995,right_body,2,True,center,0,0.921875,0.47790778792491123,d489fd9341927f43d1cea7e1e7c2ed8dedc27791f9e101bc6bf1517b474f0bcf
3685,hyena/cropped_images/right body/9003c31f-6d6f-4ad9-b535-4e5c5698659b/train2022_000000002216_right_body.jpg,train2022_000000002216,right_body,2,True,center,0,0.91015625,0.6470205499617264,a5e72a48b3169b48a68aa70ae4aa4a2297736545c2a53f56d2995eb5d15ee923
3686,hyena/cropped_images/right body/9110686e-9241-4260-ab50-18cf4ae4a49f/train2022_000000001763_right_body.jpg,train2022_000000001763,right_body,2,True,center,0,0.9296875,0.4917146902383959,fea3969eef55a00c0d2d09e2b8ea092e097eafd7dfa0a03177fb70b31da8f33c
3687,hyena/cropped_images/right body/9110686e-9241-4260-ab50-18cf4ae4a49f/train2022_000000002360_right_body.jpg,train2022_000000002360,right_body,2,True,box_center,2,0.9453125,0.5877692691498362,f6bfb973900aaf69ab697e760c08b5441978de0b3e4fab5a8ed179db428a2a37
3688,hyena/cropped_images/right body/9110686e-9241-4260-ab50-18cf4ae4a49f/train2022_000000002761_right_body.jpg,train2022_000000002761,right_body,2,True,center,0,0.984375,0.5829887368815784,e7400c69a458abc6668270123fc5fef7e7e0053d33014d88f4b9d1b46ddfd5ed
3689,hyena/cropped_images/right body/91be8644-a55d-45bf-9b4e-34c56c607690/train2022_000000001881_right_body.jpg,train2022_000000001881,right_body,2,True,box_center,2,0.9296875,0.5415552183972671,50c25567663625745f4befa6ac888aeef38ee3f88bfc716986c9e8d02cfd0b3e
3690,hyena/cropped_images/right body/91be8644-a55d-45bf-9b4e-34c56c607690/train2022_000000002779_right_body.jpg,train2022_000000002779,right_body,2,True,center,0,0.94921875,0.48042070180583385,692a622e56d8efde7969759564730f420d1f02bbc776fa3611e53b22754100bf
3691,hyena/cropped_images/right body/95a161f7-5a75-4e56-9b3e-ae37f1d61a31/train2022_000000000268_right_body.jpg,train2022_000000000268,right_body,2,True,center,0,0.91015625,0.7903051528568695,9a5f72581e4298ff6beb15e2a1cdf8c19058e0c79be43f034e01c07f81fb9c82
3692,hyena/cropped_images/right body/95a161f7-5a75-4e56-9b3e-ae37f1d61a31/train2022_000000001785_right_body.jpg,train2022_000000001785,right_body,2,True,center,0,0.9765625,0.5287232276038644,87c8c6b274b00b11fa8526f8e4d2bc6c72e3ceb82f448304be882fef6fb6d873
3693,hyena/cropped_images/right body/95a161f7-5a75-4e56-9b3e-ae37f1d61a31/train2022_000000002777_right_body.jpg,train2022_000000002777,right_body,2,True,center,0,0.9765625,0.3825668456910648,4240fd47aaa3e1d2e50eee2713db63ff7f5afe19132cc6d74b2684bb2ddae7da
3694,hyena/cropped_images/right body/96229e46-d462-4f06-a46b-8661b61fb0ec/train2022_000000001345_right_body.jpg,train2022_000000001345,right_body,2,True,center,0,0.96875,0.6119694554620603,1cc91dbf30d4ea85bdd6c07c50e0e2f1a05b669d6462b250b0b2db82bea57dcf
3695,hyena/cropped_images/right body/96229e46-d462-4f06-a46b-8661b61fb0ec/train2022_000000001839_right_body.jpg,train2022_000000001839,right_body,2,True,center,0,0.9765625,0.5448432760364004,69c25eb59c998530e422849c666c3f41b17d8d52a4af88fcc764b0319183d8bc
3696,hyena/cropped_images/right body/970a8e69-2ce2-4515-bb96-de91d7afcb00/train2022_000000002258_right_body.jpg,train2022_000000002258,right_body,2,True,box_center,2,0.92578125,0.43478082920640115,a9807f6dbd3e00877ea41652be055879aa6da63b61818742e8771068e162794f
3697,hyena/cropped_images/right body/970a8e69-2ce2-4515-bb96-de91d7afcb00/train2022_000000002464_right_body.jpg,train2022_000000002464,right_body,2,True,center,0,0.94140625,0.4280805894390593,f31cadcf12e90eb37c552c4d6e9501505b8830aacf2fab9aee25db274a986ee5
3698,hyena/cropped_images/right body/981331f5-85cc-41d1-bbf6-6733aa8e2c42/train2022_000000000027_right_body.jpg,train2022_000000000027,right_body,2,True,center,0,0.94921875,0.5071585748396461,ce93a80253ce838ea6ac37d7636a8f858ad09acab3ddc150e1f321242d69aaad
3699,hyena/cropped_images/right body/981331f5-85cc-41d1-bbf6-6733aa8e2c42/train2022_000000000391_right_body.jpg,train2022_000000000391,right_body,2,True,box_center,0,0.96484375,0.5932840492840493,d05d711694f260c17fc0cfaf6fcdae97d6c307a617fe0e285cf3c297869d09d5
3700,hyena/cropped_images/right body/981331f5-85cc-41d1-bbf6-6733aa8e2c42/train2022_000000000530_right_body.jpg,train2022_000000000530,right_body,2,True,center,0,0.97265625,0.5615109529403635,b971ce440de0ce394cbae14ae9b3f46770e83a70f716aba017a1dece007902ea
3701,hyena/cropped_images/right body/981331f5-85cc-41d1-bbf6-6733aa8e2c42/train2022_000000001947_right_body.jpg,train2022_000000001947,right_body,2,True,center,0,0.9609375,0.6401709181703519,c6e88d87d5535eeec1023573a80768c1624b2a45904431d336767220fbd3c552
3702,hyena/cropped_images/right body/992f8369-b55b-43c6-b0ce-a9a51a54320c/train2022_000000000927_right_body.jpg,train2022_000000000927,right_body,2,True,center,0,0.9609375,0.5513641926718827,fcc029d04f3ffa69f257ff5b2cab2a3c4efde97ab2bcdcb74288ec72417cab5c
3703,hyena/cropped_images/right body/992f8369-b55b-43c6-b0ce-a9a51a54320c/train2022_000000001854_right_body.jpg,train2022_000000001854,right_body,2,True,box_center,2,0.859375,0.4830237190361075,04f2a823e31ce8c37c431372bf9e23efc0fd4ce164a70aaee34a26f2e30f3afc
3704,hyena/cropped_images/right body/992f8369-b55b-43c6-b0ce-a9a51a54320c/train2022_000000002783_right_body.jpg,train2022_000000002783,right_body,2,False,box_center,2,0.80078125,0.5512630193413047,
3705,hyena/cropped_images/right body/992f8369-b55b-43c6-b0ce-a9a51a54320c/train2022_000000002866_right_body.jpg,train2022_000000002866,right_body,2,False,box_center,0,0.73046875,0.6878916357115409,
3706,hyena/cropped_images/right body/9aeef74b-58bf-4133-abd3-e611b7ba11f7/train2022_000000001451_right_body.jpg,train2022_000000001451,right_body,2,True,center,0,0.9765625,0.6211836123723928,5c044f59a4f4b5bfbd4c1011d9f9a9521277cebe9ea393c600fd9554c43d90b8
3707,hyena/cropped_images/right body/9aeef74b-58bf-4133-abd3-e611b7ba11f7/train2022_000000001923_right_body.jpg,train2022_000000001923,right_body,2,True,box_center,2,0.89453125,0.4582833475388877,17f5d1fcf58bdc7e62ee4cd1e38269016bf1761c8e98da063c87dc6e5f8f7005
3708,hyena/cropped_images/right body/9aeef74b-58bf-4133-abd3-e611b7ba11f7/train2022_000000002721_right_body.jpg,train2022_000000002721,right_body,2,True,center,0,0.96484375,0.5556120210631125,d5c448fdfc4c56c76a2f66daef55e2afd3ceb5eea5a619729795cb177b967c4a
3709,hyena/cropped_images/right body/9aeef74b-58bf-4133-abd3-e611b7ba11f7/train2022_000000002981_right_body.jpg,train2022_000000002981,right_body,2,True,center,0,0.953125,0.5344772835677348,93a90734c09f8ad92f8865bf61307ba6e951a500f6b15e3367e19a8a38210d47
3710,hyena/cropped_images/right body/9d4d0203-ff17-4318-bd95-f1871e4aba4b/train2022_000000001133_right_body.jpg,train2022_000000001133,right_body,2,True,box_center,2,0.8828125,0.4503441106951726,a6712c870f83fdbae75953815c4c79fdeb98be947c330d785385251d73f62cc1
3711,hyena/cropped_images/right body/9d4d0203-ff17-4318-bd95-f1871e4aba4b/train2022_000000001372_right_body.jpg,train2022_000000001372,right_body,2,True,center,0,0.953125,0.5377519328619573,3a02b442f286b8527d7ec67065c0c85ccaf268ec4bea82801bea76f2481bc261
3712,hyena/cropped_images/right body/a0539b15-8bd3-4931-9e63-8d956755d9a6/train2022_000000002474_right_body.jpg,train2022_000000002474,right_body,2,False,box_center,0,0.75390625,0.7031022789110669,
3713,hyena/cropped_images/right body/a06366b7-a0e0-471e-9595-8eb50b6d499f/train2022_000000000586_right_body.jpg,train2022_000000000586,right_body,2,True,box_center,2,0.94140625,0.5746714647758984,0cfd7c3d644837da05e6e05e51fb322a18c78e8088bc6f241e710151b666d00f
3714,hyena/cropped_images/right body/a06366b7-a0e0-471e-9595-8eb50b6d499f/train2022_000000000708_right_body.jpg,train2022_000000000708,right_body,2,True,center,0,0.98828125,0.5384362177030256,e62ab2b455b88a60e1600dbcb96b35afe5b101fa394db3617dbf0c930ffe8de1
3715,hyena/cropped_images/right body/a06366b7-a0e0-471e-9595-8eb50b6d499f/train2022_000000001202_right_body.jpg,train2022_000000001202,right_body,2,False,box_center,2,0.7109375,0.5992855059784193,
3716,hyena/cropped_images/right body/a06366b7-a0e0-471e-9595-8eb50b6d499f/train2022_000000002153_right_body.jpg,train2022_000000002153,right_body,2,False,box_center,2,0.8203125,0.5905134093714591,
3717,hyena/cropped_images/right body/a06366b7-a0e0-471e-9595-8eb50b6d499f/train2022_000000002891_right_body.jpg,train2022_000000002891,right_body,2,True,center,0,0.97265625,0.5813669489172681,0e8bb5e144590130015a088cfac7c69ec93700578255d1cc0b7bc4bfe40f8390
3718,hyena/cropped_images/right body/a220a462-baa7-4dc0-b011-12c38649674c/train2022_000000001915_right_body.jpg,train2022_000000001915,right_body,2,True,center,0,0.96875,0.5600696243259434,39da1366d1b1e2bc03a5343a840ae9dd30ff29c19422909f929a073d3b37cf89
3719,hyena/cropped_images/right body/a220a462-baa7-4dc0-b011-12c38649674c/train2022_000000002628_right_body.jpg,train2022_000000002628,right_body,2,False,box_center,0,0.73046875,0.8385713298575329,
3720,hyena/cropped_images/right body/a220a462-baa7-4dc0-b011-12c38649674c/train2022_000000003070_right_body.jpg,train2022_000000003070,right_body,2,False,box_center,2,0.72265625,0.566696048794051,
3721,hyena/cropped_images/right body/a539ecd4-d1a5-49d8-aa11-e4a6d9bf3c70/train2022_000000002421_right_body.jpg,train2022_000000002421,right_body,2,True,center,0,0.9375,0.7244272478359058,8b3c520f110f51ec09cfd1bbd27d82ec46d84b97c31f20dc6a3113e536043ead
3722,hyena/cropped_images/right body/a539ecd4-d1a5-49d8-aa11-e4a6d9bf3c70/train2022_000000002620_right_body.jpg,train2022_000000002620,right_body,2,True,center,0,0.94921875,0.44168407689155015,4f9bf4bdb2ae366fb8fccda5215e48c230655d5ef6e4e3543a570295c88eb387
3723,hyena/cropped_images/right body/a5e8a2bf-014f-41eb-b33b-7249b2ea3637/train2022_000000000124_right_body.jpg,train2022_000000000124,right_body,2,True,center,0,0.94921875,0.5513320097847014,96f17fb204b1e66eddd55b314f5cb9bdbb3a62fa78579b3bf9fa858daba8b636
3724,hyena/cropped_images/right body/a5e8a2bf-014f-41eb-b33b-7249b2ea3637/train2022_000000001600_right_body.jpg,train2022_000000001600,right_body,2,True,center,0,0.97265625,0.5963704150651054,875f3d4d3f4d3d62c7c4d1b39842ada9dbad1f2999546d242d68dffc8107c06e
3725,hyena/cropped_images/right body/a5e8a2bf-014f-41eb-b33b-7249b2ea3637/train2022_000000002716_right_body.jpg,train2022_000000002716,right_body,2,True,box_center,2,0.8828125,0.42813396504051177,93e3214011251fa1ba0f004cf2d4110e715a170d306a6a328e9f74ba328b01fb
3726,hyena/cropped_images/right body/a5e8a2bf-014f-41eb-b33b-7249b2ea3637/train2022_000000002953_right_body.jpg,train2022_000000002953,right_body,2,True,box_center,2,0.90625,0.5340055946644952,7511978bee13d38a8d8b9258392c4ca6a7a5245e2dca1fd9dd8c8387b8bd0b4f
3727,hyena/cropped_images/right body/a5f6a30d-faa1-4d73-aebd-5dff073c6191/train2022_000000000082_right_body.jpg,train2022_000000000082,right_body,2,True,center,0,0.953125,0.5737736955247216,82ce603f822e5dd39d5af9df5af15a7854bc9a87efc177d76049e9c43e4b8eb8
3728,hyena/cropped_images/right body/a5f6a30d-faa1-4d73-aebd-5dff073c6191/train2022_000000000143_right_body.jpg,train2022_000000000143,right_body,2,True,center,0,0.9296875,0.5931769403149955,54db3378b2858372c2d116d50d77445110a76eba525ac5d70981981975a19a02
3729,hyena/cropped_images/right body/a5f6a30d-faa1-4d73-aebd-5dff073c6191/train2022_000000000658_right_body.jpg,train2022_000000000658,right_body,2,False,box_center,2,0.8359375,0.5618769913518434,
3730,hyena/cropped_images/right body/a5f6a30d-faa1-4d73-aebd-5dff073c6191/train2022_000000001001_right_body.jpg,train2022_000000001001,right_body,2,True,center,0,0.97265625,0.517770613649197,107d8b8ff033de188a13aac338e2f0ee52bb85184879bb40dcb5d00f2171a0e8
3731,hyena/cropped_images/right body/a5f6a30d-faa1-4d73-aebd-5dff073c6191/train2022_000000001975_right_body.jpg,train2022_000000001975,right_body,2,True,box_center,2,0.8984375,0.46637115537499907,a04a92dc6c43d5feca1a2039cb30dc6cf9bec4256b8e3c2deb1c1f3679036a92
3732,hyena/cropped_images/right body/a6d6607a-edd0-45a9-a9bf-7bac78c1db29/train2022_000000001120_right_body.jpg,train2022_000000001120,right_body,2,True,box_center,2,0.87890625,0.4654375298962497,2efc9a5ce4103a4955d5c761aa0ef5f7672dccbd6441b0715a8370e0231371cb
3733,hyena/cropped_images/right body/a6d6607a-edd0-45a9-a9bf-7bac78c1db29/train2022_000000003095_right_body.jpg,train2022_000000003095,right_body,2,True,center,0,0.984375,0.6487479546995049,c1ef8b3e1b45429108a48f312dcf38fd4c599121c26aab302e3fd7ba04f14cda
3734,hyena/cropped_images/right body/a6eae8cd-910e-44a2-a5f4-4766b66fc7b2/train2022_000000001983_right_body.jpg,train2022_000000001983,right_body,2,True,box_center,0,0.90234375,0.7197709651618064,ba9603e546d5c3d8b37f9e694d1f1def360b516f08547b272741d5c248f84cfd
3735,hyena/cropped_images/right body/a7288960-d2a0-41fe-9617-3c45ee3fb409/train2022_000000000336_right_body.jpg,train2022_000000000336,right_body,2,True,box_center,2,0.9453125,0.5538548457192525,35126fe609dc022775f97db476b2d49616c98ada9f0a7de6ea801917ad618767
3736,hyena/cropped_images/right body/a7288960-d2a0-41fe-9617-3c45ee3fb409/train2022_000000001641_right_body.jpg,train2022_000000001641,right_body,2,True,center,0,0.984375,0.578709852358501,e30fb6471f0115bad8bda4037dfe3bdba2c4131e29f50d1b440afabe92a74421
3737,hyena/cropped_images/right body/aa5f5b18-31cf-4278-b92a-d22d3fc5ddf9/train2022_000000000219_right_body.jpg,train2022_000000000219,right_body,2,True,center,0,0.97265625,0.575420697231973,b319644d65dbce04a78280efd7f318f1f24f7f6fd23670218c4292bcefe2fa46
3738,hyena/cropped_images/right body/aa5f5b18-31cf-4278-b92a-d22d3fc5ddf9/train2022_000000000599_right_body.jpg,train2022_000000000599,right_body,2,True,center,0,0.96875,0.4998350356735356,8545a826e1c2f565d8c819b132a98c879e56b8e42a73b1aba90388715b9d9a48
3739,hyena/cropped_images/right body/aa5f5b18-31cf-4278-b92a-d22d3fc5ddf9/train2022_000000002621_right_body.jpg,train2022_000000002621,right_body,2,True,center,0,0.984375,0.5783700269610075,affb42d13b759ecb77c539478ecbbcde61327d1e6d91d9422ecd1cdb7bf5af35
3740,hyena/cropped_images/right body/aa99b035-19c0-4cfb-9c06-a58914422fc5/train2022_000000001431_right_body.jpg,train2022_000000001431,right_body,2,True,center,0,0.90234375,0.47319193572415424,8832738a0ec8422a3b449332a6dce775157e6caaac8c4144021e150484eb8c7e
3741,hyena/cropped_images/right body/aa99b035-19c0-4cfb-9c06-a58914422fc5/train2022_000000002637_right_body.jpg,train2022_000000002637,right_body,2,True,center,0,0.98046875,0.6073598163545253,6f765fcd9943bae72ba58afc4c9135d77b3f3fe1783c82c26b73957362954dc4
3742,hyena/cropped_images/right body/ac7a3ba9-58c0-47e0-8814-1c5ba150c70d/train2022_000000001477_right_body.jpg,train2022_000000001477,right_body,2,False,box_center,2,0.703125,0.4979309527596132,
3743,hyena/cropped_images/right body/ace33278-b65f-43d4-9c12-530e420ddef5/train2022_000000000001_right_body.jpg,train2022_000000000001,right_body,2,True,center,0,0.8984375,0.4875374372672818,fc38e4e6efd24736694efab2f815db70602b61700e666be7cf6e9f176674843f
3744,hyena/cropped_images/right body/ace33278-b65f-43d4-9c12-530e420ddef5/train2022_000000001145_right_body.jpg,train2022_000000001145,right_body,2,True,center,0,0.94140625,0.5715017542979254,bde224dedca521acb3ff119e4f9570320f29b0389217b300df57086b774cd197
3745,hyena/cropped_images/right body/ace33278-b65f-43d4-9c12-530e420ddef5/train2022_000000001273_right_body.jpg,train2022_000000001273,right_body,2,True,box_center,0,0.89453125,0.4687498746263866,a5e13f38451014dc85d358f8409043d00bdecd88f784d53555e3cacf90fd64b1
3746,hyena/cropped_images/right body/ace33278-b65f-43d4-9c12-530e420ddef5/train2022_000000001341_right_body.jpg,train2022_000000001341,right_body,2,False,box_center,2,0.75390625,0.6651382113821138,
3747,hyena/cropped_images/right body/ace33278-b65f-43d4-9c12-530e420ddef5/train2022_000000001544_right_body.jpg,train2022_000000001544,right_body,2,True,center,0,0.9453125,0.38737423073165966,4a21d7adb22ef49d11ce8e2d0efc5c69a4ada516c606e9da464e0d5c1dfb22c6
3748,hyena/cropped_images/right body/ace33278-b65f-43d4-9c12-530e420ddef5/train2022_000000002068_right_body.jpg,train2022_000000002068,right_body,2,True,center,0,0.98046875,0.5596585483850434,dbc24227fbaa950f415048b27f00db0e456c46404f3b52303f81e6dc0ec27d8f
3749,hyena/cropped_images/right body/ace33278-b65f-43d4-9c12-530e420ddef5/train2022_000000002909_right_body.jpg,train2022_000000002909,right_body,2,True,center,0,0.98046875,0.519892511979727,fb76ce9e3fa5c5baae05003728f1a5e0169353303b16408ef7fe5de550fd0d46
3750,hyena/cropped_images/right body/aed03e34-d258-4795-bd37-d63eb4c49802/train2022_000000001114_right_body.jpg,train2022_000000001114,right_body,2,False,box_center,0,0.84765625,0.8620689655172413,
3751,hyena/cropped_images/right body/aed03e34-d258-4795-bd37-d63eb4c49802/train2022_000000001280_right_body.jpg,train2022_000000001280,right_body,2,True,box_center,2,0.9609375,0.5632554494104255,ab936073eea4f7309714f0c14b2c9599223131ccbee166b14f650b5e44bcdc43
3752,hyena/cropped_images/right body/aed03e34-d258-4795-bd37-d63eb4c49802/train2022_000000002094_right_body.jpg,train2022_000000002094,right_body,2,True,center,0,0.94140625,0.48094630445575276,51e7f53f25977e8c6e116aa8a347471ee3d5d4ecfe186f52478feb983e75079b
3753,hyena/cropped_images/right body/aed03e34-d258-4795-bd37-d63eb4c49802/train2022_000000002095_right_body.jpg,train2022_000000002095,right_body,2,True,center,0,0.94921875,0.44477636319089664,7037e61f5bf7a430031cfaa8f396aab2d425b46aac0319fece62227f9d509d19
3754,hyena/cropped_images/right body/aed03e34-d258-4795-bd37-d63eb4c49802/train2022_000000002490_right_body.jpg,train2022_000000002490,right_body,2,True,box_center,0,0.9140625,0.7313769605918455,3749a396698f1495bdb4ca9b76449a0134728b6ca88ee44660a005d551e087d0
3755,hyena/cropped_images/right body/aed03e34-d258-4795-bd37-d63eb4c49802/train2022_000000003013_right_body.jpg,train2022_000000003013,right_body,2,True,box_center,0,0.9375,0.6880363286784051,947a81b9c54f894a30852b84d30daaf0b05bf9dc9f749edc728f93f0df7e16b3
3756,hyena/cropped_images/right body/aeea8cca-a56f-4662-8f86-3a7f8f7237a0/train2022_000000001298_right_body.jpg,train2022_000000001298,right_body,2,True,center,0,0.953125,0.6006587228828814,efa5d4d0d8a31378e560ac4656eccad05a79ed8f6f400d2f083aa2142a0bb979
3757,hyena/cropped_images/right body/b07dd6f4-8c65-4c6c-b4eb-a65188e81c2c/train2022_000000000242_right_body.jpg,train2022_000000000242,right_body,2,False,box_center,0,0.78125,0.8000819126606256,
3758,hyena/cropped_images/right body/b07dd6f4-8c65-4c6c-b4eb-a65188e81c2c/train2022_000000000446_right_body.jpg,train2022_000000000446,right_body,2,False,box_center,0,0.77734375,0.5825157886846198,
3759,hyena/cropped_images/right body/b07dd6f4-8c65-4c6c-b4eb-a65188e81c2c/train2022_000000000746_right_body.jpg,train2022_000000000746,right_body,2,True,center,0,0.95703125,0.856647082987777,4467ec6037f5bb892d366881220e2b55b87bcf3576dcf0c753bfa7f415669ec7
3760,hyena/cropped_images/right body/b07dd6f4-8c65-4c6c-b4eb-a65188e81c2c/train2022_000000001502_right_body.jpg,train2022_000000001502,right_body,2,False,box_center,0,0.78125,0.7331138394259648,
3761,hyena/cropped_images/right body/b0d09afd-0469-48b6-9718-02f644ba1969/train2022_000000001834_right_body.jpg,train2022_000000001834,right_body,2,True,center,0,0.97265625,0.47126396278938654,e2530150a0333c9b93b4fa88424de053f09a20414531fb9c0239265df133fd98
3762,hyena/cropped_images/right body/b0d09afd-0469-48b6-9718-02f644ba1969/train2022_000000002173_right_body.jpg,train2022_000000002173,right_body,2,True,center,0,0.98046875,0.43754766967027775,4dfc86d4fa9802a297cd17faad63a0bd378e78f0d194ace0ad6bb96c3d6f57d5
3763,hyena/cropped_images/right body/b0d09afd-0469-48b6-9718-02f644ba1969/train2022_000000002355_right_body.jpg,train2022_000000002355,right_body,2,True,center,0,0.98046875,0.5743182210234133,1a4d9c63dcb18debc4f9e7f2981952767203c05e40ac7a5510707f5680b4dd0c
3764,hyena/cropped_images/right body/b0fb2cd7-62b2-46ff-9893-f23def9d9b8f/train2022_000000000081_right_body.jpg,train2022_000000000081,right_body,2,True,center,0,0.9609375,0.4330525989200983,0320a16cfeb4abea55fa8c65033259db559efa445b99c0c8b2c0fa862289c548
3765,hyena/cropped_images/right body/b0fb2cd7-62b2-46ff-9893-f23def9d9b8f/train2022_000000000360_right_body.jpg,train2022_000000000360,right_body,2,True,center,0,0.98046875,0.5251501845084846,259d29a9a35b4212ae2223b489568d867711133b4047000dcf78ff6dc401265d
3766,hyena/cropped_images/right body/b0fb2cd7-62b2-46ff-9893-f23def9d9b8f/train2022_000000000795_right_body.jpg,train2022_000000000795,right_body,2,True,box_center,2,0.96875,0.47227383938802686,e066fcbefd746050d4b5ead609d0cd906e6f1a5f4ef44f59126dcc2640e41d7a
3767,hyena/cropped_images/right body/b0fb2cd7-62b2-46ff-9893-f23def9d9b8f/train2022_000000002685_right_body.jpg,train2022_000000002685,right_body,2,True,center,0,0.95703125,0.420836024283131,f6d03bca898302bdea8fc0f2dd223baba9d781a7c5c0a9f3d64bc76988558cf4
3768,hyena/cropped_images/right body/b257ec4e-0b36-4e80-85be-b75c8df39b01/train2022_000000000783_right_body.jpg,train2022_000000000783,right_body,2,True,center,0,0.94921875,0.5874891982324008,8476f6d26c399961880484c15bb010d02934f06294033e767d6e69bafe647e40
3769,hyena/cropped_images/right body/b257ec4e-0b36-4e80-85be-b75c8df39b01/train2022_000000001730_right_body.jpg,train2022_000000001730,right_body,2,True,box_center,2,0.89453125,0.617588284418993,b71cc8079a4206e57c1baf9fd4a1182b2612daafe89152ed59535826edd66655
3770,hyena/cropped_images/right body/b38b7f3d-5275-467d-a9fa-7a66af3d5b3e/train2022_000000000468_right_body.jpg,train2022_000000000468,right_body,2,True,center,0,0.96875,0.6084238851118192,3208df7ec3767df3d836312aedfe008be78f793134acc6732ae7cea523152d2c
3771,hyena/cropped_images/right body/b422e55f-0afc-4b34-922e-9da329a2f53e/train2022_000000001191_right_body.jpg,train2022_000000001191,right_body,2,True,center,0,0.96484375,0.4853500991151285,aeabc73943fa63241e461c65858c8309453a4efadae8a26d8ee420ee4daa67e4
3772,hyena/cropped_images/right body/b422e55f-0afc-4b34-922e-9da329a2f53e/train2022_000000001368_right_body.jpg,train2022_000000001368,right_body,2,True,box_center,2,0.859375,0.5570536086645939,2d4677e5fda3ad8c2d556bc26fefabd64f9b18659e2556bb217e24f0156f5ee1
3773,hyena/cropped_images/right body/b422e55f-0afc-4b34-922e-9da329a2f53e/train2022_000000002482_right_body.jpg,train2022_000000002482,right_body,2,True,center,0,0.9609375,0.5685225295202814,dcda68c9926a887d1321c6cfc77c5cce34a4683d81c1b0fb4516245d9c418512
3774,hyena/cropped_images/right body/b422e55f-0afc-4b34-922e-9da329a2f53e/train2022_000000002983_right_body.jpg,train2022_000000002983,right_body,2,True,box_center,2,0.890625,0.5534036459501217,4dc684048345fec5775c3825ed283aa66105fad958b4f7795893000a17322554
3775,hyena/cropped_images/right body/b4f217b9-8188-4f1e-a9a6-a1e67e809c8a/train2022_000000000234_right_body.jpg,train2022_000000000234,right_body,2,True,center,0,0.95703125,0.6721655154298566,ed440dc92d8729e7f24bae1493c0e624534e7517cb6d75658cb7d19063512906
3776,hyena/cropped_images/right body/b5c37454-cf12-49c5-96c0-aff806c293c2/train2022_000000000103_right_body.jpg,train2022_000000000103,right_body,2,True,center,0,0.98046875,0.5129329820271114,a05374041acd7c9e2128c642159acb54922fd169a390bdff05d8bc65e0d61372
3777,hyena/cropped_images/right body/b734856c-cfc6-4b40-abff-48e7b29496c6/train2022_000000000179_right_body.jpg,train2022_000000000179,right_body,2,True,box_center,2,0.97265625,0.5506574974840658,36f3aa989ae1d282c828fbf74e10bacf1ffdcd5f25a4b8f6e352b6971cb4c473
3778,hyena/cropped_images/right body/b734856c-cfc6-4b40-abff-48e7b29496c6/train2022_000000000281_right_body.jpg,train2022_000000000281,right_body,2,True,center,0,0.96484375,0.48099477824667786,02b95d06af340266b06f96e619bd2d9cafd00086b1ea629c5c707ec6f6b6fe12
3779,hyena/cropped_images/right body/b734856c-cfc6-4b40-abff-48e7b29496c6/train2022_000000000507_right_body.jpg,train2022_000000000507,right_body,2,True,center,0,0.9765625,0.5523615168076692,991637af83134d7c3bacf8f9608435e2be6336f3a66bc9ab1ee2ca032d0b532d
3780,hyena/cropped_images/right body/b734856c-cfc6-4b40-abff-48e7b29496c6/train2022_000000000714_right_body.jpg,train2022_000000000714,right_body,2,True,box_center,0,0.96484375,0.5823488291523936,0dcefa9f1bd2cee2d0c15c172f46897cad6fad85863f8afa8a20dfd008b360d3
3781,hyena/cropped_images/right body/b8f52f8c-3f36-4970-8813-0093fedc6081/train2022_000000000369_right_body.jpg,train2022_000000000369,right_body,2,True,center,0,0.95703125,0.5891147218980287,0f537daffb7f9a72a17b833661e8f7b1cbd2b5216d4910bc2c2a925151b92f2a
3782,hyena/cropped_images/right body/b8f52f8c-3f36-4970-8813-0093fedc6081/train2022_000000001108_right_body.jpg,train2022_000000001108,right_body,2,True,box_center,0,0.9453125,0.6403467731983972,80da2d509c52224441d2d5bc03f0d016497cc03bbbc6d808d126f0d8aadc8c11
3783,hyena/cropped_images/right body/b8f52f8c-3f36-4970-8813-0093fedc6081/train2022_000000001707_right_body.jpg,train2022_000000001707,right_body,2,True,box_center,0,0.89453125,0.8934849836989832,953c2793bd16ea8f11fe6959801899512a7643f3c480b536ce5c57d4ad405e55
3784,hyena/cropped_images/right body/bb7b8783-ecf2-466b-956a-b07381a49e31/train2022_000000000023_right_body.jpg,train2022_000000000023,right_body,2,True,center,0,0.98046875,0.5810248075484864,f3731c24dce8c8445a144d5cc24323d6e0cd4ed709cefe64599b94b0d25cf4b6
3785,hyena/cropped_images/right body/bb7b8783-ecf2-466b-956a-b07381a49e31/train2022_000000001342_right_body.jpg,train2022_000000001342,right_body,2,True,box_center,2,0.91015625,0.552648998382481,f17d5ebea490b43011fd22a2997f231a94c6613bb88fba1a3653b7fe096dbd10
3786,hyena/cropped_images/right body/bb7b8783-ecf2-466b-956a-b07381a49e31/train2022_000000001406_right_body.jpg,train2022_000000001406,right_body,2,True,box_center,2,0.9453125,0.5568155470775457,971800951410cabb12525f4259e14704854bc55d2f86b65baa32d44bb5c49d19
3787,hyena/cropped_images/right body/bbbaafbc-3889-4d6f-843b-d58fb94fb07c/train2022_000000001000_right_body.jpg,train2022_000000001000,right_body,2,True,center,0,0.96875,0.6289742692105724,e44b573ff26429ae82816e272caa5b74dc02d93c36e73f3e0414c023a40ff0fa
3788,hyena/cropped_images/right body/bbbaafbc-3889-4d6f-843b-d58fb94fb07c/train2022_000000001264_right_body.jpg,train2022_000000001264,right_body,2,True,box_center,2,0.8984375,0.4913165221048084,2e23d06e8b6f6eee623ba94275194c9d34103790450da298381a4958ead3f9f8
3789,hyena/cropped_images/right body/bbbaafbc-3889-4d6f-843b-d58fb94fb07c/train2022_000000001520_right_body.jpg,train2022_000000001520,right_body,2,True,center,0,0.9765625,0.4902797359828308,7afd45c42e5492ee688592707b5afc5d6bdeeaa9fd175187c075b508b46e41c4
3790,hyena/cropped_images/right body/bbbaafbc-3889-4d6f-843b-d58fb94fb07c/train2022_000000001669_right_body.jpg,train2022_000000001669,right_body,2,True,center,0,0.96875,0.6388005954932695,f167ad6f698143eca8909a5adf33e7aa964dba16e83f8e8e00f3c697a094b443
3791,hyena/cropped_images/right body/bbbaafbc-3889-4d6f-843b-d58fb94fb07c/train2022_000000001673_right_body.jpg,train2022_000000001673,right_body,2,True,center,0,0.96484375,0.6820828950956332,758c0aa2a038564ada8169c136f5de11961b5b90a8ac16af12f0ae70d96d2453
3792,hyena/cropped_images/right body/bbbaafbc-3889-4d6f-843b-d58fb94fb07c/train2022_000000001696_right_body.jpg,train2022_000000001696,right_body,2,True,center,0,0.94140625,0.567294048715472,cb224f681a38c1443be53359f3e5ef344319a2b3c594eb5f53d2bd82c5f0b4b2
3793,hyena/cropped_images/right body/bbbaafbc-3889-4d6f-843b-d58fb94fb07c/train2022_000000001719_right_body.jpg,train2022_000000001719,right_body,2,True,center,0,0.96484375,0.49225135259583286,6aea57781e72e1e97d9f7c0deb79464088bbc7dd9e3248d752f23d8e778f86b9
3794,hyena/cropped_images/right body/bbbaafbc-3889-4d6f-843b-d58fb94fb07c/train2022_000000001733_right_body.jpg,train2022_000000001733,right_body,2,True,center,0,0.94921875,0.6422217426394724,d0483122755e649c5f7b3030d1c7f6c06c9455e56315182c082c08682c020777
3795,hyena/cropped_images/right body/bbbaafbc-3889-4d6f-843b-d58fb94fb07c/train2022_000000001744_right_body.jpg,train2022_000000001744,right_body,2,True,box_center,0,0.94921875,0.6057716348062935,23b5dd09c1d2f0a0c070041ab46f6ebc9941d61ec93f097abb6af80b97b29549
3796,hyena/cropped_images/right body/bbbaafbc-3889-4d6f-843b-d58fb94fb07c/train2022_000000001970_right_body.jpg,train2022_000000001970,right_body,2,True,center,0,0.9453125,0.7058931387289596,da4acf63656c530182ec0f603ce985aaee03a7a8afb5f5f306cff8ea4fa6b7a2
3797,hyena/cropped_images/right body/bbbaafbc-3889-4d6f-843b-d58fb94fb07c/train2022_000000002617_right_body.jpg,train2022_000000002617,right_body,2,True,center,0,0.953125,0.529249208274375,9f4a1ebcc6774f8f25e68292dd786aa687ab67502fa8032ea3a2a2063d56d9a0
3798,hyena/cropped_images/right body/bbbaafbc-3889-4d6f-843b-d58fb94fb07c/train2022_000000002932_right_body.jpg,train2022_000000002932,right_body,2,True,center,2,0.86328125,0.3744616946100259,8a3e0f0a53a30059505d97ba07f8ae25a2de565e0caf20a0e1894152dffc5c7d
3799,hyena/cropped_images/right body/bc95fccf-3431-4dee-b23f-c0a10f19b05c/train2022_000000002120_right_body.jpg,train2022_000000002120,right_body,2,True,center,0,0.97265625,0.4878659495038805,f728d229ae7af630dd664356afa753d4939fd42f9cb2c7c55a9598e978b669d8
3800,hyena/cropped_images/right body/bc95fccf-3431-4dee-b23f-c0a10f19b05c/train2022_000000002159_right_body.jpg,train2022_000000002159,right_body,2,True,box_center,2,0.984375,0.52439465454758,2f3cb88599d4f9d725ff4d5edc1a3e4bfdd105c2ced52a3d21091c9654fe178d
3801,hyena/cropped_images/right body/bfa8b15b-15b7-4f41-b44e-fdec1e1bb74c/train2022_000000002158_right_body.jpg,train2022_000000002158,right_body,2,True,box_center,2,0.9375,0.4775336430117007,b9472f4aed9f4a068a6011e2fc1d8226fed3ad30570920fb0588a75e9a3c1af3
3802,hyena/cropped_images/right body/bfab3e8b-c8a4-40d7-9a55-ad0e9c744283/train2022_000000000970_right_body.jpg,train2022_000000000970,right_body,2,True,center,0,0.9609375,0.45575673832681335,2905d53eed7103fa1e1216e12b8fc5a9f12716c49cc314201696a3f02ae14533
3803,hyena/cropped_images/right body/bfab3e8b-c8a4-40d7-9a55-ad0e9c744283/train2022_000000002165_right_body.jpg,train2022_000000002165,right_body,2,True,center,0,0.94921875,0.28232933272093746,89b685c088fba15574a39461e2e543cf5cb85c0e8945dbf7ab19195db318304c
3804,hyena/cropped_images/right body/bff16f45-9acf-4eac-8d62-52b1fefb9e0f/train2022_000000000534_right_body.jpg,train2022_000000000534,right_body,2,True,center,0,0.95703125,0.563929170365986,d03042aeed53a2e81a239f7ed560fc7dbff3b0173bfadf03ad27b1ea16da0d9c
3805,hyena/cropped_images/right body/bff16f45-9acf-4eac-8d62-52b1fefb9e0f/train2022_000000000689_right_body.jpg,train2022_000000000689,right_body,2,True,center,0,0.96484375,0.4378637909174735,afee45d732b969c976ccd8237e4fb7d8a1197812a99951489b312780a85d4741
3806,hyena/cropped_images/right body/bff16f45-9acf-4eac-8d62-52b1fefb9e0f/train2022_000000001672_right_body.jpg,train2022_000000001672,right_body,2,True,center,0,0.9296875,0.5301679000892562,383fece1eb18478ba227e3b676f2c79924849ac34b934dd785f0472885144934
3807,hyena/cropped_images/right body/bff16f45-9acf-4eac-8d62-52b1fefb9e0f/train2022_000000001759_right_body.jpg,train2022_000000001759,right_body,2,True,center,2,0.96875,0.4772071117181922,76d222fbef395512077089ace53aa49407904d3f2615387e81d763c4d69fb418
3808,hyena/cropped_images/right body/bff16f45-9acf-4eac-8d62-52b1fefb9e0f/train2022_000000001972_right_body.jpg,train2022_000000001972,right_body,2,True,center,0,0.97265625,0.7003123072085112,0ddf8a4a3180067dc7971b3f3dd1b987b52153206a2ce0cbd2268a2d36096815
3809,hyena/cropped_images/right body/bff16f45-9acf-4eac-8d62-52b1fefb9e0f/train2022_000000002699_right_body.jpg,train2022_000000002699,right_body,2,True,box_center,2,0.9140625,0.5462227070455214,861c19aeefff5392a1162c2a10c1fde58e9767c30eb84332007989ec777fb1c9
3810,hyena/cropped_images/right body/c1593d0b-5f78-4f62-8304-932d7fbcc9fe/train2022_000000002058_right_body.jpg,train2022_000000002058,right_body,2,True,center,0,0.96875,0.6177367205542725,a50a853ca11f292fb51911867aaf0ccf0130e5bad856929ce4672ee99aabe499
3811,hyena/cropped_images/right body/c1593d0b-5f78-4f62-8304-932d7fbcc9fe/train2022_000000002504_right_body.jpg,train2022_000000002504,right_body,2,True,center,0,0.96875,0.5381196881439904,940f399adef24ad8823c0c3e9533924c276f4606aa604199de4235eae5f1a24f
3812,hyena/cropped_images/right body/c273c534-7efa-4da8-bdba-6fdb44d92fed/train2022_000000001334_right_body.jpg,train2022_000000001334,right_body,2,True,center,0,0.97265625,0.5637702879545615,6514fa3ff6b0deadc4634f21034921389a9623514c28479fd8040c14e2cd99c2
3813,hyena/cropped_images/right body/c273c534-7efa-4da8-bdba-6fdb44d92fed/train2022_000000001811_right_body.jpg,train2022_000000001811,right_body,2,True,center,0,0.96875,0.4764755174309198,f88555837ae5d33d2016df26980c459e7e9050a4cb26582692fbe69ded7ae87a
3814,hyena/cropped_images/right body/c3835fcb-41e1-4d3a-877c-ca359a7c4e74/train2022_000000000025_right_body.jpg,train2022_000000000025,right_body,2,True,box_center,2,0.87890625,0.5502455921803887,32944c5dfdec051aa79b1f1a7ca118e1edc4c198ad17d6cb8d91825148ef41b8
3815,hyena/cropped_images/right body/c3835fcb-41e1-4d3a-877c-ca359a7c4e74/train2022_000000000038_right_body.jpg,train2022_000000000038,right_body,2,True,box_center,2,0.9375,0.4728184182034398,38fc35072c5281dcf95ca88b2ca7e593a3ef87c991ea2e03e817672b48eb634d
3816,hyena/cropped_images/right body/c3835fcb-41e1-4d3a-877c-ca359a7c4e74/train2022_000000000409_right_body.jpg,train2022_000000000409,right_body,2,True,center,0,0.96875,0.5564530881983033,f1bff35c1e9a1450ec62e6dc179f12eddc674f7502eae58cec071c2399b748ce
3817,hyena/cropped_images/right body/c3835fcb-41e1-4d3a-877c-ca359a7c4e74/train2022_000000000921_right_body.jpg,train2022_000000000921,right_body,2,True,center,0,0.953125,0.562328283246559,efcd1ac609b20c65d918bdf19ef2250c602044589cb69ff6da2e227787fffdb7
3818,hyena/cropped_images/right body/c3835fcb-41e1-4d3a-877c-ca359a7c4e74/train2022_000000001481_right_body.jpg,train2022_000000001481,right_body,2,False,box_center,0,0.828125,0.6734754016998573,
3819,hyena/cropped_images/right body/c3835fcb-41e1-4d3a-877c-ca359a7c4e74/train2022_000000001527_right_body.jpg,train2022_000000001527,right_body,2,True,box_center,0,0.9140625,0.6301042806969531,2009452d4315beefe7b54b11418817647bfeb4a30a97729c27e4bdb4e0ba76b2
3820,hyena/cropped_images/right body/c3835fcb-41e1-4d3a-877c-ca359a7c4e74/train2022_000000002297_right_body.jpg,train2022_000000002297,right_body,2,True,center,0,0.89453125,0.6628903690379141,4d54a399b5426e576fb9845fb9745f68643a5f89477b9ae21374253630373ac6
3821,hyena/cropped_images/right body/c3835fcb-41e1-4d3a-877c-ca359a7c4e74/train2022_000000002873_right_body.jpg,train2022_000000002873,right_body,2,False,center,0,0.8359375,0.6514689078000018,
3822,hyena/cropped_images/right body/c5c66d36-d1a6-412e-8289-0b5d8b275be9/train2022_000000000454_right_body.jpg,train2022_000000000454,right_body,2,False,box_center,2,0.7578125,0.5483228259348197,
3823,hyena/cropped_images/right body/c5c66d36-d1a6-412e-8289-0b5d8b275be9/train2022_000000000607_right_body.jpg,train2022_000000000607,right_body,2,True,center,0,0.97265625,0.5891687438409368,360a75962386918f6cd4aad513e05db2ed3350375bdcd6b244d11d989477a563
3824,hyena/cropped_images/right body/c5c66d36-d1a6-412e-8289-0b5d8b275be9/train2022_000000001566_right_body.jpg,train2022_000000001566,right_body,2,True,center,0,0.96875,0.6044293367734658,ec9d704491ba345c984afee8a789519b3b8b6923457d95d4c2fd41e15317367f
3825,hyena/cropped_images/right body/c6241bf0-3991-48e7-862b-052e4c1eef69/train2022_000000000232_right_body.jpg,train2022_000000000232,right_body,2,True,center,0,0.98046875,0.46452116796602755,9679b36f2d3bc07a01ed643aca4e89c6bb00432cea83cdf39ccf05750bee89bc
3826,hyena/cropped_images/right body/c6241bf0-3991-48e7-862b-052e4c1eef69/train2022_000000001241_right_body.jpg,train2022_000000001241,right_body,2,True,center,0,0.95703125,0.5700312313110506,b2314078425f7f73d75c58eb34acf0795fecaa189a3a01a2cedf6cef0252087a
3827,hyena/cropped_images/right body/c6241bf0-3991-48e7-862b-052e4c1eef69/train2022_000000001367_right_body.jpg,train2022_000000001367,right_body,2,True,center,0,0.9375,0.5422232417906535,6d31c1df7e7be9f2a46f582843442204ca839610cebf6eff712148cffb94337f
3828,hyena/cropped_images/right body/c6241bf0-3991-48e7-862b-052e4c1eef69/train2022_000000002087_right_body.jpg,train2022_000000002087,right_body,2,True,center,0,0.984375,0.5353334542977882,97696895bf0df7691503b39dd4ee535fcf9a77b0bdfc79cfd052e6206142b26f
3829,hyena/cropped_images/right body/c6241bf0-3991-48e7-862b-052e4c1eef69/train2022_000000002741_right_body.jpg,train2022_000000002741,right_body,2,True,center,0,0.9765625,0.5843230177762552,bd6657637fd68c81c36e4771eadcd605d9b223ea8432ba9764bbdc78f2434870
3830,hyena/cropped_images/right body/c755133f-a088-47fb-be84-0c36422a9901/train2022_000000000069_right_body.jpg,train2022_000000000069,right_body,2,True,box_center,2,0.890625,0.5216302295211341,a9b2abe4d50b39df6cc5bd9419dcb6a39156064f1cbe201abef3a29088e5fb5d
3831,hyena/cropped_images/right body/c755133f-a088-47fb-be84-0c36422a9901/train2022_000000000093_right_body.jpg,train2022_000000000093,right_body,2,True,center,0,0.875,0.6367622157716497,f0377a18f1e08674ac2010075eef2fd899662bfa2445e54fe8909133dc1ddeff
3832,hyena/cropped_images/right body/c755133f-a088-47fb-be84-0c36422a9901/train2022_000000000477_right_body.jpg,train2022_000000000477,right_body,2,False,center,0,0.6953125,0.6937372246195775,
3833,hyena/cropped_images/right body/c755133f-a088-47fb-be84-0c36422a9901/train2022_000000000621_right_body.jpg,train2022_000000000621,right_body,2,True,center,2,0.984375,0.69905188900516,61bf9f788836fe03e96177c14539b4417cf8e21ae4035bfa3afd05d899eb96ad
3834,hyena/cropped_images/right body/c755133f-a088-47fb-be84-0c36422a9901/train2022_000000000897_right_body.jpg,train2022_000000000897,right_body,2,True,box_center,2,0.8828125,0.5426360016876425,03b36e1066a67713d99de6f8d4d1ea28192b3244f42b564572120baa9fba514f
3835,hyena/cropped_images/right body/c755133f-a088-47fb-be84-0c36422a9901/train2022_000000001012_right_body.jpg,train2022_000000001012,right_body,2,True,center,0,0.93359375,0.46897911776804513,76fd07a2e7b2107509696d9b86655a234755ddb3cd2a0c3784542ca104652d81
3836,hyena/cropped_images/right body/c755133f-a088-47fb-be84-0c36422a9901/train2022_000000001642_right_body.jpg,train2022_000000001642,right_body,2,False,box_center,0,0.8046875,0.8176685897282907,
3837,hyena/cropped_images/right body/c755133f-a088-47fb-be84-0c36422a9901/train2022_000000001800_right_body.jpg,train2022_000000001800,right_body,2,False,box_center,0,0.7734375,0.8239465999165624,
3838,hyena/cropped_images/right body/c755133f-a088-47fb-be84-0c36422a9901/train2022_000000001835_right_body.jpg,train2022_000000001835,right_body,2,False,box_center,0,0.79296875,0.7711558307533539,
3839,hyena/cropped_images/right body/c755133f-a088-47fb-be84-0c36422a9901/train2022_000000002367_right_body.jpg,train2022_000000002367,right_body,2,True,box_center,2,0.8984375,0.5275599723637064,51e05f231526ba28cbd79dd367e2d7056f64cc8dea5df941447d7cecbb840ae8
3840,hyena/cropped_images/right body/c755133f-a088-47fb-be84-0c36422a9901/train2022_000000002505_right_body.jpg,train2022_000000002505,right_body,2,False,center,0,0.734375,0.5175632698768197,
3841,hyena/cropped_images/right body/c755133f-a088-47fb-be84-0c36422a9901/train2022_000000002684_right_body.jpg,train2022_000000002684,right_body,2,True,box_center,2,0.91796875,0.5401866678462424,a628efeeb732ef33c1636dc87972fb8c8999f3c620b33bcd4d22e7c316acae02
3842,hyena/cropped_images/right body/c755133f-a088-47fb-be84-0c36422a9901/train2022_000000002746_right_body.jpg,train2022_000000002746,right_body,2,False,box_center,2,0.76953125,0.5295368244354967,
3843,hyena/cropped_images/right body/c7fc642b-3a46-4bda-ac76-abcbffdf2260/train2022_000000001366_right_body.jpg,train2022_000000001366,right_body,2,True,center,0,0.95703125,0.4123344367785345,2e11e5894811145d22b5b07b410c2138e2289aa56d3ac8af9cce61aae67ee0a7
3844,hyena/cropped_images/right body/c7fc642b-3a46-4bda-ac76-abcbffdf2260/train2022_000000002867_right_body.jpg,train2022_000000002867,right_body,2,True,center,0,0.97265625,0.511083795083402,89c6bf52f540afe2c3dd9db669a770bb18ed3724c3bcd9663e450fc7f53f6c1f
3845,hyena/cropped_images/right body/c9c4d9d7-11c7-4b16-91f7-f554f081e639/train2022_000000002823_right_body.jpg,train2022_000000002823,right_body,2,True,center,0,0.98046875,0.5909681493305409,f4548a9a15c3d41cea64e5ef32802332798484af5f4b1ee359218789dba28b4b
3846,hyena/cropped_images/right body/c9c4d9d7-11c7-4b16-91f7-f554f081e639/train2022_000000003012_right_body.jpg,train2022_000000003012,right_body,2,True,center,0,0.97265625,0.6387288116929356,6b0db72ec4ecc32f01ddac8f8ed8d26d4192b0f7a4c9ab141c57d22967db37a9
3847,hyena/cropped_images/right body/cc198eff-cbca-4c78-8e28-00592ef701f7/train2022_000000000737_right_body.jpg,train2022_000000000737,right_body,2,True,center,0,0.97265625,0.5866114706248561,1887ad0a336a92b3cb5d715b2b65caf9426572c1279120e11850e40b2c102c10
3848,hyena/cropped_images/right body/cc198eff-cbca-4c78-8e28-00592ef701f7/train2022_000000001655_right_body.jpg,train2022_000000001655,right_body,2,True,center,0,0.9765625,0.4876585642714675,17d7a4dd03b4a418815a3f2603bd9c6416ef9a19b5a666250584cd66f4742e11
3849,hyena/cropped_images/right body/cc198eff-cbca-4c78-8e28-00592ef701f7/train2022_000000002656_right_body.jpg,train2022_000000002656,right_body,2,True,center,0,0.9921875,0.5898849780495125,974708c8a0594cced1c38ced93f1abe041549defb05db1e8ce8ebdbc53a47c68
3850,hyena/cropped_images/right body/cc198eff-cbca-4c78-8e28-00592ef701f7/train2022_000000002950_right_body.jpg,train2022_000000002950,right_body,2,True,box_center,2,0.9296875,0.593736711046043,cab6eda85f3e29641c5aa542890338fefbdc250a2d7ff0bb6d9e6273d550d17f
3851,hyena/cropped_images/right body/ccf6e18f-f6bb-4cd7-8166-31a1a8cce2ce/train2022_000000000542_right_body.jpg,train2022_000000000542,right_body,2,True,box_center,2,0.85546875,0.8271219376778403,fa3e68329136077fc02d805e932ef706a341e435fe25f537afb4f5d845fcb2e0
3852,hyena/cropped_images/right body/ccf6e18f-f6bb-4cd7-8166-31a1a8cce2ce/train2022_000000002053_right_body.jpg,train2022_000000002053,right_body,2,True,center,0,0.93359375,0.6761547109335757,64ac8ff9735417b6e36deec6a2f1032483ae1d2b95caf28e8460ac550eac973c
3853,hyena/cropped_images/right body/ccf6e18f-f6bb-4cd7-8166-31a1a8cce2ce/train2022_000000002103_right_body.jpg,train2022_000000002103,right_body,2,True,box_center,2,0.8671875,0.7813375033557475,1e79676c44aed3587b44d3a649b661b4e2de49693f2b7605c6af8b520d5636e4
3854,hyena/cropped_images/right body/cd551358-32f0-45dd-8199-029eca63fa81/train2022_000000002311_right_body.jpg,train2022_000000002311,right_body,2,True,box_center,2,0.92578125,0.5423087622682564,be02b923119af66aafc8bf51e7f2b804de50772001db0605261ca9b63712c98b
3855,hyena/cropped_images/right body/cd551358-32f0-45dd-8199-029eca63fa81/train2022_000000002641_right_body.jpg,train2022_000000002641,right_body,2,False,box_center,2,0.78125,0.5478335724533716,
3856,hyena/cropped_images/right body/cec93868-770e-44c5-8bbd-097be098f498/train2022_000000000343_right_body.jpg,train2022_000000000343,right_body,2,True,box_center,0,0.921875,0.5665446122173594,a16d15fe197bbf8bacac40b20ae4c333b49bb5e74f058c719cb55ef043c355b3
3857,hyena/cropped_images/right body/cec93868-770e-44c5-8bbd-097be098f498/train2022_000000000864_right_body.jpg,train2022_000000000864,right_body,2,True,box_center,0,0.890625,0.552266764417382,a90ab712023f0193e062108207b88190cb30f55eb99f24f2b5d8b5446cd0a7e5
3858,hyena/cropped_images/right body/cec93868-770e-44c5-8bbd-097be098f498/train2022_000000001044_right_body.jpg,train2022_000000001044,right_body,2,True,box_center,0,0.890625,0.8658992812346222,b74c88844ceac7e24b38c4d64d10b9842d18e41d6101cfabdefdb4985a75592d
3859,hyena/cropped_images/right body/cec93868-770e-44c5-8bbd-097be098f498/train2022_000000001169_right_body.jpg,train2022_000000001169,right_body,2,True,box_center,2,0.89453125,0.7760889836482405,9a215e49a5df3760f55b180d98bbc6391476bdbc52bed84b02ed656924fb890d
3860,hyena/cropped_images/right body/cec93868-770e-44c5-8bbd-097be098f498/train2022_000000001211_right_body.jpg,train2022_000000001211,right_body,2,True,box_center,0,0.92578125,0.5900797178747258,168dc84d2cd59489ef08dc6a9d94d66a7e04a0d77c288085166183d0f829e34f
3861,hyena/cropped_images/right body/cefe7503-7a7b-4573-b0a1-465cb3580565/train2022_000000002863_right_body.jpg,train2022_000000002863,right_body,2,True,box_center,2,0.87890625,0.49632556316587373,621b0f7051f0de1b6d717cfe25d5006403beab7293227d963a6a47af5c792b00
3862,hyena/cropped_images/right body/cf22e101-9fef-48d5-9b40-a9a143c96a92/train2022_000000000190_right_body.jpg,train2022_000000000190,right_body,2,True,center,0,0.8984375,0.5473745362268737,0e7dc1892b365c4e017212875f458226ab83177f60e8c91aaf85691c597017cd
3863,hyena/cropped_images/right body/cf22e101-9fef-48d5-9b40-a9a143c96a92/train2022_000000000265_right_body.jpg,train2022_000000000265,right_body,2,False,box_center,2,0.8046875,0.6812398104536118,
3864,hyena/cropped_images/right body/cf22e101-9fef-48d5-9b40-a9a143c96a92/train2022_000000001275_right_body.jpg,train2022_000000001275,right_body,2,True,box_center,2,0.90625,0.5796416958636856,8491604128098f63a5abfcbfa98153d28163574abcae657a37881a933b066078
3865,hyena/cropped_images/right body/d0d01842-f151-46dd-85e8-e7f141de39ef/train2022_000000000555_right_body.jpg,train2022_000000000555,right_body,2,True,center,0,0.9453125,0.6036669913040801,43c6ebc499f630e03f57c19213a5f7f02f5a0393d6920ffe4116c91af6a5fab4
3866,hyena/cropped_images/right body/d0d01842-f151-46dd-85e8-e7f141de39ef/train2022_000000001532_right_body.jpg,train2022_000000001532,right_body,2,False,box_center,0,0.83984375,0.7251801801801802,
3867,hyena/cropped_images/right body/d0d01842-f151-46dd-85e8-e7f141de39ef/train2022_000000001880_right_body.jpg,train2022_000000001880,right_body,2,True,center,0,0.93359375,0.34939583811064356,cc702e14e1db4effebcd3f1f70e1f12125e662825dbba5892238699ea424c2c0
3868,hyena/cropped_images/right body/d0d01842-f151-46dd-85e8-e7f141de39ef/train2022_000000002686_right_body.jpg,train2022_000000002686,right_body,2,True,center,0,0.98046875,0.6263196383026545,ce38e29618ef99867d4800e35e183b5b859425e01ae868494c67f2c65cc144e8
3869,hyena/cropped_images/right body/d11e7615-c86e-40f5-bf09-41cc4e39f863/train2022_000000001043_right_body.jpg,train2022_000000001043,right_body,2,True,center,0,0.9609375,0.618981495145058,1358e9bcb91001ec8155cd4c8dea0b8c29f3ee7d2af47e00d89396e833d1ce84
3870,hyena/cropped_images/right body/d11e7615-c86e-40f5-bf09-41cc4e39f863/train2022_000000002305_right_body.jpg,train2022_000000002305,right_body,2,True,box_center,2,0.90234375,0.5485418634025445,4048e8f1bef474b8af91889d6547c549e0c7eb3f3511854cbdc1e57bf2dba7c3
3871,hyena/cropped_images/right body/d395c979-0cc5-456a-bbb3-c71f42849a88/train2022_000000002734_right_body.jpg,train2022_000000002734,right_body,2,True,box_center,2,0.9375,0.5267648144529129,5890c16f61b8a2e31eb737bc75e976a1ec32bcc4d3e033a1830c842d0a460dad
3872,hyena/cropped_images/right body/d3977dfd-d0f9-4318-8ea9-f7c337898633/train2022_000000002295_right_body.jpg,train2022_000000002295,right_body,2,True,box_center,0,0.921875,0.835114754547072,8a067d689f5806c9046261cb9cd1a2218e2085475e31a01b2c331133db630f60
3873,hyena/cropped_images/right body/d548ac7d-62f0-48cb-a8eb-4b7e0a5191b4/train2022_000000000639_right_body.jpg,train2022_000000000639,right_body,2,False,box_center,0,0.82421875,0.816200378924576,
3874,hyena/cropped_images/right body/d548ac7d-62f0-48cb-a8eb-4b7e0a5191b4/train2022_000000001207_right_body.jpg,train2022_000000001207,right_body,2,True,center,0,0.9296875,0.6555754472192095,daa3236ab0b92f9732b386091f727a1728682a70a0942cf4e2103e605ee8e4c1
3875,hyena/cropped_images/right body/d653ccd7-98af-4641-bdad-47dd2242501a/train2022_000000000295_right_body.jpg,train2022_000000000295,right_body,2,True,center,0,0.98046875,0.6928031791849144,66640701b91373b7a19a5952c402aa3f76897d5a1f52761faaea0805e427e1b8
3876,hyena/cropped_images/right body/d68ac804-a792-44c8-af29-a8e80a7848f1/train2022_000000002151_right_body.jpg,train2022_000000002151,right_body,2,False,box_center,0,0.81640625,0.7766367693574245,
3877,hyena/cropped_images/right body/d7cd8e39-12e4-40a8-b2f7-7c24f291d2aa/train2022_000000000243_right_body.jpg,train2022_000000000243,right_body,2,True,box_center,0,0.94921875,0.5827957307033025,81926bc666b7a380f41fba2928ca7e3c1c394eef03a3f8c1bb174bc31556db9e
3878,hyena/cropped_images/right body/d7cd8e39-12e4-40a8-b2f7-7c24f291d2aa/train2022_000000000301_right_body.jpg,train2022_000000000301,right_body,2,True,center,0,0.96875,0.586541318441883,cdecb8773a17113a766b61f2bb53e27d2af7325f0920f6263d8f6c36575cc3de
3879,hyena/cropped_images/right body/d7cd8e39-12e4-40a8-b2f7-7c24f291d2aa/train2022_000000000398_right_body.jpg,train2022_000000000398,right_body,2,True,center,0,0.95703125,0.4679800874248093,ba52b704bbb6fa107eea3b3f4dd06ea3f3910bc003a97ba1f62634be34443f7c
3880,hyena/cropped_images/right body/d7cd8e39-12e4-40a8-b2f7-7c24f291d2aa/train2022_000000000516_right_body.jpg,train2022_000000000516,right_body,2,True,box_center,0,0.91015625,0.8768594181624846,883490f8e0813a3a7157617f5c2ac0fe36c2bb4f0472371be9818804d140df57
3881,hyena/cropped_images/right body/d8653bff-a5e8-4b3a-bffd-a861abad29bf/train2022_000000001160_right_body.jpg,train2022_000000001160,right_body,2,True,center,0,0.9765625,0.6249687187187187,d53495a9140196e5e64f0d8e99214da716cea50a9f9f66c136e281bebf3de0fa
3882,hyena/cropped_images/right body/d8653bff-a5e8-4b3a-bffd-a861abad29bf/train2022_000000001424_right_body.jpg,train2022_000000001424,right_body,2,True,box_center,0,0.9296875,0.5763583421862875,dfc99a69da3363f16714f74ca9695a2967d27c04fb6a4e50b5fb84966be6cd93
3883,hyena/cropped_images/right body/d8653bff-a5e8-4b3a-bffd-a861abad29bf/train2022_000000002252_right_body.jpg,train2022_000000002252,right_body,2,True,box_center,2,0.94140625,0.5597257174813798,9600adcd2bd8992600328ca03317fc2e253e04dd99c36807dc8e4b8736168add
3884,hyena/cropped_images/right body/d8653bff-a5e8-4b3a-bffd-a861abad29bf/train2022_000000002553_right_body.jpg,train2022_000000002553,right_body,2,True,box_center,2,0.87890625,0.3766679477888245,a707f84a284a66a1d6a589943f9289f61c7948264ebf332a9e9676b85934987c
3885,hyena/cropped_images/right body/d8653bff-a5e8-4b3a-bffd-a861abad29bf/train2022_000000002614_right_body.jpg,train2022_000000002614,right_body,2,True,center,2,0.95703125,0.4948184203258768,de53176fd37a13ab9eabfea4b4e8dee3399afa7efbdb9c4e054dca3d6cbff20b
3886,hyena/cropped_images/right body/d8653bff-a5e8-4b3a-bffd-a861abad29bf/train2022_000000002808_right_body.jpg,train2022_000000002808,right_body,2,True,center,0,0.98046875,0.6437819870287622,e41a20ad6f80f070aec1b8534cabaf6e2a654fdbe6e2729554dc678b772a8671
3887,hyena/cropped_images/right body/d8653bff-a5e8-4b3a-bffd-a861abad29bf/train2022_000000002920_right_body.jpg,train2022_000000002920,right_body,2,False,box_center,0,0.84375,0.7484059315752847,
3888,hyena/cropped_images/right body/d8653bff-a5e8-4b3a-bffd-a861abad29bf/train2022_000000002931_right_body.jpg,train2022_000000002931,right_body,2,False,box_center,2,0.76171875,0.3464614800037997,
3889,hyena/cropped_images/right body/d8681847-63c6-40eb-8980-a3a4a09efb36/train2022_000000002581_right_body.jpg,train2022_000000002581,right_body,2,True,box_center,2,0.921875,0.637494193068847,f65b810b2e65901087d2adaae11fd4fdc2aaeda58971b5d8d0df85f8459cdb50
3890,hyena/cropped_images/right body/d8ec02f0-6a21-48a8-b2cc-f0005764bc2a/train2022_000000000241_right_body.jpg,train2022_000000000241,right_body,2,True,box_center,0,0.8828125,0.6959669982737043,af90dbff945dd7a47db248cdb8d268b2ff6932647e9bfcf77f222c4170107590
3891,hyena/cropped_images/right body/d8ec02f0-6a21-48a8-b2cc-f0005764bc2a/train2022_000000000833_right_body.jpg,train2022_000000000833,right_body,2,True,center,0,0.98046875,0.5747505630335725,d96dd89a3ad58b70802b1f2b21528387a3f6ec2cb101347688307b3521cb6967
3892,hyena/cropped_images/right body/d8ec02f0-6a21-48a8-b2cc-f0005764bc2a/train2022_000000001737_right_body.jpg,train2022_000000001737,right_body,2,True,box_center,2,0.921875,0.610441932571922,dab0df342d4fd991f794cb44000e81134d6440999e27178f7d1672fffff377f8
3893,hyena/cropped_images/right body/d9ca2395-17db-4aa9-8749-51a78eba5feb/train2022_000000002877_right_body.jpg,train2022_000000002877,right_body,2,True,box_center,2,0.94140625,0.49289351197154946,d24d747ba41eacd7dc27a0599bea2de428afbedda2df4b73888e036f2d7e72ad
3894,hyena/cropped_images/right body/db3de022-02a6-455a-8d26-5746c2a79514/train2022_000000000572_right_body.jpg,train2022_000000000572,right_body,2,False,box_center,0,0.7265625,0.8978168160275378,
3895,hyena/cropped_images/right body/db3de022-02a6-455a-8d26-5746c2a79514/train2022_000000001082_right_body.jpg,train2022_000000001082,right_body,2,True,center,0,0.9765625,0.5998023687958043,a68e3e89486fa7828cc7f181c944f023022486567305aeb676412abb3a4a68e8
3896,hyena/cropped_images/right body/ddda7c68-86ac-4448-9795-e1cc33d704bc/train2022_000000000522_right_body.jpg,train2022_000000000522,right_body,2,True,center,0,0.94140625,0.5339972727550168,b1e39315b1f594baefc8f22e1830f15b0895f76be8adc3991d7c1fde1efa1f28
3897,hyena/cropped_images/right body/ddda7c68-86ac-4448-9795-e1cc33d704bc/train2022_000000001218_right_body.jpg,train2022_000000001218,right_body,2,True,center,0,0.9296875,0.5011472121132695,10f8c54f7dd063a8905f7130cc8b7a53673d08e05a32dad5733af39a54ba5c96
3898,hyena/cropped_images/right body/ddda7c68-86ac-4448-9795-e1cc33d704bc/train2022_000000002565_right_body.jpg,train2022_000000002565,right_body,2,False,box_center,2,0.84375,0.5684476300980643,
3899,hyena/cropped_images/right body/e0233424-00dc-4c88-9e76-5741a76d5781/train2022_000000000478_right_body.jpg,train2022_000000000478,right_body,2,True,box_center,2,0.9609375,0.5934988290398127,e25605c7f7af92a69fed0d9e4d96d359bdbb9c026e2fd9c81fed55be412ec30b
3900,hyena/cropped_images/right body/e0233424-00dc-4c88-9e76-5741a76d5781/train2022_000000000856_right_body.jpg,train2022_000000000856,right_body,2,True,center,0,0.98046875,0.7158458458458459,5a72cb558e527763ab318df401346197d75dcf0216e7c2f6cd6cea4b67893e79
3901,hyena/cropped_images/right body/e0233424-00dc-4c88-9e76-5741a76d5781/train2022_000000001546_right_body.jpg,train2022_000000001546,right_body,2,True,box_center,2,0.94921875,0.5399718490816172,eee585c5ac85d308e29594ac47917c4f73baa1639b7a6c2e215ebb701cb8f4ae
3902,hyena/cropped_images/right body/e0233424-00dc-4c88-9e76-5741a76d5781/train2022_000000001656_right_body.jpg,train2022_000000001656,right_body,2,True,box_center,2,0.921875,0.7588510140262971,67a1fbcc61b4501397703c74657b803b560acfcd4505ed07cd6c5ff81574617b
3903,hyena/cropped_images/right body/e0233424-00dc-4c88-9e76-5741a76d5781/train2022_000000001828_right_body.jpg,train2022_000000001828,right_body,2,True,box_center,2,0.890625,0.46133254890425063,cf077a4a3c50df323d4c00c39fda2f3d3a881eec59b2df460645e299b5da7fbb
3904,hyena/cropped_images/right body/e0233424-00dc-4c88-9e76-5741a76d5781/train2022_000000003059_right_body.jpg,train2022_000000003059,right_body,2,True,center,2,0.984375,0.6228082191780822,5f96410bddfa798bc87fb09fad678fc55ce25b1add5055747082556df9b050c4
3905,hyena/cropped_images/right body/e0c249f3-ec24-4a7e-97c8-abefd7cd27b1/train2022_000000001087_right_body.jpg,train2022_000000001087,right_body,2,True,box_center,0,0.88671875,0.6519723078913883,7ee434b6df91a4a2b1bff7e094488b4b8090467bddf08c04c139dfb95345f75e
3906,hyena/cropped_images/right body/e0c249f3-ec24-4a7e-97c8-abefd7cd27b1/train2022_000000002789_right_body.jpg,train2022_000000002789,right_body,2,True,box_center,2,0.91796875,0.46517776875143174,f07efdf8677325e42e5ad542a3db907c55a7efe831079291b89fcb28d813360f
3907,hyena/cropped_images/right body/e146c860-5de6-4870-978b-bb2f35f75d20/train2022_000000000185_right_body.jpg,train2022_000000000185,right_body,2,True,box_center,2,0.8515625,0.5684457172611299,b2835c4025bc522dc4fae6f240adb1f50818994d45d75d7c8c16e6a55955e27a
3908,hyena/cropped_images/right body/e146c860-5de6-4870-978b-bb2f35f75d20/train2022_000000000316_right_body.jpg,train2022_000000000316,right_body,2,True,center,0,0.98828125,0.8288110984038586,b971faf563f4a21975857ce31fbbbb2ab5708c5bf68c71d5391829bf65f97cf0
3909,hyena/cropped_images/right body/e146c860-5de6-4870-978b-bb2f35f75d20/train2022_000000000405_right_body.jpg,train2022_000000000405,right_body,2,True,box_center,2,0.9609375,0.5697081988447035,6a7d957eb7a98e1eb61b7e4a28a84d5cf0a786c747f4e9667bb18d6ed374c55a
3910,hyena/cropped_images/right body/e146c860-5de6-4870-978b-bb2f35f75d20/train2022_000000000902_right_body.jpg,train2022_000000000902,right_body,2,True,center,0,0.93359375,0.5159955315540583,13f6945104e853af42e9b3b0bc293adbedc6366441ce0c8f657d3e62d9c3d67b
3911,hyena/cropped_images/right body/e146c860-5de6-4870-978b-bb2f35f75d20/train2022_000000002507_right_body.jpg,train2022_000000002507,right_body,2,True,center,0,0.9765625,0.4728590384811677,9817d70ae946ad4404d023f0ac62b49abd321022ba761ee65af7af1c65b56344
3912,hyena/cropped_images/right body/e146c860-5de6-4870-978b-bb2f35f75d20/train2022_000000002923_right_body.jpg,train2022_000000002923,right_body,2,True,center,0,0.98828125,0.6799071298026572,e2564de723163f3a338503f1244391ae24fcbfaaa2fb6cb74c20e44d1167ad8a
3913,hyena/cropped_images/right body/e146c860-5de6-4870-978b-bb2f35f75d20/train2022_000000003045_right_body.jpg,train2022_000000003045,right_body,2,True,center,0,0.984375,0.47068135764944274,301b0164ae012f6469823c13bd2e92114f51cd776397b8b76afd0319e7173aaa
3914,hyena/cropped_images/right body/e1cb11c3-48d4-474d-9881-affe8b0d02d5/train2022_000000000804_right_body.jpg,train2022_000000000804,right_body,2,True,center,0,0.98828125,0.4718775250295646,e9af9e3f8bd1285a2f7eedaf5c1bbcf775253aff1be87592d5766b4e35b78eea
3915,hyena/cropped_images/right body/e1cb11c3-48d4-474d-9881-affe8b0d02d5/train2022_000000002025_right_body.jpg,train2022_000000002025,right_body,2,True,center,0,0.96484375,0.5181912466865451,0d981011dbbba69950a82e925500fa21986421653bac67afde7b38eff73b9792
3916,hyena/cropped_images/right body/e1cb11c3-48d4-474d-9881-affe8b0d02d5/train2022_000000002473_right_body.jpg,train2022_000000002473,right_body,2,True,center,0,0.98046875,0.5543491507350141,6ba6b3c9cf4b14568cb2683975c7fa9ea089d5e6583ed81e0b28225200d45577
3917,hyena/cropped_images/right body/e217374d-17e1-4fa2-b4aa-868033edc1ed/train2022_000000000019_right_body.jpg,train2022_000000000019,right_body,2,True,center,0,0.9609375,0.7924200303940102,24f4f90d4e393ccfc43c6b646180ba127b1bd00a7ac4c5762c4e8468e563e1e4
3918,hyena/cropped_images/right body/e217374d-17e1-4fa2-b4aa-868033edc1ed/train2022_000000000080_right_body.jpg,train2022_000000000080,right_body,2,True,center,0,0.9609375,0.5472450554295792,d79ceade7659d38973df168ed22a8133a5816f843bd2062493b3b61fcd37d0ca
3919,hyena/cropped_images/right body/e217374d-17e1-4fa2-b4aa-868033edc1ed/train2022_000000000095_right_body.jpg,train2022_000000000095,right_body,2,True,center,0,0.96484375,0.5067230594599816,d445529040831a33378f0753c8dd2422209c02f24951f1ee596883f3d63eb95a
3920,hyena/cropped_images/right body/e217374d-17e1-4fa2-b4aa-868033edc1ed/train2022_000000000685_right_body.jpg,train2022_000000000685,right_body,2,True,center,0,0.9609375,0.584436309020933,af31e01eca3c82d2d11860a979cf221d9e7f720922cdeb0fa9f2f82c352bf024
3921,hyena/cropped_images/right body/e217374d-17e1-4fa2-b4aa-868033edc1ed/train2022_000000000688_right_body.jpg,train2022_000000000688,right_body,2,True,center,0,0.97265625,0.5619534819599811,4769bae2b85c177b8659c66066daf414b49ad90e8bf893412cf322f55633342e
3922,hyena/cropped_images/right body/e217374d-17e1-4fa2-b4aa-868033edc1ed/train2022_000000001186_right_body.jpg,train2022_000000001186,right_body,2,True,center,0,0.97265625,0.643880723905411,51c817f7f72eee3ee3fe26a537042ee338172da16678258b2d69edd7a2b8a0c7
3923,hyena/cropped_images/right body/e217374d-17e1-4fa2-b4aa-868033edc1ed/train2022_000000001197_right_body.jpg,train2022_000000001197,right_body,2,True,center,0,0.98046875,0.5621654891886105,2c2d58108d288f2e5bdbd55c4a71ccb9fbdaf9f7a1d77b742dbb6871c1af63a2
3924,hyena/cropped_images/right body/e217374d-17e1-4fa2-b4aa-868033edc1ed/train2022_000000001216_right_body.jpg,train2022_000000001216,right_body,2,True,center,0,0.93359375,0.7270455461507457,5eddab146a3126717c7c0a8bb7567ffc0e314bbd38f2c7e0ad4ed2d3e4a0444b
3925,hyena/cropped_images/right body/e217374d-17e1-4fa2-b4aa-868033edc1ed/train2022_000000001224_right_body.jpg,train2022_000000001224,right_body,2,True,center,0,0.97265625,0.5172643699799196,eb9c4cbd0bb73df81cf17d9c1727e8c24565828611e07c515d8235c1ea6d3ad4
3926,hyena/cropped_images/right body/e217374d-17e1-4fa2-b4aa-868033edc1ed/train2022_000000001291_right_body.jpg,train2022_000000001291,right_body,2,False,box_center,0,0.81640625,0.8624871773423088,
3927,hyena/cropped_images/right body/e217374d-17e1-4fa2-b4aa-868033edc1ed/train2022_000000001365_right_body.jpg,train2022_000000001365,right_body,2,True,box_center,2,0.91015625,0.4849723941776811,8e10487eebbc0b0adc8501ede125163b5c830169d97b0a4afb505bc7ae351ca5
3928,hyena/cropped_images/right body/e217374d-17e1-4fa2-b4aa-868033edc1ed/train2022_000000001450_right_body.jpg,train2022_000000001450,right_body,2,True,box_center,2,0.9375,0.6009139190944157,a4ba9bbe324134352f0e16f1e905e339ab88235898b948420098835825644143
3929,hyena/cropped_images/right body/e217374d-17e1-4fa2-b4aa-868033edc1ed/train2022_000000001468_right_body.jpg,train2022_000000001468,right_body,2,True,center,0,0.94921875,0.5968377492003336,2e8681582501f0460abc44ee4a53dc13b8c048b7176c95d6193035e528985881
3930,hyena/cropped_images/right body/e217374d-17e1-4fa2-b4aa-868033edc1ed/train2022_000000001710_right_body.jpg,train2022_000000001710,right_body,2,True,center,0,0.9609375,0.5584359368988072,0474ec452cdcbf9566c20bfea2db5b584a7715e6fec22fc2b29f3ce1ddb6f2e6
3931,hyena/cropped_images/right body/e217374d-17e1-4fa2-b4aa-868033edc1ed/train2022_000000002199_right_body.jpg,train2022_000000002199,right_body,2,True,center,0,0.9765625,0.5632418530760276,edecc510f7fb516742789d19073a9d83e570f8828526339249aa0d8fe5128f3c
3932,hyena/cropped_images/right body/e217374d-17e1-4fa2-b4aa-868033edc1ed/train2022_000000002279_right_body.jpg,train2022_000000002279,right_body,2,True,center,2,0.9375,0.509377872789482,be5358f1cef9b48409095ebfa8aa6c7dc5e03aaa4c6ac57fb1fe6ea5fb3e123a
3933,hyena/cropped_images/right body/e217374d-17e1-4fa2-b4aa-868033edc1ed/train2022_000000002676_right_body.jpg,train2022_000000002676,right_body,2,True,center,0,0.96484375,0.573319554079905,9cb04faefcc3cd80c1faa02a05e3a20eedda2642884ed78349c5843395677eeb
3934,hyena/cropped_images/right body/e217374d-17e1-4fa2-b4aa-868033edc1ed/train2022_000000002858_right_body.jpg,train2022_000000002858,right_body,2,True,box_center,2,0.87109375,0.5895973628902879,94452f21294289afbac9e96b7e45d8cce4d8a40a2f0c75f8033ffcf3ec7de48e
3935,hyena/cropped_images/right body/e217374d-17e1-4fa2-b4aa-868033edc1ed/train2022_000000002960_right_body.jpg,train2022_000000002960,right_body,2,True,center,0,0.984375,0.5580846731260647,ea6983d2093f680257956f3580115576903fbaf95709df0813b697666efe726f
3936,hyena/cropped_images/right body/e217374d-17e1-4fa2-b4aa-868033edc1ed/train2022_000000002980_right_body.jpg,train2022_000000002980,right_body,2,True,center,0,0.890625,0.6489417989417989,fed2d3afa0f75a528076ba7cf63d8f9774fbf5972234fbfc41b986168c3c4c0e
3937,hyena/cropped_images/right body/e217374d-17e1-4fa2-b4aa-868033edc1ed/train2022_000000003038_right_body.jpg,train2022_000000003038,right_body,2,True,center,0,0.9765625,0.6204036150212958,b5a1f02acb68b5439d40a8787e3d58a2af6481db9569aa93a958d9d6b5d24177
3938,hyena/cropped_images/right body/e3e8dcae-7c7c-4492-812c-313c35c88f51/train2022_000000000282_right_body.jpg,train2022_000000000282,right_body,2,True,center,0,0.98828125,0.5941919409755875,e7f61b568d959078e1e78c894b367f9a2f9f0378bb3d85d9702f1cca27ee2b27
3939,hyena/cropped_images/right body/e3e8dcae-7c7c-4492-812c-313c35c88f51/train2022_000000000913_right_body.jpg,train2022_000000000913,right_body,2,True,center,0,0.9609375,0.5604371584699454,b17718cadc35615faf192ac5c079e351139d6a513948d56bb286ee513510b9b9
3940,hyena/cropped_images/right body/e3e8dcae-7c7c-4492-812c-313c35c88f51/train2022_000000001384_right_body.jpg,train2022_000000001384,right_body,2,True,center,0,0.94921875,0.4668990227230408,523273635f0877d857cdec39488e92fe283486c7f2ba1480f81d2fe9f2652268
3941,hyena/cropped_images/right body/e3e8dcae-7c7c-4492-812c-313c35c88f51/train2022_000000002443_right_body.jpg,train2022_000000002443,right_body,2,True,center,2,0.9375,0.609838792509551,3ce563763a63a61453611c7238e1247ba9e8c2adc09b68bce24cd82a73b69cb4
3942,hyena/cropped_images/right body/e3e8dcae-7c7c-4492-812c-313c35c88f51/train2022_000000002709_right_body.jpg,train2022_000000002709,right_body,2,False,box_center,2,0.83203125,0.5640773355191421,
3943,hyena/cropped_images/right body/e77d385c-2200-4fa5-b90a-0dea100e69e5/train2022_000000000738_right_body.jpg,train2022_000000000738,right_body,2,True,box_center,2,0.96484375,0.5322718922229026,62e817c814ea4aea70ad20bd7efded760006c14464398c60ef8a3d91a4d149b1
3944,hyena/cropped_images/right body/e77d385c-2200-4fa5-b90a-0dea100e69e5/train2022_000000001404_right_body.jpg,train2022_000000001404,right_body,2,True,center,0,0.98046875,0.5485139714340749,1d475494e798fa80df5684091706458742065df769c2ee5f58affd88be6e4c33
3945,hyena/cropped_images/right body/e77d385c-2200-4fa5-b90a-0dea100e69e5/train2022_000000001618_right_body.jpg,train2022_000000001618,right_body,2,True,center,0,0.9765625,0.5962381297074324,be75fd052162887eb816b2e3551d3f7396259b3bb72eb3aaf90d6a1c907df501
3946,hyena/cropped_images/right body/e77d385c-2200-4fa5-b90a-0dea100e69e5/train2022_000000002112_right_body.jpg,train2022_000000002112,right_body,2,True,center,0,0.97265625,0.7229840388619014,869eb2d326d1a894d10c27302c087fd695d987336175d8ae1fe8ca84a126c1d2
3947,hyena/cropped_images/right body/e7d7fd1f-5a2d-4073-ac1f-59f6268ba8de/train2022_000000000814_right_body.jpg,train2022_000000000814,right_body,2,False,box_center,2,0.734375,0.6756517461878997,
3948,hyena/cropped_images/right body/e7d7fd1f-5a2d-4073-ac1f-59f6268ba8de/train2022_000000002322_right_body.jpg,train2022_000000002322,right_body,2,True,center,0,0.984375,0.4759021064321736,a98ea836c9599dacd1602069faa104301f5bd98245f45ad9594b6827a7396af9
3949,hyena/cropped_images/right body/ea524367-fb6b-438f-a077-aae1f8fe4b08/train2022_000000000502_right_body.jpg,train2022_000000000502,right_body,2,False,box_center,2,0.84375,0.6536468111410437,
3950,hyena/cropped_images/right body/ea524367-fb6b-438f-a077-aae1f8fe4b08/train2022_000000001869_right_body.jpg,train2022_000000001869,right_body,2,True,center,0,0.9296875,0.6705385579711619,ebe806124b0f9426238810564f0260f6193dfc63609c8984c244ac2a1a60ff7c
3951,hyena/cropped_images/right body/ea524367-fb6b-438f-a077-aae1f8fe4b08/train2022_000000002407_right_body.jpg,train2022_000000002407,right_body,2,True,box_center,0,0.91796875,0.8293663830245583,2fb9cccb3b6e9c4183a6e15bbc67ecc130c76a34427dcff13ad1e124946f019d
3952,hyena/cropped_images/right body/ebe55d08-674f-417a-a8f6-c776dca6ee8c/train2022_000000002655_right_body.jpg,train2022_000000002655,right_body,2,True,center,0,0.93359375,0.5429356239639418,044f6b96609ff3e5e76be9ab7154d042ffdf4732c80798d106fa440d6d7c92a0
3953,hyena/cropped_images/right body/ebe55d08-674f-417a-a8f6-c776dca6ee8c/train2022_000000002812_right_body.jpg,train2022_000000002812,right_body,2,True,center,0,0.875,0.8064324623332302,e0640709fb81b8735620fb24f38ef3af7066c7d6f40ddf2afb43bcdc9768579b
3954,hyena/cropped_images/right body/ebe55d08-674f-417a-a8f6-c776dca6ee8c/train2022_000000003006_right_body.jpg,train2022_000000003006,right_body,2,True,center,0,0.8828125,0.8336536673073346,5f3e0ff652d5389de702068ee8b947f41dfc39869798e70f24417ebff9edf9c2
3955,hyena/cropped_images/right body/ecda2205-db0b-4160-a40f-b6825fb43770/train2022_000000000845_right_body.jpg,train2022_000000000845,right_body,2,True,box_center,2,0.9296875,0.6619061714836472,504d6303679572b1f7f4b836390026f485a1c48ed96c303d30e759609719cc22
3956,hyena/cropped_images/right body/ecda2205-db0b-4160-a40f-b6825fb43770/train2022_000000002526_right_body.jpg,train2022_000000002526,right_body,2,True,center,0,0.98046875,0.5824454000863833,d552dadb3533ea426078ab261a833ff6aa1103089791bc9991dcb66c0a7e2052
3957,hyena/cropped_images/right body/ed4a92c6-3d4e-40e0-b055-3175620123c1/train2022_000000000491_right_body.jpg,train2022_000000000491,right_body,2,True,center,0,0.9609375,0.5615040957665812,25c253092611ebe2945fba200d2ab5e7b15b1cdbf7cb97fbb05cf7ea23765f0e
3958,hyena/cropped_images/right body/eeed33f6-863c-49df-a1e3-1f711738b244/train2022_000000000559_right_body.jpg,train2022_000000000559,right_body,2,True,center,0,0.9609375,0.6059284059759465,d20d4e6a28cc6b0c7dce3249652b37b48ae76e132e84939fc75cb2309ae4c54b
3959,hyena/cropped_images/right body/eeed33f6-863c-49df-a1e3-1f711738b244/train2022_000000001539_right_body.jpg,train2022_000000001539,right_body,2,True,box_center,2,0.94921875,0.49993600710056124,79490eb6d184d91b67d268ff34c67c1d3ffd23b99f82c0ecf65086de81eb18c7
3960,hyena/cropped_images/right body/eeed33f6-863c-49df-a1e3-1f711738b244/train2022_000000002190_right_body.jpg,train2022_000000002190,right_body,2,True,center,0,0.953125,0.5388473220105873,db8504fd9bb99c6ba95154d4c2057f110bffe0a5c82923dadcd96d74a8c97918
3961,hyena/cropped_images/right body/eeed33f6-863c-49df-a1e3-1f711738b244/train2022_000000002618_right_body.jpg,train2022_000000002618,right_body,2,True,box_center,2,0.94140625,0.5108601752437368,531f7460e0e1acbb3600d2b05e4ce4ea06a0f97fb9a7c10dc284ad0cf46cf5eb
3962,hyena/cropped_images/right body/ef582f4d-8d4e-4962-aeb4-3fd48824c85f/train2022_000000000903_right_body.jpg,train2022_000000000903,right_body,2,False,box_center,2,0.7421875,0.6136969757963066,
3963,hyena/cropped_images/right body/ef582f4d-8d4e-4962-aeb4-3fd48824c85f/train2022_000000001435_right_body.jpg,train2022_000000001435,right_body,2,True,center,0,0.94140625,0.6308748586588486,bdd39a7b4109c5ea47d4bd5be8a702b93f5e84d89b83c917dbea33104185289e
3964,hyena/cropped_images/right body/ef582f4d-8d4e-4962-aeb4-3fd48824c85f/train2022_000000001602_right_body.jpg,train2022_000000001602,right_body,2,True,center,0,0.9765625,0.609896809561239,a4f4478626c6ddedb9484503832184cba81ef192c8300159b5462dc3a8717c10
3965,hyena/cropped_images/right body/f0981810-e7ce-4e48-b699-c17fbbca7f3c/train2022_000000000645_right_body.jpg,train2022_000000000645,right_body,2,True,center,0,0.97265625,0.6315174485232984,39dabb2199453acbf1fcb698e92b292dd9d3b0e0a6c16046321d6142b243c771
3966,hyena/cropped_images/right body/f1aa3589-f203-4455-a293-86f392932895/train2022_000000000054_right_body.jpg,train2022_000000000054,right_body,2,True,center,0,0.9765625,0.48196365226344706,25ee59d8fe186e8b79fcf29d11a6e547f2e67250ec509d66d1fb2ed689ecf657
3967,hyena/cropped_images/right body/f1aa3589-f203-4455-a293-86f392932895/train2022_000000000674_right_body.jpg,train2022_000000000674,right_body,2,True,center,0,0.98828125,0.8455635097858926,2b05212ca0195fa4baddadfa737678d05f26edf15c480b1901b43399e225e392
3968,hyena/cropped_images/right body/f1aa3589-f203-4455-a293-86f392932895/train2022_000000000940_right_body.jpg,train2022_000000000940,right_body,2,True,center,0,0.97265625,0.6344006261351954,4a131c4c05c35cd80a349dd943fca9956daace9e6f5ba46caa65311b570c47f5
3969,hyena/cropped_images/right body/f1aa3589-f203-4455-a293-86f392932895/train2022_000000001896_right_body.jpg,train2022_000000001896,right_body,2,True,center,0,0.98046875,0.7153332848026013,3beeea4d9c4f2d9e00b573e0dae31f2055d82089daec5a765be48403f90ae25a
3970,hyena/cropped_images/right body/f1aa3589-f203-4455-a293-86f392932895/train2022_000000001929_right_body.jpg,train2022_000000001929,right_body,2,True,center,0,0.9765625,0.4790617956085582,5d0b178889f9c8ae0b5d45c5ad46e6cea2138282aa832d28a6e20c8f4486b6bb
3971,hyena/cropped_images/right body/f1aa3589-f203-4455-a293-86f392932895/train2022_000000002008_right_body.jpg,train2022_000000002008,right_body,2,True,center,2,0.96875,0.4101446115834605,9bc45f36b3616308db5319533376c240d76a0ed445ddaf661606bc490334c636
3972,hyena/cropped_images/right body/f1aa3589-f203-4455-a293-86f392932895/train2022_000000002039_right_body.jpg,train2022_000000002039,right_body,2,True,center,0,0.96875,0.6476461535218098,e1dfd2f245800d310cc73c3fb3f2438e85feccd6987ddab5f55a8c735e05dd26
3973,hyena/cropped_images/right body/f1aa3589-f203-4455-a293-86f392932895/train2022_000000002338_right_body.jpg,train2022_000000002338,right_body,2,True,center,0,0.9765625,0.5747199102433863,228234724a49efa3bdf24ba6a4c9946479ff665e14e7737d74fe303e1cfcfc5c
3974,hyena/cropped_images/right body/f1aa3589-f203-4455-a293-86f392932895/train2022_000000002539_right_body.jpg,train2022_000000002539,right_body,2,True,center,0,0.984375,0.5756518720985726,f054f06bcf3a85a6bd6844e10f59b3fbbdcfa3f1ed614caef2afacfe38503da4
3975,hyena/cropped_images/right body/f283fa30-6a63-47e6-82f5-0db96d01feb0/train2022_000000001329_right_body.jpg,train2022_000000001329,right_body,2,True,center,0,0.97265625,0.6346686287333769,aeee2b91ca967563ce5a5d0c85b044b1d3547eefab399e2d1152b5f799064374
3976,hyena/cropped_images/right body/f283fa30-6a63-47e6-82f5-0db96d01feb0/train2022_000000001933_right_body.jpg,train2022_000000001933,right_body,2,True,center,0,0.921875,0.4749220584034083,c385dcac0bd3528f9bd75f0b289bbc65b6d06ee33fe800286389d6ee0a663bf8
3977,hyena/cropped_images/right body/f283fa30-6a63-47e6-82f5-0db96d01feb0/train2022_000000002119_right_body.jpg,train2022_000000002119,right_body,2,True,center,0,0.95703125,0.6178121577217963,4575a5fbfb6d1d2540d6e378f19fd5866bf2fca1b009ac41b6a4a7aef49352b6
3978,hyena/cropped_images/right body/f283fa30-6a63-47e6-82f5-0db96d01feb0/train2022_000000002502_right_body.jpg,train2022_000000002502,right_body,2,True,center,0,0.9765625,0.6057625434674615,416f81f0031540cbcb6ffedf3ba28ca0f123857a5a87e495bf5116baf012ddf4
3979,hyena/cropped_images/right body/f4a2038b-8da9-451e-ae71-80cb90cb07b3/train2022_000000000359_right_body.jpg,train2022_000000000359,right_body,2,True,center,0,0.98046875,0.5159936178117454,e1ee338ef4e586d67515ba298678d8bdf659078be406550834bc3a0bcc1871b1
3980,hyena/cropped_images/right body/f4a2038b-8da9-451e-ae71-80cb90cb07b3/train2022_000000000479_right_body.jpg,train2022_000000000479,right_body,2,False,box_center,2,0.84765625,0.6711984546905182,
3981,hyena/cropped_images/right body/f4a2038b-8da9-451e-ae71-80cb90cb07b3/train2022_000000000492_right_body.jpg,train2022_000000000492,right_body,2,True,box_center,0,0.96875,0.7657711089729727,29f0ae732520817281afea992f612744fb4c578c9a71ba10062bcba75afef284
3982,hyena/cropped_images/right body/f4a2038b-8da9-451e-ae71-80cb90cb07b3/train2022_000000000533_right_body.jpg,train2022_000000000533,right_body,2,True,center,0,0.94921875,0.4802223097192355,ab4164d5e455bc15265507ece3954a810d05320505aa05f14f560dfa95c32d83
3983,hyena/cropped_images/right body/f4a2038b-8da9-451e-ae71-80cb90cb07b3/train2022_000000001028_right_body.jpg,train2022_000000001028,right_body,2,True,box_center,2,0.95703125,0.6160439137134053,98ece3e620d2c776b127a8723cf863573347bf1a2fea1a1064337a0e64985ef0
3984,hyena/cropped_images/right body/f4a2038b-8da9-451e-ae71-80cb90cb07b3/train2022_000000001032_right_body.jpg,train2022_000000001032,right_body,2,True,center,0,0.97265625,0.5296659282735298,2c20f4a2836e7942220a79a08bebbd2dce3860838f395abf56085c88bf9a35a5
3985,hyena/cropped_images/right body/f4a2038b-8da9-451e-ae71-80cb90cb07b3/train2022_000000001089_right_body.jpg,train2022_000000001089,right_body,2,True,box_center,2,0.95703125,0.6236659947418954,57fcc56bc6fc3ed6db57adf28de8659f0b37df365c41efb24ba59477295521b6
3986,hyena/cropped_images/right body/f4a2038b-8da9-451e-ae71-80cb90cb07b3/train2022_000000001242_right_body.jpg,train2022_000000001242,right_body,2,True,center,0,0.98046875,0.5491998198323278,1ddbac74099e7601d14bdd50f4026c69d2bd24bbe6d57384dce47272eb0dfa28
3987,hyena/cropped_images/right body/f4a2038b-8da9-451e-ae71-80cb90cb07b3/train2022_000000001340_right_body.jpg,train2022_000000001340,right_body,2,True,center,2,0.93359375,0.45119311158042225,b660b214c210f7d5feef10dba405ccdf1c58ac21754785df9a01fb94743bd8ed
3988,hyena/cropped_images/right body/f4a2038b-8da9-451e-ae71-80cb90cb07b3/train2022_000000001414_right_body.jpg,train2022_000000001414,right_body,2,False,box_center,2,0.84765625,0.48211354141066604,
3989,hyena/cropped_images/right body/f4a2038b-8da9-451e-ae71-80cb90cb07b3/train2022_000000001584_right_body.jpg,train2022_000000001584,right_body,2,True,center,0,0.984375,0.6435882641459776,66764ea758da081e024363ef6f572b1797ac7e3e9b57041bd8d2399ac7e57ef8
3990,hyena/cropped_images/right body/f4a2038b-8da9-451e-ae71-80cb90cb07b3/train2022_000000001722_right_body.jpg,train2022_000000001722,right_body,2,True,center,0,0.97265625,0.8877998414366576,56c4ca2154bf7f5fcfea152e85539974740dba9d5478a707cbbe701bfac6dd16
3991,hyena/cropped_images/right body/f4a2038b-8da9-451e-ae71-80cb90cb07b3/train2022_000000002545_right_body.jpg,train2022_000000002545,right_body,2,True,center,0,0.93359375,0.4277976545418406,a03ac1042d0bab61577a2a6826028bd5fa12f0f9449e0c5e3a2397349c418b86
3992,hyena/cropped_images/right body/f5536888-9190-4314-a13f-7ca19b1f07a9/train2022_000000000085_right_body.jpg,train2022_000000000085,right_body,2,True,center,0,0.98046875,0.6394128880974062,5afbd76ff2d676658637932f387f22bb4de93f218150320ff103255733ff161b
3993,hyena/cropped_images/right body/f5536888-9190-4314-a13f-7ca19b1f07a9/train2022_000000000541_right_body.jpg,train2022_000000000541,right_body,2,True,center,0,0.90625,0.5815642789373814,23452b7220188ae8363cf0a87ebb6c75d72ae58f4db80797c657b817c9536e97
3994,hyena/cropped_images/right body/f5536888-9190-4314-a13f-7ca19b1f07a9/train2022_000000000899_right_body.jpg,train2022_000000000899,right_body,2,True,center,0,0.96484375,0.5093735054997609,26a46e16a9d3b5a4090a68ee50c785986807437b9cc8b6b3ccd9ec134705e44b
3995,hyena/cropped_images/right body/f5536888-9190-4314-a13f-7ca19b1f07a9/train2022_000000001526_right_body.jpg,train2022_000000001526,right_body,2,True,center,0,0.97265625,0.48912431140803586,f20cef57b4454d4994980291ceb9470611493d7991da5fefe85e6c2a6fb72466
3996,hyena/cropped_images/right body/f5536888-9190-4314-a13f-7ca19b1f07a9/train2022_000000001623_right_body.jpg,train2022_000000001623,right_body,2,True,box_center,2,0.9453125,0.5884434698116403,8e45ebeebe645fd60186b11ff983062f5e4fa25fd7ee80a2cb7cfeeb95d8639b
3997,hyena/cropped_images/right body/f5536888-9190-4314-a13f-7ca19b1f07a9/train2022_000000001877_right_body.jpg,train2022_000000001877,right_body,2,True,center,0,0.97265625,0.5852135738575232,c2a353827b4e52b596bada1e7473a90b3507a56dae4038035aa29fe9e6309933
3998,hyena/cropped_images/right body/f83057a7-a975-4900-a056-99f453bdf15f/train2022_000000001260_right_body.jpg,train2022_000000001260,right_body,2,False,box_center,2,0.83984375,0.5785107213041284,
3999,hyena/cropped_images/right body/f83057a7-a975-4900-a056-99f453bdf15f/train2022_000000001400_right_body.jpg,train2022_000000001400,right_body,2,True,center,0,0.96875,0.6922983139413327,395d25e21b6cac85647503c345e5f6524df7e3ba6fa8b312cd0834dd86e68aec
4000,hyena/cropped_images/right body/fa2abd16-8947-4685-9d94-a389233cba74/train2022_000000000120_right_body.jpg,train2022_000000000120,right_body,2,True,box_center,2,0.90625,0.6746118275123125,83bc5d8fc2e5c3ab800651da3f6e4b8ee7f5a6a6a2765b47f6cd61fa73c6b9b9
4001,hyena/cropped_images/right body/fa2abd16-8947-4685-9d94-a389233cba74/train2022_000000000384_right_body.jpg,train2022_000000000384,right_body,2,True,center,0,0.9140625,0.4838201309060548,20055174ce338df242ea2f55caf2e194897f02341bc1f41aab11300fb769a0b3
4002,hyena/cropped_images/right body/fa2abd16-8947-4685-9d94-a389233cba74/train2022_000000000437_right_body.jpg,train2022_000000000437,right_body,2,True,box_center,2,0.92578125,0.5743915618496306,33b8b3099656731c1b2bd493a3a18b63ec8296fa8d9605961cbb7570c1e8589a
4003,hyena/cropped_images/right body/fa2abd16-8947-4685-9d94-a389233cba74/train2022_000000001636_right_body.jpg,train2022_000000001636,right_body,2,True,center,0,0.94140625,0.4856510896399614,7a229f9d55023eff451c2db093c84bca7219e2abeba2ead36f088aed57ce5ac8
4004,hyena/cropped_images/right body/fa2abd16-8947-4685-9d94-a389233cba74/train2022_000000001916_right_body.jpg,train2022_000000001916,right_body,2,True,box_center,2,0.93359375,0.6667558099794942,47ed01aafde42a73aae5373b2cde7902b9274d0f8f8dc5232dc40f10d6068bfe
4005,hyena/cropped_images/right body/fa2abd16-8947-4685-9d94-a389233cba74/train2022_000000002413_right_body.jpg,train2022_000000002413,right_body,2,True,center,0,0.984375,0.5386877828054298,628ecc6c4a0ca46684db5a9c27e2573af998f3542b2baa1b19c53dd19ca23974
4006,hyena/cropped_images/right body/fa2abd16-8947-4685-9d94-a389233cba74/train2022_000000002572_right_body.jpg,train2022_000000002572,right_body,2,True,box_center,0,0.875,0.7902602226195887,2d6ed4013c49fe0836dec4eb0efdc7146f4c30a05d2d35ac71dfad0e57f38c0e
4007,hyena/cropped_images/right body/fac82e27-beb0-4e8e-bf1f-13a381f0d459/train2022_000000000887_right_body.jpg,train2022_000000000887,right_body,2,True,center,0,0.9609375,0.5813462033080089,d15f574502b07774e9806884b640361c14b9f31bc0e1e496b8d16460e44a3560
4008,hyena/cropped_images/right body/fac82e27-beb0-4e8e-bf1f-13a381f0d459/train2022_000000001397_right_body.jpg,train2022_000000001397,right_body,2,False,box_center,2,0.83203125,0.5731846668795806,
4009,hyena/cropped_images/right body/fac82e27-beb0-4e8e-bf1f-13a381f0d459/train2022_000000001773_right_body.jpg,train2022_000000001773,right_body,2,True,box_center,2,0.93359375,0.6100005677217327,f36c0ed78718ac938282ec4a2c8e5fd8035f5cc378082b8892f31293c1bcc276
4010,hyena/cropped_images/right body/fac82e27-beb0-4e8e-bf1f-13a381f0d459/train2022_000000002987_right_body.jpg,train2022_000000002987,right_body,2,True,center,0,0.98828125,0.6369421109036852,3e5b99763fd498b068b48036aaf18a68ca190da56e73743c812303e857a2b260
4011,hyena/cropped_images/right body/faf75b6e-88a9-4213-ad92-b3c8d1accdfc/train2022_000000001884_right_body.jpg,train2022_000000001884,right_body,2,True,center,0,0.94140625,0.48718453307963483,f807d6afba304e1239bb02913e3968a72c8b1f42232178e2debea4cda25e09c5
4012,hyena/cropped_images/right body/faf75b6e-88a9-4213-ad92-b3c8d1accdfc/train2022_000000001957_right_body.jpg,train2022_000000001957,right_body,2,True,center,0,0.98046875,0.5132365441760433,84b20e7a4bee0714e39480b99096ae6b94a84271afa99913c25a8009eac91254
4013,hyena/cropped_images/right body/faf75b6e-88a9-4213-ad92-b3c8d1accdfc/train2022_000000003060_right_body.jpg,train2022_000000003060,right_body,2,True,center,0,0.96875,0.6122010305617588,7c675d7f776d4dae7f60b9eabe83cc454de170cda0135e6263b2267d9fd7732c
4014,hyena/cropped_images/right body/fb14f620-2472-467f-a38d-b2d0a2b8081c/train2022_000000000238_right_body.jpg,train2022_000000000238,right_body,2,True,box_center,2,0.890625,0.483687661525255,2b1e4ea8ae18101c33399b679b279ed32dab7dddc76bc5c3647e45afd7361456
4015,hyena/cropped_images/right body/fb14f620-2472-467f-a38d-b2d0a2b8081c/train2022_000000000440_right_body.jpg,train2022_000000000440,right_body,2,True,center,0,0.984375,0.5648393371282885,f882cfac849fa87fbec72b30709c89d26b69ee6be37be149223c9fb4ea3d651b
4016,hyena/cropped_images/right body/fb14f620-2472-467f-a38d-b2d0a2b8081c/train2022_000000000625_right_body.jpg,train2022_000000000625,right_body,2,True,center,0,0.984375,0.6875050563888484,32e499845633a28b53f78196a68216590c9129219c1ca4262d349b35af87bbf2
4017,hyena/cropped_images/right body/fb14f620-2472-467f-a38d-b2d0a2b8081c/train2022_000000000826_right_body.jpg,train2022_000000000826,right_body,2,True,center,0,0.98828125,0.6368881444258329,5e66a8aea626e8e3c9248c45c3a2461e43d69b4d4751a77aefcdf4e66bb623ea
4018,hyena/cropped_images/right body/fb14f620-2472-467f-a38d-b2d0a2b8081c/train2022_000000001674_right_body.jpg,train2022_000000001674,right_body,2,True,box_center,2,0.97265625,0.4234081099753365,5e8f098be1f6e47c9afbfdb2e2e565a782eb96ff2a88831b9ed4f095827e43cc
4019,hyena/cropped_images/right body/fb14f620-2472-467f-a38d-b2d0a2b8081c/train2022_000000001859_right_body.jpg,train2022_000000001859,right_body,2,True,box_center,2,0.88671875,0.5741203709117272,25d7d31731343e9a981ce50fef56c88079db6208c6784b97de6f584b69e5d075
4020,hyena/cropped_images/right body/fb14f620-2472-467f-a38d-b2d0a2b8081c/train2022_000000002129_right_body.jpg,train2022_000000002129,right_body,2,True,box_center,2,0.92578125,0.4990361171243022,15ec29c1081b0699208c1d239bbe2c53a0d4d4ccf625fab97307e0108429eb31
4021,hyena/cropped_images/right body/fb14f620-2472-467f-a38d-b2d0a2b8081c/train2022_000000002382_right_body.jpg,train2022_000000002382,right_body,2,True,center,0,0.98828125,0.7306874557051737,815866041b5fc74dcc5a0bc7c5a1b3ddea21a173d82b4f7a771636eb15cfb7df
4022,hyena/cropped_images/right body/fb14f620-2472-467f-a38d-b2d0a2b8081c/train2022_000000002705_right_body.jpg,train2022_000000002705,right_body,2,True,center,0,0.984375,0.7424474274662276,3da014e1f4bc9e88d51ec7d7c379438e430897016f2874b975dd0b22251771f1
4023,hyena/cropped_images/right body/fb14f620-2472-467f-a38d-b2d0a2b8081c/train2022_000000002803_right_body.jpg,train2022_000000002803,right_body,2,True,center,0,0.93359375,0.5404606361165419,52b9c5145c664acd1412ec22ad4397c617923301fd5dbf49b75e70a564063a6d
4024,hyena/cropped_images/right body/fb14f620-2472-467f-a38d-b2d0a2b8081c/train2022_000000002901_right_body.jpg,train2022_000000002901,right_body,2,False,center,0,0.76953125,0.7312640351314936,
4025,hyena/cropped_images/right body/fd17ea5e-9fc6-4027-9f2f-5d5a5e67d653/train2022_000000000424_right_body.jpg,train2022_000000000424,right_body,2,True,box_center,2,0.97265625,0.4435409522003655,677e1f1e49815038035e7c0f51fb7978b4689130cc0170b70490a47328fdd2cf
4026,hyena/cropped_images/right body/fd17ea5e-9fc6-4027-9f2f-5d5a5e67d653/train2022_000000002014_right_body.jpg,train2022_000000002014,right_body,2,True,box_center,2,0.94140625,0.468336409625376,a3b282d6dd05da319e60aeb3eb69dd66639961d965791273a0d83e5eff01a4b8
4027,hyena/cropped_images/right body/fd17ea5e-9fc6-4027-9f2f-5d5a5e67d653/train2022_000000002908_right_body.jpg,train2022_000000002908,right_body,2,True,center,0,0.9765625,0.6372483917825275,13fa8ab3c52da86d29a79093b33ac2e6821aecf58eeb89b52e84336aa12f0e60
4028,hyena/cropped_images/right body/fd56348b-a8c7-4635-800f-bf5f8c3dd4a0/train2022_000000000594_right_body.jpg,train2022_000000000594,right_body,2,True,box_center,0,0.9140625,0.7116744705949014,b6875da15ae6e29d32305e29d415aab7c3903f152d7efcfd11d1bcb72848ec47
4029,hyena/cropped_images/right body/fd56348b-a8c7-4635-800f-bf5f8c3dd4a0/train2022_000000001084_right_body.jpg,train2022_000000001084,right_body,2,True,center,0,0.96484375,0.54474662889166,e83771fd4ea0f6cfc7f33e634256279a777add2db1c8c5dee6616f154a738c4e
4030,hyena/cropped_images/right body/fd56348b-a8c7-4635-800f-bf5f8c3dd4a0/train2022_000000001297_right_body.jpg,train2022_000000001297,right_body,2,True,center,2,0.9609375,0.6199222199993168,55ece55de9d06d8581a8b873ae61c2141a13f8c5758241d59e30b8d958799d3f
4031,hyena/cropped_images/right body/fd56348b-a8c7-4635-800f-bf5f8c3dd4a0/train2022_000000001380_right_body.jpg,train2022_000000001380,right_body,2,True,center,0,0.95703125,0.7112764699525115,cd36968ad17938d3ab41ac3e5deef35e491412c8a3ebfad413b823fb4d043749
4032,hyena/cropped_images/right body/fd56348b-a8c7-4635-800f-bf5f8c3dd4a0/train2022_000000001586_right_body.jpg,train2022_000000001586,right_body,2,True,center,0,0.9453125,0.665859832305015,81159791497e422b3b5480bd660933ad9e85a95ff6384f97b379c54e017cc42f
4033,hyena/cropped_images/right body/fd56348b-a8c7-4635-800f-bf5f8c3dd4a0/train2022_000000001645_right_body.jpg,train2022_000000001645,right_body,2,True,box_center,2,0.96875,0.5521896299997657,12d7b2b64048b50bc410cad8c2794c869c916a7d0b61d07e5ddaf974cdb00883
4034,hyena/cropped_images/right body/fd56348b-a8c7-4635-800f-bf5f8c3dd4a0/train2022_000000001677_right_body.jpg,train2022_000000001677,right_body,2,True,box_center,2,0.95703125,0.5940019520517048,0bf8ee493bbebaa3ec4021b259486e404b530c40114dbbe09c6210d5c0f7dded
4035,hyena/cropped_images/right body/fd56348b-a8c7-4635-800f-bf5f8c3dd4a0/train2022_000000001691_right_body.jpg,train2022_000000001691,right_body,2,True,box_center,2,0.91015625,0.6025012590229981,0340d3cfecc69c78077e9bda82cc26a933eeebad98338ba2cc6d07c008fadd57
4036,hyena/cropped_images/right body/fd56348b-a8c7-4635-800f-bf5f8c3dd4a0/train2022_000000001750_right_body.jpg,train2022_000000001750,right_body,2,True,center,2,0.97265625,0.5506820550188437,039f3dc575ecc48101d5b139ef0e50d6c9cbf10f0670e50e193d418a52ccdc5d
4037,hyena/cropped_images/right body/fd56348b-a8c7-4635-800f-bf5f8c3dd4a0/train2022_000000001770_right_body.jpg,train2022_000000001770,right_body,2,True,center,0,0.9609375,0.5276979947005136,2354da3a891e3771fb5ca83e160b15934a5ed9d1fb80c8eb2f39fdeb4de650d3
4038,hyena/cropped_images/right body/fd56348b-a8c7-4635-800f-bf5f8c3dd4a0/train2022_000000003008_right_body.jpg,train2022_000000003008,right_body,2,True,center,0,0.9765625,0.5717346795131086,fd11667655361d720ba55d3415bab0f1b135f4f3e5b8c4d0a75005771d966d1b
4039,hyena/cropped_images/right body/fdcab2e1-312d-4116-bdef-7bfdfcefe705/train2022_000000000009_right_body.jpg,train2022_000000000009,right_body,2,True,center,0,0.9765625,0.5942293551488954,0634f4bb4061f5030dddd3186a649fd3824fe0446bfb09023760424afd0cdd9b
4040,hyena/cropped_images/right body/fdcab2e1-312d-4116-bdef-7bfdfcefe705/train2022_000000000122_right_body.jpg,train2022_000000000122,right_body,2,True,box_center,2,0.90625,0.589097222534398,4fcad4ba8e0e546fb4fe9ddf5bc52dbae2778ce3e92bb7cce5df5b1a2556f833
4041,hyena/cropped_images/right body/fdcab2e1-312d-4116-bdef-7bfdfcefe705/train2022_000000002285_right_body.jpg,train2022_000000002285,right_body,2,False,box_center,0,0.78515625,0.7657942430971424,
4042,hyena/cropped_images/right body/fdcab2e1-312d-4116-bdef-7bfdfcefe705/train2022_000000002304_right_body.jpg,train2022_000000002304,right_body,2,True,box_center,2,0.89453125,0.5528325007461278,578fd366a855359a91bb992b6d9aec289407b41e2fc703da3a84e713b14a336f
4043,hyena/cropped_images/right body/fdcab2e1-312d-4116-bdef-7bfdfcefe705/train2022_000000002857_right_body.jpg,train2022_000000002857,right_body,2,True,box_center,2,0.953125,0.576948343079922,1aba554803cd1ecb920063d6adb02eb2a242a98d69f6dced38f1725ee1ed5de4
4044,hyena/cropped_images/right body/fe44d727-75e4-4452-9428-95a5f3c7ea73/train2022_000000000186_right_body.jpg,train2022_000000000186,right_body,2,True,box_center,2,0.91015625,0.467346213108925,6ab5f2089905b692117a73ee385b9d3d5d643c7e85b77872bf9e3bd3090dea3d
4045,hyena/cropped_images/right body/fe44d727-75e4-4452-9428-95a5f3c7ea73/train2022_000000001591_right_body.jpg,train2022_000000001591,right_body,2,False,box_center,2,0.82421875,0.5509130685390904,
4046,hyena/cropped_images/right body/fee1977a-deac-4eb4-a1ba-5a5f669a9817/train2022_000000000053_right_body.jpg,train2022_000000000053,right_body,2,True,center,0,0.98828125,0.6046387813647012,ab31cd1636b61057e668a9f36115770c4429e1181a22378aa5fce13b36517f0d
4047,hyena/cropped_images/right body/fee1977a-deac-4eb4-a1ba-5a5f669a9817/train2022_000000000605_right_body.jpg,train2022_000000000605,right_body,2,True,center,0,0.96484375,0.6015536240255341,f2ad2e20c4cfa765aafc8dc32b8cef6980f59b68b3dd1e56866f819f45df8bb3
4048,hyena/cropped_images/right body/fee1977a-deac-4eb4-a1ba-5a5f669a9817/train2022_000000000743_right_body.jpg,train2022_000000000743,right_body,2,True,box_center,0,0.89453125,0.8843136381095471,3e07c4088039ab46d680b3dc475a685e8e8ef334a9dcad7826218e8915d23df8
4049,hyena/cropped_images/right body/fee1977a-deac-4eb4-a1ba-5a5f669a9817/train2022_000000000830_right_body.jpg,train2022_000000000830,right_body,2,True,center,0,0.9453125,0.4593046398744991,b3d4b10443e567fa1e509fdda1fdb90564bd4328a5b75de7deec661deef79d4e
4050,hyena/cropped_images/right body/fee1977a-deac-4eb4-a1ba-5a5f669a9817/train2022_000000000832_right_body.jpg,train2022_000000000832,right_body,2,True,center,0,0.98046875,0.6010339574662045,099b4394847856b6e2f5adbb95ee17498a340c301f63d30d4d5c3d00b3793e3d
4051,hyena/cropped_images/right body/fee1977a-deac-4eb4-a1ba-5a5f669a9817/train2022_000000001094_right_body.jpg,train2022_000000001094,right_body,2,True,box_center,2,0.91796875,0.5138716179768901,e7a89b4a79e3bb5639f136f174f06f319d94c3b4715efdc10ccc22b3b63054b6
4052,hyena/cropped_images/right body/fee1977a-deac-4eb4-a1ba-5a5f669a9817/train2022_000000001154_right_body.jpg,train2022_000000001154,right_body,2,False,box_center,2,0.84375,0.30338246383766365,
4053,hyena/cropped_images/right body/fee1977a-deac-4eb4-a1ba-5a5f669a9817/train2022_000000001226_right_body.jpg,train2022_000000001226,right_body,2,True,box_center,0,0.93359375,0.8438499441320316,1b19df31f76c92ccc35b1c6deef9862cc5208aeff25113f83ceaa2a8fdc8dcd9
4054,hyena/cropped_images/right body/fee1977a-deac-4eb4-a1ba-5a5f669a9817/train2022_000000001439_right_body.jpg,train2022_000000001439,right_body,2,True,box_center,2,0.87109375,0.5963676867012779,eefb0a0057838224a3918683ad17240c48b562ff7aca5deae472ef977877a07f
4055,hyena/cropped_images/right body/fee1977a-deac-4eb4-a1ba-5a5f669a9817/train2022_000000001443_right_body.jpg,train2022_000000001443,right_body,2,True,center,0,0.94140625,0.49659928128884673,3882736caa2955b0103aa59ef09704710760b11862d1dbb9bd58f31444c64bcf
4056,hyena/cropped_images/right body/fee1977a-deac-4eb4-a1ba-5a5f669a9817/train2022_000000001576_right_body.jpg,train2022_000000001576,right_body,2,False,box_center,2,0.83203125,0.5491878384006664,
4057,hyena/cropped_images/right body/fee1977a-deac-4eb4-a1ba-5a5f669a9817/train2022_000000001687_right_body.jpg,train2022_000000001687,right_body,2,True,center,0,0.984375,0.5591410426280441,507d8143d46389c40c752bb9233f60f0eda9e1a6c41dff2e406f6bf7adc2e1b5
4058,hyena/cropped_images/right body/fee1977a-deac-4eb4-a1ba-5a5f669a9817/train2022_000000001873_right_body.jpg,train2022_000000001873,right_body,2,True,center,0,0.9453125,0.6387240159221583,b3c842b90f72a0176fa0a9295f61d64ae9952969e553d57ac62ba8c5d1b8c8b5
4059,hyena/cropped_images/right body/fee1977a-deac-4eb4-a1ba-5a5f669a9817/train2022_000000002096_right_body.jpg,train2022_000000002096,right_body,2,False,box_center,2,0.796875,0.677695,
4060,hyena/cropped_images/right body/fee1977a-deac-4eb4-a1ba-5a5f669a9817/train2022_000000002117_right_body.jpg,train2022_000000002117,right_body,2,False,box_center,2,0.8125,0.5894834352525866,
4061,hyena/cropped_images/right body/fee1977a-deac-4eb4-a1ba-5a5f669a9817/train2022_000000002242_right_body.jpg,train2022_000000002242,right_body,2,True,box_center,2,0.94921875,0.5064342591714854,06e61ff0ebd1bdf11db5d3ffc7f1f40f951228a7d6ee4f8ba3d6073321463219
4062,hyena/cropped_images/right body/fee1977a-deac-4eb4-a1ba-5a5f669a9817/train2022_000000002562_right_body.jpg,train2022_000000002562,right_body,2,False,box_center,2,0.8046875,0.3929680764577704,
4063,hyena/cropped_images/right body/fee1977a-deac-4eb4-a1ba-5a5f669a9817/train2022_000000002595_right_body.jpg,train2022_000000002595,right_body,2,True,center,0,0.97265625,0.47588644607298836,864c5d81e8af044edc44660a8d7c7bb56acf7e5a94e8c33987e23cf4dfa51af8
4064,hyena/cropped_images/right body/fee1977a-deac-4eb4-a1ba-5a5f669a9817/train2022_000000002760_right_body.jpg,train2022_000000002760,right_body,2,True,box_center,2,0.875,0.6314764757644257,5238d0f242b332737e61ad1a5cbf49a373937b34207c94112cf93f7bc37516c3
4065,hyena/cropped_images/right body/fee1977a-deac-4eb4-a1ba-5a5f669a9817/train2022_000000002982_right_body.jpg,train2022_000000002982,right_body,2,True,center,0,0.984375,0.574941216253411,04e0bb167824b37222cfb3cd716f9b350becbb9de6f9739c1045e56b74670602
4066,hyena/cropped_images/right body/fee1977a-deac-4eb4-a1ba-5a5f669a9817/train2022_000000003043_right_body.jpg,train2022_000000003043,right_body,2,True,box_center,2,0.88671875,0.4425362005099341,6d305bbc226f4c1d6ea96f15a36b30a020ba332d587d0a7fd48cb93692d880df
